solid OpenSCAD_Model
  facet normal 0 0 -1
    outer loop
      vertex -16.16 -14.965 0
      vertex -14.16 -13.11289603960396 0
      vertex -14.16 -14.965 0
    endloop
  endfacet
  facet normal 0 -1 0
    outer loop
      vertex -16.16 -14.965 0
      vertex -14.16 -14.965 0
      vertex -14.16 -14.965 2
    endloop
  endfacet
  facet normal -1 0 0
    outer loop
      vertex -16.16 -14.965 0
      vertex -16.16 -6.299999999999999 3
      vertex -16.16 -5.1 3
    endloop
  endfacet
  facet normal -1 0 0
    outer loop
      vertex -16.16 -14.965 0
      vertex -16.16 -14.965 7.959999999999999
      vertex -16.16 -6.299999999999999 3
    endloop
  endfacet
  facet normal 0 -1 0
    outer loop
      vertex -16.16 -14.965 0
      vertex -14.16 -14.965 2
      vertex -14.16 -14.965 7.959999999999999
    endloop
  endfacet
  facet normal 1 0 0
    outer loop
      vertex -14.16 -14.965 2
      vertex -14.16 -6.299999999999999 3
      vertex -14.16 -11.15111111111111 6.359999999999999
    endloop
  endfacet
  facet normal -1 0 0
    outer loop
      vertex -16.16 -14.965 0
      vertex -16.16 -5.1 3
      vertex -16.16 5.1 3
    endloop
  endfacet
  facet normal -1 0 0
    outer loop
      vertex -16.16 -14.965 0
      vertex -16.16 5.1 3
      vertex -16.16 6.299999999999999 3
    endloop
  endfacet
  facet normal 1 0 0
    outer loop
      vertex -14.16 -14.965 2
      vertex -14.16 14.965 2
      vertex -14.16 -6.299999999999999 3
    endloop
  endfacet
  facet normal 0 -1 0
    outer loop
      vertex -16.16 -14.965 0
      vertex -14.16 -14.965 7.959999999999999
      vertex -16.16 -14.965 7.959999999999999
    endloop
  endfacet
  facet normal 1 0 0
    outer loop
      vertex -14.16 -14.965 2
      vertex -14.16 -11.15111111111111 6.359999999999999
      vertex -14.16 -14.965 7.959999999999999
    endloop
  endfacet
  facet normal -1 0 0
    outer loop
      vertex -16.16 -6.299999999999999 3
      vertex -16.16 -14.965 7.959999999999999
      vertex -16.16 -10.475499999999998 6.359999999999999
    endloop
  endfacet
  facet normal -1 0 0
    outer loop
      vertex -16.16 -6.299999999999999 3
      vertex -16.16 -10.475499999999998 6.359999999999999
      vertex -16.16 -6.299999999999999 6.359999999999999
    endloop
  endfacet
  facet normal 1 0 0
    outer loop
      vertex -14.16 -6.299999999999999 3
      vertex -14.16 -6.299999999999999 6.359999999999999
      vertex -14.16 -11.15111111111111 6.359999999999999
    endloop
  endfacet
  facet normal -1 0 0
    outer loop
      vertex -16.16 -14.965 7.959999999999999
      vertex -16.16 -10.475499999999998 7.359999999999999
      vertex -16.16 -10.475499999999998 6.359999999999999
    endloop
  endfacet
  facet normal 0 0 1
    outer loop
      vertex -16.16 -14.965 7.959999999999999
      vertex -14.16 -14.965 7.959999999999999
      vertex -16.16 -6.299999999999999 7.959999999999999
    endloop
  endfacet
  facet normal 1 0 0
    outer loop
      vertex -14.16 -14.965 7.959999999999999
      vertex -14.16 -11.15111111111111 6.359999999999999
      vertex -14.16 -11.15111111111111 7.959999999999999
    endloop
  endfacet
  facet normal -1 0 0
    outer loop
      vertex -16.16 -14.965 7.959999999999999
      vertex -16.16 -6.299999999999999 7.959999999999999
      vertex -16.16 -10.475499999999998 7.359999999999999
    endloop
  endfacet
  facet normal -1 0 0
    outer loop
      vertex -16.16 -6.299999999999999 7.959999999999999
      vertex -16.16 -6.299999999999999 7.359999999999999
      vertex -16.16 -10.475499999999998 7.359999999999999
    endloop
  endfacet
  facet normal 0 0 1
    outer loop
      vertex -14.16 -14.965 7.959999999999999
      vertex -14.16 -11.15111111111111 7.959999999999999
      vertex -16.16 -6.299999999999999 7.959999999999999
    endloop
  endfacet
  facet normal 0 0 1
    outer loop
      vertex -16.16 -6.299999999999999 7.959999999999999
      vertex -14.16 -11.15111111111111 7.959999999999999
      vertex -14.16 -6.299999999999999 7.959999999999999
    endloop
  endfacet
  facet normal 1 0 0
    outer loop
      vertex -14.16 -5.1 3
      vertex -14.16 -2.1511111111111108 6.359999999999999
      vertex -14.16 -5.1 6.359999999999999
    endloop
  endfacet
  facet normal -1 0 0
    outer loop
      vertex -16.16 -5.1 3
      vertex -16.16 -5.1 6.359999999999999
      vertex -16.16 5.1 6.359999999999999
    endloop
  endfacet
  facet normal 1 0 0
    outer loop
      vertex -14.16 -5.1 3
      vertex -14.16 2.1511111111111108 7.959999999999999
      vertex -14.16 -2.1511111111111108 6.359999999999999
    endloop
  endfacet
  facet normal 1 0 0
    outer loop
      vertex -14.16 -5.1 3
      vertex -14.16 2.1511111111111108 6.359999999999999
      vertex -14.16 2.1511111111111108 7.959999999999999
    endloop
  endfacet
  facet normal -1 0 0
    outer loop
      vertex -16.16 -5.1 7.959999999999999
      vertex -16.16 5.1 7.959999999999999
      vertex -16.16 -5.1 7.359999999999999
    endloop
  endfacet
  facet normal 0 0 1
    outer loop
      vertex -16.16 -5.1 7.959999999999999
      vertex -14.16 -5.1 7.959999999999999
      vertex -16.16 5.1 7.959999999999999
    endloop
  endfacet
  facet normal 1 0 0
    outer loop
      vertex -14.16 2.1511111111111108 7.959999999999999
      vertex -14.16 -2.1511111111111108 7.959999999999999
      vertex -14.16 -2.1511111111111108 6.359999999999999
    endloop
  endfacet
  facet normal 0 0 1
    outer loop
      vertex -16.16 5.1 7.959999999999999
      vertex -14.16 -5.1 7.959999999999999
      vertex -14.16 -2.1511111111111108 7.959999999999999
    endloop
  endfacet
  facet normal -1 0 0
    outer loop
      vertex -16.16 -14.965 0
      vertex -16.16 6.299999999999999 3
      vertex -16.16 14.965 0
    endloop
  endfacet
  facet normal 0 0 -1
    outer loop
      vertex -16.16 -14.965 0
      vertex -16.16 14.965 0
      vertex -14.16 14.965 0
    endloop
  endfacet
  facet normal 1 0 0
    outer loop
      vertex -14.16 -6.299999999999999 3
      vertex -14.16 14.965 2
      vertex -14.16 -5.1 3
    endloop
  endfacet
  facet normal 1 0 0
    outer loop
      vertex -14.16 -5.1 3
      vertex -14.16 14.965 2
      vertex -14.16 5.1 3
    endloop
  endfacet
  facet normal 1 0 0
    outer loop
      vertex -14.16 5.1 3
      vertex -14.16 14.965 2
      vertex -14.16 6.299999999999999 3
    endloop
  endfacet
  facet normal 0 1 0
    outer loop
      vertex -16.16 14.965 0
      vertex -16.16 14.965 7.959999999999999
      vertex -14.16 14.965 0
    endloop
  endfacet
  facet normal -1 0 0
    outer loop
      vertex -16.16 6.299999999999999 3
      vertex -16.16 14.965 7.959999999999999
      vertex -16.16 14.965 0
    endloop
  endfacet
  facet normal 0 1 0
    outer loop
      vertex -14.16 14.965 0
      vertex -16.16 14.965 7.959999999999999
      vertex -14.16 14.965 2
    endloop
  endfacet
  facet normal -1 0 0
    outer loop
      vertex -16.16 -5.1 3
      vertex -16.16 5.1 6.359999999999999
      vertex -16.16 5.1 3
    endloop
  endfacet
  facet normal 1 0 0
    outer loop
      vertex -14.16 -5.1 3
      vertex -14.16 5.1 3
      vertex -14.16 2.1511111111111108 6.359999999999999
    endloop
  endfacet
  facet normal 1 0 0
    outer loop
      vertex -14.16 5.1 3
      vertex -14.16 5.1 6.359999999999999
      vertex -14.16 2.1511111111111108 6.359999999999999
    endloop
  endfacet
  facet normal -1 0 0
    outer loop
      vertex -16.16 5.1 7.959999999999999
      vertex -16.16 5.1 7.359999999999999
      vertex -16.16 -5.1 7.359999999999999
    endloop
  endfacet
  facet normal 0 0 1
    outer loop
      vertex -16.16 5.1 7.959999999999999
      vertex -14.16 -2.1511111111111108 7.959999999999999
      vertex -14.16 2.1511111111111108 7.959999999999999
    endloop
  endfacet
  facet normal 0 0 1
    outer loop
      vertex -16.16 5.1 7.959999999999999
      vertex -14.16 2.1511111111111108 7.959999999999999
      vertex -14.16 5.1 7.959999999999999
    endloop
  endfacet
  facet normal -1 0 0
    outer loop
      vertex -16.16 6.299999999999999 3
      vertex -16.16 6.299999999999999 6.359999999999999
      vertex -16.16 10.475499999999998 6.359999999999999
    endloop
  endfacet
  facet normal -1 0 0
    outer loop
      vertex -16.16 6.299999999999999 3
      vertex -16.16 10.475499999999998 6.359999999999999
      vertex -16.16 14.965 7.959999999999999
    endloop
  endfacet
  facet normal 1 0 0
    outer loop
      vertex -14.16 6.299999999999999 3
      vertex -14.16 11.15111111111111 6.359999999999999
      vertex -14.16 6.299999999999999 6.359999999999999
    endloop
  endfacet
  facet normal 1 0 0
    outer loop
      vertex -14.16 6.299999999999999 3
      vertex -14.16 14.965 7.959999999999999
      vertex -14.16 11.15111111111111 6.359999999999999
    endloop
  endfacet
  facet normal 1 0 0
    outer loop
      vertex -14.16 6.299999999999999 3
      vertex -14.16 14.965 2
      vertex -14.16 14.965 7.959999999999999
    endloop
  endfacet
  facet normal 0 1 0
    outer loop
      vertex -14.16 14.965 2
      vertex -16.16 14.965 7.959999999999999
      vertex -14.16 14.965 7.959999999999999
    endloop
  endfacet
  facet normal -1 0 0
    outer loop
      vertex -16.16 6.299999999999999 7.959999999999999
      vertex -16.16 10.475499999999998 7.359999999999999
      vertex -16.16 6.299999999999999 7.359999999999999
    endloop
  endfacet
  facet normal 0 0 1
    outer loop
      vertex -16.16 6.299999999999999 7.959999999999999
      vertex -14.16 6.299999999999999 7.959999999999999
      vertex -16.16 14.965 7.959999999999999
    endloop
  endfacet
  facet normal -1 0 0
    outer loop
      vertex -16.16 6.299999999999999 7.959999999999999
      vertex -16.16 14.965 7.959999999999999
      vertex -16.16 10.475499999999998 7.359999999999999
    endloop
  endfacet
  facet normal 0 0 1
    outer loop
      vertex -16.16 14.965 7.959999999999999
      vertex -14.16 6.299999999999999 7.959999999999999
      vertex -14.16 11.15111111111111 7.959999999999999
    endloop
  endfacet
  facet normal -1 0 0
    outer loop
      vertex -16.16 14.965 7.959999999999999
      vertex -16.16 10.475499999999998 6.359999999999999
      vertex -16.16 10.475499999999998 7.359999999999999
    endloop
  endfacet
  facet normal 1 0 0
    outer loop
      vertex -14.16 14.965 7.959999999999999
      vertex -14.16 11.15111111111111 7.959999999999999
      vertex -14.16 11.15111111111111 6.359999999999999
    endloop
  endfacet
  facet normal 0 0 1
    outer loop
      vertex -16.16 14.965 7.959999999999999
      vertex -14.16 11.15111111111111 7.959999999999999
      vertex -14.16 14.965 7.959999999999999
    endloop
  endfacet
  facet normal 0 -1 0
    outer loop
      vertex 14.16 -14.965 0
      vertex 16.16 -14.965 0
      vertex 16.16 -14.965 7.959999999999999
    endloop
  endfacet
  facet normal 0 -1 0
    outer loop
      vertex 14.16 -14.965 0
      vertex 16.16 -14.965 7.959999999999999
      vertex 14.16 -14.965 2
    endloop
  endfacet
  facet normal 1 0 0
    outer loop
      vertex 16.16 -14.965 0
      vertex 16.16 -6.299999999999999 3
      vertex 16.16 -14.965 7.959999999999999
    endloop
  endfacet
  facet normal -1 0 0
    outer loop
      vertex 14.16 -14.965 2
      vertex 14.16 -6.299999999999999 3
      vertex 14.16 -5.1 3
    endloop
  endfacet
  facet normal 1 0 0
    outer loop
      vertex 16.16 -14.965 0
      vertex 16.16 14.965 0
      vertex 16.16 -6.299999999999999 3
    endloop
  endfacet
  facet normal -1 0 0
    outer loop
      vertex 14.16 -14.965 2
      vertex 14.16 -5.1 3
      vertex 14.16 5.1 3
    endloop
  endfacet
  facet normal -1 0 0
    outer loop
      vertex 14.16 -14.965 2
      vertex 14.16 5.1 3
      vertex 14.16 6.299999999999999 3
    endloop
  endfacet
  facet normal -1 0 0
    outer loop
      vertex 14.16 -14.965 2
      vertex 14.16 -14.965 7.959999999999999
      vertex 14.16 -6.299999999999999 3
    endloop
  endfacet
  facet normal 0 -1 0
    outer loop
      vertex 14.16 -14.965 2
      vertex 16.16 -14.965 7.959999999999999
      vertex 14.16 -14.965 7.959999999999999
    endloop
  endfacet
  facet normal -1 0 0
    outer loop
      vertex 14.16 -6.299999999999999 3
      vertex 14.16 -14.965 7.959999999999999
      vertex 14.16 -11.15111111111111 6.359999999999999
    endloop
  endfacet
  facet normal -1 0 0
    outer loop
      vertex 14.16 -6.299999999999999 3
      vertex 14.16 -11.15111111111111 6.359999999999999
      vertex 14.16 -6.299999999999999 6.359999999999999
    endloop
  endfacet
  facet normal 1 0 0
    outer loop
      vertex 16.16 -6.299999999999999 3
      vertex 16.16 -10.475499999999998 6.359999999999999
      vertex 16.16 -14.965 7.959999999999999
    endloop
  endfacet
  facet normal 1 0 0
    outer loop
      vertex 16.16 -6.299999999999999 3
      vertex 16.16 -6.299999999999999 6.359999999999999
      vertex 16.16 -10.475499999999998 6.359999999999999
    endloop
  endfacet
  facet normal 0 0 1
    outer loop
      vertex 14.16 -14.965 7.959999999999999
      vertex 16.16 -14.965 7.959999999999999
      vertex 14.16 -11.15111111111111 7.959999999999999
    endloop
  endfacet
  facet normal -1 0 0
    outer loop
      vertex 14.16 -14.965 7.959999999999999
      vertex 14.16 -11.15111111111111 7.959999999999999
      vertex 14.16 -11.15111111111111 6.359999999999999
    endloop
  endfacet
  facet normal 1 0 0
    outer loop
      vertex 16.16 -14.965 7.959999999999999
      vertex 16.16 -10.475499999999998 6.359999999999999
      vertex 16.16 -10.475499999999998 7.359999999999999
    endloop
  endfacet
  facet normal 0 0 1
    outer loop
      vertex 16.16 -14.965 7.959999999999999
      vertex 14.16 -6.299999999999999 7.959999999999999
      vertex 14.16 -11.15111111111111 7.959999999999999
    endloop
  endfacet
  facet normal 1 0 0
    outer loop
      vertex 16.16 -14.965 7.959999999999999
      vertex 16.16 -10.475499999999998 7.359999999999999
      vertex 16.16 -6.299999999999999 7.959999999999999
    endloop
  endfacet
  facet normal 1 0 0
    outer loop
      vertex 16.16 -6.299999999999999 7.959999999999999
      vertex 16.16 -10.475499999999998 7.359999999999999
      vertex 16.16 -6.299999999999999 7.359999999999999
    endloop
  endfacet
  facet normal 0 0 1
    outer loop
      vertex 16.16 -14.965 7.959999999999999
      vertex 16.16 -6.299999999999999 7.959999999999999
      vertex 14.16 -6.299999999999999 7.959999999999999
    endloop
  endfacet
  facet normal -1 0 0
    outer loop
      vertex 14.16 -5.1 3
      vertex 14.16 -5.1 6.359999999999999
      vertex 14.16 -2.1511111111111108 6.359999999999999
    endloop
  endfacet
  facet normal -1 0 0
    outer loop
      vertex 14.16 -5.1 3
      vertex 14.16 -2.1511111111111108 6.359999999999999
      vertex 14.16 5.1 3
    endloop
  endfacet
  facet normal 1 0 0
    outer loop
      vertex 16.16 -5.1 3
      vertex 16.16 5.1 3
      vertex 16.16 -5.1 6.359999999999999
    endloop
  endfacet
  facet normal 0 0 1
    outer loop
      vertex 16.16 -5.1 7.959999999999999
      vertex 14.16 -2.1511111111111108 7.959999999999999
      vertex 14.16 -5.1 7.959999999999999
    endloop
  endfacet
  facet normal 0 0 1
    outer loop
      vertex 16.16 -5.1 7.959999999999999
      vertex 14.16 2.1511111111111108 7.959999999999999
      vertex 14.16 -2.1511111111111108 7.959999999999999
    endloop
  endfacet
  facet normal 1 0 0
    outer loop
      vertex 16.16 -5.1 7.959999999999999
      vertex 16.16 -5.1 7.359999999999999
      vertex 16.16 5.1 7.359999999999999
    endloop
  endfacet
  facet normal 1 0 0
    outer loop
      vertex 16.16 -6.299999999999999 3
      vertex 16.16 14.965 0
      vertex 16.16 -5.1 3
    endloop
  endfacet
  facet normal 1 0 0
    outer loop
      vertex 16.16 -5.1 3
      vertex 16.16 14.965 0
      vertex 16.16 5.1 3
    endloop
  endfacet
  facet normal -1 0 0
    outer loop
      vertex 14.16 -14.965 2
      vertex 14.16 6.299999999999999 3
      vertex 14.16 14.965 2
    endloop
  endfacet
  facet normal 1 0 0
    outer loop
      vertex 16.16 5.1 3
      vertex 16.16 14.965 0
      vertex 16.16 11.204949748743719 2
    endloop
  endfacet
  facet normal 0 0 -1
    outer loop
      vertex 14.16 13.11289603960396 0
      vertex 14.16 14.965 0
      vertex 16.16 14.965 0
    endloop
  endfacet
  facet normal 0 1 0
    outer loop
      vertex 14.16 14.965 0
      vertex 14.16 14.965 2
      vertex 16.16 14.965 0
    endloop
  endfacet
  facet normal 1 0 0
    outer loop
      vertex 16.16 14.965 0
      vertex 16.16 14.965 1.5983935742971886
      vertex 16.16 11.204949748743719 2
    endloop
  endfacet
  facet normal 1 0 0
    outer loop
      vertex 16.16 5.1 3
      vertex 16.16 11.204949748743719 2
      vertex 16.16 6.299999999999999 3
    endloop
  endfacet
  facet normal -1 0 0
    outer loop
      vertex 14.16 6.299999999999999 3
      vertex 14.16 11.15111111111111 6.359999999999999
      vertex 14.16 14.965 2
    endloop
  endfacet
  facet normal 0 1 0
    outer loop
      vertex 16.16 14.965 0
      vertex 14.16 14.965 2
      vertex 14.16 14.965 7.959999999999999
    endloop
  endfacet
  facet normal 0 1 0
    outer loop
      vertex 16.16 14.965 0
      vertex 14.16 14.965 7.959999999999999
      vertex 16.16 14.965 1.5983935742971886
    endloop
  endfacet
  facet normal 0 1 0
    outer loop
      vertex 16.16 14.965 1.5983935742971886
      vertex 14.16 14.965 7.959999999999999
      vertex 16.16 14.965 2
    endloop
  endfacet
  facet normal 1 0 0
    outer loop
      vertex 16.16 11.204949748743719 2
      vertex 16.16 14.965 2
      vertex 16.16 14.965 7.959999999999999
    endloop
  endfacet
  facet normal -1 0 0
    outer loop
      vertex 14.16 5.1 3
      vertex 14.16 -2.1511111111111108 6.359999999999999
      vertex 14.16 -2.1511111111111108 7.959999999999999
    endloop
  endfacet
  facet normal -1 0 0
    outer loop
      vertex 14.16 5.1 3
      vertex 14.16 -2.1511111111111108 7.959999999999999
      vertex 14.16 2.1511111111111108 6.359999999999999
    endloop
  endfacet
  facet normal 1 0 0
    outer loop
      vertex 16.16 5.1 3
      vertex 16.16 5.1 6.359999999999999
      vertex 16.16 -5.1 6.359999999999999
    endloop
  endfacet
  facet normal -1 0 0
    outer loop
      vertex 14.16 5.1 3
      vertex 14.16 2.1511111111111108 6.359999999999999
      vertex 14.16 5.1 6.359999999999999
    endloop
  endfacet
  facet normal -1 0 0
    outer loop
      vertex 14.16 -2.1511111111111108 7.959999999999999
      vertex 14.16 2.1511111111111108 7.959999999999999
      vertex 14.16 2.1511111111111108 6.359999999999999
    endloop
  endfacet
  facet normal 0 0 1
    outer loop
      vertex 16.16 -5.1 7.959999999999999
      vertex 14.16 5.1 7.959999999999999
      vertex 14.16 2.1511111111111108 7.959999999999999
    endloop
  endfacet
  facet normal 0 0 1
    outer loop
      vertex 16.16 -5.1 7.959999999999999
      vertex 16.16 5.1 7.959999999999999
      vertex 14.16 5.1 7.959999999999999
    endloop
  endfacet
  facet normal 1 0 0
    outer loop
      vertex 16.16 -5.1 7.959999999999999
      vertex 16.16 5.1 7.359999999999999
      vertex 16.16 5.1 7.959999999999999
    endloop
  endfacet
  facet normal 1 0 0
    outer loop
      vertex 16.16 6.299999999999999 3
      vertex 16.16 11.204949748743719 2
      vertex 16.16 14.965 7.959999999999999
    endloop
  endfacet
  facet normal -1 0 0
    outer loop
      vertex 14.16 6.299999999999999 3
      vertex 14.16 6.299999999999999 6.359999999999999
      vertex 14.16 11.15111111111111 6.359999999999999
    endloop
  endfacet
  facet normal 1 0 0
    outer loop
      vertex 16.16 6.299999999999999 3
      vertex 16.16 10.475499999999998 6.359999999999999
      vertex 16.16 6.299999999999999 6.359999999999999
    endloop
  endfacet
  facet normal 1 0 0
    outer loop
      vertex 16.16 6.299999999999999 3
      vertex 16.16 14.965 7.959999999999999
      vertex 16.16 10.475499999999998 6.359999999999999
    endloop
  endfacet
  facet normal -1 0 0
    outer loop
      vertex 14.16 14.965 2
      vertex 14.16 11.15111111111111 6.359999999999999
      vertex 14.16 14.965 7.959999999999999
    endloop
  endfacet
  facet normal 0 1 0
    outer loop
      vertex 16.16 14.965 2
      vertex 14.16 14.965 7.959999999999999
      vertex 16.16 14.965 7.959999999999999
    endloop
  endfacet
  facet normal 0 0 1
    outer loop
      vertex 16.16 6.299999999999999 7.959999999999999
      vertex 14.16 11.15111111111111 7.959999999999999
      vertex 14.16 6.299999999999999 7.959999999999999
    endloop
  endfacet
  facet normal 0 0 1
    outer loop
      vertex 16.16 6.299999999999999 7.959999999999999
      vertex 14.16 14.965 7.959999999999999
      vertex 14.16 11.15111111111111 7.959999999999999
    endloop
  endfacet
  facet normal 1 0 0
    outer loop
      vertex 16.16 6.299999999999999 7.959999999999999
      vertex 16.16 6.299999999999999 7.359999999999999
      vertex 16.16 10.475499999999998 7.359999999999999
    endloop
  endfacet
  facet normal 1 0 0
    outer loop
      vertex 16.16 6.299999999999999 7.959999999999999
      vertex 16.16 10.475499999999998 7.359999999999999
      vertex 16.16 14.965 7.959999999999999
    endloop
  endfacet
  facet normal -1 0 0
    outer loop
      vertex 14.16 14.965 7.959999999999999
      vertex 14.16 11.15111111111111 6.359999999999999
      vertex 14.16 11.15111111111111 7.959999999999999
    endloop
  endfacet
  facet normal 1 0 0
    outer loop
      vertex 16.16 14.965 7.959999999999999
      vertex 16.16 10.475499999999998 7.359999999999999
      vertex 16.16 10.475499999999998 6.359999999999999
    endloop
  endfacet
  facet normal 0 0 1
    outer loop
      vertex 16.16 6.299999999999999 7.959999999999999
      vertex 16.16 14.965 7.959999999999999
      vertex 14.16 14.965 7.959999999999999
    endloop
  endfacet
  facet normal 0 0 1
    outer loop
      vertex -14.16 -14.965 2
      vertex -12.541297736063953 -9.529805393055929 2
      vertex -12.668446406758035 -9.358365256817635 2
    endloop
  endfacet
  facet normal 0 0 1
    outer loop
      vertex -14.16 -14.965 2
      vertex -12.239805393055928 -9.831297736063952 2
      vertex -12.39795724908074 -9.68795724908074 2
    endloop
  endfacet
  facet normal 0 0 1
    outer loop
      vertex -14.16 -14.965 2
      vertex -12.068365256817634 -9.958446406758036 2
      vertex -12.239805393055928 -9.831297736063952 2
    endloop
  endfacet
  facet normal 0 0 1
    outer loop
      vertex -14.16 -14.965 2
      vertex -12.39795724908074 -9.68795724908074 2
      vertex -12.541297736063953 -9.529805393055929 2
    endloop
  endfacet
  facet normal 0 0 1
    outer loop
      vertex -14.16 -14.965 2
      vertex -12.941345230217554 -8.781369173028455 2
      vertex -12.993207984877026 -8.57432145038508 2
    endloop
  endfacet
  facet normal 0 0 1
    outer loop
      vertex -14.16 -14.965 2
      vertex -12.993207984877026 -8.57432145038508 2
      vertex -13.024526780512028 -8.363187280216795 2
    endloop
  endfacet
  facet normal 0 0 1
    outer loop
      vertex -14.16 -14.965 2
      vertex -13.024526780512028 -8.363187280216795 2
      vertex -13.035 -8.15 2
    endloop
  endfacet
  facet normal 0 0 1
    outer loop
      vertex -14.16 -14.965 2
      vertex -13.035 -8.15 2
      vertex -13.024526780512028 -7.936812719783206 2
    endloop
  endfacet
  facet normal 0 0 1
    outer loop
      vertex -14.16 -14.965 2
      vertex -12.668446406758035 -9.358365256817635 2
      vertex -12.778178749957672 -9.175287902596546 2
    endloop
  endfacet
  facet normal 0 0 1
    outer loop
      vertex -14.16 -14.965 2
      vertex -12.778178749957672 -9.175287902596546 2
      vertex -12.869437983212048 -8.98233646539407 2
    endloop
  endfacet
  facet normal 0 0 1
    outer loop
      vertex -14.16 -14.965 2
      vertex -12.869437983212048 -8.98233646539407 2
      vertex -12.941345230217554 -8.781369173028455 2
    endloop
  endfacet
  facet normal 0 0 1
    outer loop
      vertex -14.16 -14.965 2
      vertex -13.024526780512028 -7.936812719783206 2
      vertex -12.993207984877026 -7.725678549614922 2
    endloop
  endfacet
  facet normal 0 0 -1
    outer loop
      vertex -14.16 -14.965 0
      vertex -14.16 -13.11289603960396 0
      vertex -8.5 -14.965 0
    endloop
  endfacet
  facet normal 0 -1 0
    outer loop
      vertex -14.16 -14.965 0
      vertex -8.5 -14.965 1
      vertex -14.16 -14.965 2
    endloop
  endfacet
  facet normal 0 0 -1
    outer loop
      vertex -14.16 -13.11289603960396 0
      vertex -10.16 -9.965 0
      vertex -8.5 -14.965 0
    endloop
  endfacet
  facet normal 0 -1 0
    outer loop
      vertex -14.16 -14.965 0
      vertex -8.5 -14.965 0
      vertex -8.5 -14.965 1
    endloop
  endfacet
  facet normal 0 0 -1
    outer loop
      vertex -8.5 -14.965 0
      vertex -10.16 -9.965 0
      vertex -8.5 -9.965 0
    endloop
  endfacet
  facet normal 0 0 1
    outer loop
      vertex -14.16 -14.965 2
      vertex -11.69233646539407 -10.15943798321205 2
      vertex -11.885287902596545 -10.068178749957672 2
    endloop
  endfacet
  facet normal 0 0 1
    outer loop
      vertex -14.16 -14.965 2
      vertex -11.491369173028454 -10.231345230217554 2
      vertex -11.69233646539407 -10.15943798321205 2
    endloop
  endfacet
  facet normal 0 0 1
    outer loop
      vertex -14.16 -14.965 2
      vertex -11.284321450385079 -10.283207984877027 2
      vertex -11.491369173028454 -10.231345230217554 2
    endloop
  endfacet
  facet normal 0 0 1
    outer loop
      vertex -14.16 -14.965 2
      vertex -11.885287902596545 -10.068178749957672 2
      vertex -12.068365256817634 -9.958446406758036 2
    endloop
  endfacet
  facet normal 0 0 1
    outer loop
      vertex -14.16 -14.965 2
      vertex -11.073187280216795 -10.314526780512029 2
      vertex -11.284321450385079 -10.283207984877027 2
    endloop
  endfacet
  facet normal 0 0 1
    outer loop
      vertex -14.16 -14.965 2
      vertex -10.86 -10.325 2
      vertex -11.073187280216795 -10.314526780512029 2
    endloop
  endfacet
  facet normal 0 0 1
    outer loop
      vertex -14.16 -14.965 2
      vertex -10.646812719783204 -10.314526780512029 2
      vertex -10.86 -10.325 2
    endloop
  endfacet
  facet normal 0 0 1
    outer loop
      vertex -14.16 -14.965 2
      vertex -10.43567854961492 -10.283207984877027 2
      vertex -10.646812719783204 -10.314526780512029 2
    endloop
  endfacet
  facet normal 0 0 1
    outer loop
      vertex -14.16 -14.965 2
      vertex -10.228630826971544 -10.231345230217554 2
      vertex -10.43567854961492 -10.283207984877027 2
    endloop
  endfacet
  facet normal 0 0 1
    outer loop
      vertex -14.16 -14.965 2
      vertex -10.02766353460593 -10.15943798321205 2
      vertex -10.228630826971544 -10.231345230217554 2
    endloop
  endfacet
  facet normal 0 0 1
    outer loop
      vertex -14.16 -14.965 2
      vertex -9.834712097403454 -10.068178749957672 2
      vertex -10.02766353460593 -10.15943798321205 2
    endloop
  endfacet
  facet normal 0 0 1
    outer loop
      vertex -14.16 -14.965 2
      vertex -9.651634743182365 -9.958446406758036 2
      vertex -9.834712097403454 -10.068178749957672 2
    endloop
  endfacet
  facet normal 0 0 1
    outer loop
      vertex -14.16 -14.965 2
      vertex -9.480194606944071 -9.831297736063952 2
      vertex -9.651634743182365 -9.958446406758036 2
    endloop
  endfacet
  facet normal 0 0 1
    outer loop
      vertex -14.16 -14.965 2
      vertex -9.322042750919259 -9.68795724908074 2
      vertex -9.480194606944071 -9.831297736063952 2
    endloop
  endfacet
  facet normal 0 0 -1
    outer loop
      vertex -16.16 -14.965 0
      vertex -14.16 14.965 0
      vertex -14.16 -13.11289603960396 0
    endloop
  endfacet
  facet normal 0 0 1
    outer loop
      vertex -14.16 -14.965 2
      vertex -12.993207984877026 -7.725678549614922 2
      vertex -12.993207984877026 7.725678549614922 2
    endloop
  endfacet
  facet normal 0 0 1
    outer loop
      vertex -12.993207984877026 -7.725678549614922 2
      vertex -12.941345230217554 -7.5186308269715445 2
      vertex -12.941345230217554 7.5186308269715445 2
    endloop
  endfacet
  facet normal 0 0 1
    outer loop
      vertex -12.941345230217554 -7.5186308269715445 2
      vertex -12.869437983212048 -7.31766353460593 2
      vertex -12.869437983212048 7.31766353460593 2
    endloop
  endfacet
  facet normal 0 0 1
    outer loop
      vertex -12.869437983212048 -7.31766353460593 2
      vertex -12.778178749957672 -7.124712097403456 2
      vertex -12.778178749957672 7.124712097403456 2
    endloop
  endfacet
  facet normal 0 0 -1
    outer loop
      vertex -14.16 -13.11289603960396 0
      vertex -10.16 9.965 0
      vertex -10.16 -9.965 0
    endloop
  endfacet
  facet normal 0 0 1
    outer loop
      vertex -12.778178749957672 -7.124712097403456 2
      vertex -12.668446406758035 -6.941634743182366 2
      vertex -12.668446406758035 6.941634743182366 2
    endloop
  endfacet
  facet normal 0 0 1
    outer loop
      vertex -12.668446406758035 -6.941634743182366 2
      vertex -12.541297736063953 -6.770194606944072 2
      vertex -12.541297736063953 6.770194606944072 2
    endloop
  endfacet
  facet normal 0 0 1
    outer loop
      vertex -12.541297736063953 -6.770194606944072 2
      vertex -12.39795724908074 -6.61204275091926 2
      vertex -12.39795724908074 6.61204275091926 2
    endloop
  endfacet
  facet normal 0 0 1
    outer loop
      vertex -12.39795724908074 -6.61204275091926 2
      vertex -12.239805393055928 -6.468702263936048 2
      vertex -12.239805393055928 6.468702263936048 2
    endloop
  endfacet
  facet normal 0 0 1
    outer loop
      vertex -12.239805393055928 -6.468702263936048 2
      vertex -12.068365256817634 -6.341553593241965 2
      vertex -12.068365256817634 6.341553593241965 2
    endloop
  endfacet
  facet normal 0 0 1
    outer loop
      vertex -12.068365256817634 -6.341553593241965 2
      vertex -11.885287902596545 -6.231821250042328 2
      vertex -11.885287902596545 6.231821250042328 2
    endloop
  endfacet
  facet normal 0 0 1
    outer loop
      vertex -11.885287902596545 -6.231821250042328 2
      vertex -11.69233646539407 -6.1405620167879515 2
      vertex -11.69233646539407 6.1405620167879515 2
    endloop
  endfacet
  facet normal 0 0 1
    outer loop
      vertex -11.69233646539407 -6.1405620167879515 2
      vertex -11.491369173028454 -6.068654769782446 2
      vertex -11.491369173028454 6.068654769782446 2
    endloop
  endfacet
  facet normal 0 0 1
    outer loop
      vertex -11.491369173028454 -6.068654769782446 2
      vertex -11.284321450385079 -6.016792015122974 2
      vertex -11.284321450385079 6.016792015122974 2
    endloop
  endfacet
  facet normal 0 0 1
    outer loop
      vertex -11.284321450385079 -6.016792015122974 2
      vertex -11.073187280216795 -5.985473219487972 2
      vertex -11.073187280216795 5.985473219487972 2
    endloop
  endfacet
  facet normal 0 0 1
    outer loop
      vertex -11.073187280216795 -5.985473219487972 2
      vertex -10.86 -5.9750000000000005 2
      vertex -10.86 5.9750000000000005 2
    endloop
  endfacet
  facet normal 0 0 1
    outer loop
      vertex -10.86 -5.9750000000000005 2
      vertex -10.646812719783204 -5.985473219487972 2
      vertex -10.646812719783204 5.985473219487972 2
    endloop
  endfacet
  facet normal 0 0 1
    outer loop
      vertex -10.646812719783204 -5.985473219487972 2
      vertex -10.43567854961492 -6.016792015122974 2
      vertex -10.43567854961492 6.016792015122974 2
    endloop
  endfacet
  facet normal 0 0 1
    outer loop
      vertex -10.43567854961492 -6.016792015122974 2
      vertex -10.228630826971544 -6.068654769782446 2
      vertex -10.228630826971544 6.068654769782446 2
    endloop
  endfacet
  facet normal 0 0 1
    outer loop
      vertex -10.228630826971544 -6.068654769782446 2
      vertex -10.02766353460593 -6.1405620167879515 2
      vertex -10.02766353460593 6.1405620167879515 2
    endloop
  endfacet
  facet normal 0 0 1
    outer loop
      vertex -10.02766353460593 -6.1405620167879515 2
      vertex -9.834712097403454 -6.231821250042328 2
      vertex -9.834712097403454 6.231821250042328 2
    endloop
  endfacet
  facet normal 0 0 1
    outer loop
      vertex -9.651634743182365 -6.341553593241965 2
      vertex -9.651634743182365 6.341553593241965 2
      vertex -9.834712097403454 -6.231821250042328 2
    endloop
  endfacet
  facet normal 0 0 1
    outer loop
      vertex -9.651634743182365 -6.341553593241965 2
      vertex -9.480194606944071 -6.468702263936048 2
      vertex -9.480194606944071 6.468702263936048 2
    endloop
  endfacet
  facet normal 0 0 1
    outer loop
      vertex -9.322042750919259 -6.61204275091926 2
      vertex -9.322042750919259 6.61204275091926 2
      vertex -9.480194606944071 -6.468702263936048 2
    endloop
  endfacet
  facet normal 0 0 1
    outer loop
      vertex -9.322042750919259 -6.61204275091926 2
      vertex -9.178702263936046 -6.770194606944072 2
      vertex -9.178702263936046 6.770194606944072 2
    endloop
  endfacet
  facet normal 0 0 1
    outer loop
      vertex -9.178702263936046 -6.770194606944072 2
      vertex -9.051553593241964 -6.941634743182366 2
      vertex -9.051553593241964 6.941634743182366 2
    endloop
  endfacet
  facet normal 0 0 1
    outer loop
      vertex -8.85056201678795 -7.31766353460593 2
      vertex -8.85056201678795 7.31766353460593 2
      vertex -8.941821250042327 -7.124712097403456 2
    endloop
  endfacet
  facet normal 0 0 1
    outer loop
      vertex -8.778654769782445 -7.5186308269715445 2
      vertex -8.778654769782445 7.5186308269715445 2
      vertex -8.85056201678795 -7.31766353460593 2
    endloop
  endfacet
  facet normal 0 0 1
    outer loop
      vertex -8.684999999999999 -8.15 2
      vertex -8.69547321948797 7.936812719783206 2
      vertex -8.69547321948797 -7.936812719783206 2
    endloop
  endfacet
  facet normal 0 0 1
    outer loop
      vertex -8.726792015122973 -7.725678549614922 2
      vertex -8.69547321948797 -7.936812719783206 2
      vertex -8.69547321948797 7.936812719783206 2
    endloop
  endfacet
  facet normal 0 0 1
    outer loop
      vertex -8.726792015122973 -7.725678549614922 2
      vertex -8.726792015122973 7.725678549614922 2
      vertex -8.778654769782445 -7.5186308269715445 2
    endloop
  endfacet
  facet normal 0 0 1
    outer loop
      vertex -8.941821250042327 -7.124712097403456 2
      vertex -8.941821250042327 7.124712097403456 2
      vertex -9.051553593241964 -6.941634743182366 2
    endloop
  endfacet
  facet normal 0 -1 0
    outer loop
      vertex -8.5 -14.965 1
      vertex 14.16 -14.965 2
      vertex -14.16 -14.965 2
    endloop
  endfacet
  facet normal 0 0 1
    outer loop
      vertex -14.16 -14.965 2
      vertex 14.16 14.965 2
      vertex -9.322042750919259 -9.68795724908074 2
    endloop
  endfacet
  facet normal 0 0 1
    outer loop
      vertex -9.322042750919259 -9.68795724908074 2
      vertex 14.16 14.965 2
      vertex -9.178702263936046 -9.529805393055929 2
    endloop
  endfacet
  facet normal 0 0 1
    outer loop
      vertex -9.178702263936046 -9.529805393055929 2
      vertex 14.16 14.965 2
      vertex -9.051553593241964 -9.358365256817635 2
    endloop
  endfacet
  facet normal 0 0 1
    outer loop
      vertex -9.051553593241964 -9.358365256817635 2
      vertex 14.16 14.965 2
      vertex -8.941821250042327 -9.175287902596546 2
    endloop
  endfacet
  facet normal 0 0 1
    outer loop
      vertex -8.941821250042327 -9.175287902596546 2
      vertex 14.16 14.965 2
      vertex -8.85056201678795 -8.98233646539407 2
    endloop
  endfacet
  facet normal 0 0 1
    outer loop
      vertex -8.85056201678795 -8.98233646539407 2
      vertex 14.16 14.965 2
      vertex -8.778654769782445 -8.781369173028455 2
    endloop
  endfacet
  facet normal 0 0 1
    outer loop
      vertex -8.778654769782445 -8.781369173028455 2
      vertex 14.16 14.965 2
      vertex -8.726792015122973 -8.57432145038508 2
    endloop
  endfacet
  facet normal 0 0 1
    outer loop
      vertex -8.726792015122973 -8.57432145038508 2
      vertex 14.16 14.965 2
      vertex -8.69547321948797 -8.363187280216795 2
    endloop
  endfacet
  facet normal 0 0 1
    outer loop
      vertex -8.69547321948797 -8.363187280216795 2
      vertex 14.16 14.965 2
      vertex -8.684999999999999 -8.15 2
    endloop
  endfacet
  facet normal 0 0 1
    outer loop
      vertex -14.16 -14.965 2
      vertex -12.993207984877026 7.725678549614922 2
      vertex -13.024526780512028 7.936812719783206 2
    endloop
  endfacet
  facet normal 0 0 1
    outer loop
      vertex -14.16 -14.965 2
      vertex -13.024526780512028 7.936812719783206 2
      vertex -13.035 8.15 2
    endloop
  endfacet
  facet normal 0 0 1
    outer loop
      vertex -14.16 -14.965 2
      vertex -13.035 8.15 2
      vertex -14.16 14.965 2
    endloop
  endfacet
  facet normal 0 0 1
    outer loop
      vertex -12.993207984877026 -7.725678549614922 2
      vertex -12.941345230217554 7.5186308269715445 2
      vertex -12.993207984877026 7.725678549614922 2
    endloop
  endfacet
  facet normal 0 0 1
    outer loop
      vertex -12.941345230217554 -7.5186308269715445 2
      vertex -12.869437983212048 7.31766353460593 2
      vertex -12.941345230217554 7.5186308269715445 2
    endloop
  endfacet
  facet normal 0 0 1
    outer loop
      vertex -12.869437983212048 -7.31766353460593 2
      vertex -12.778178749957672 7.124712097403456 2
      vertex -12.869437983212048 7.31766353460593 2
    endloop
  endfacet
  facet normal 0 0 -1
    outer loop
      vertex -14.16 -13.11289603960396 0
      vertex -14.16 14.965 0
      vertex -10.16 9.965 0
    endloop
  endfacet
  facet normal 0 0 1
    outer loop
      vertex -12.778178749957672 -7.124712097403456 2
      vertex -12.668446406758035 6.941634743182366 2
      vertex -12.778178749957672 7.124712097403456 2
    endloop
  endfacet
  facet normal 0 0 1
    outer loop
      vertex -12.668446406758035 -6.941634743182366 2
      vertex -12.541297736063953 6.770194606944072 2
      vertex -12.668446406758035 6.941634743182366 2
    endloop
  endfacet
  facet normal 0 0 1
    outer loop
      vertex -12.541297736063953 -6.770194606944072 2
      vertex -12.39795724908074 6.61204275091926 2
      vertex -12.541297736063953 6.770194606944072 2
    endloop
  endfacet
  facet normal 0 0 1
    outer loop
      vertex -12.39795724908074 -6.61204275091926 2
      vertex -12.239805393055928 6.468702263936048 2
      vertex -12.39795724908074 6.61204275091926 2
    endloop
  endfacet
  facet normal 0 0 1
    outer loop
      vertex -12.068365256817634 -6.341553593241965 2
      vertex -11.885287902596545 6.231821250042328 2
      vertex -12.068365256817634 6.341553593241965 2
    endloop
  endfacet
  facet normal 0 0 1
    outer loop
      vertex -12.239805393055928 -6.468702263936048 2
      vertex -12.068365256817634 6.341553593241965 2
      vertex -12.239805393055928 6.468702263936048 2
    endloop
  endfacet
  facet normal 0 0 1
    outer loop
      vertex -11.885287902596545 -6.231821250042328 2
      vertex -11.69233646539407 6.1405620167879515 2
      vertex -11.885287902596545 6.231821250042328 2
    endloop
  endfacet
  facet normal 0 0 1
    outer loop
      vertex -11.69233646539407 -6.1405620167879515 2
      vertex -11.491369173028454 6.068654769782446 2
      vertex -11.69233646539407 6.1405620167879515 2
    endloop
  endfacet
  facet normal 0 0 1
    outer loop
      vertex -11.491369173028454 -6.068654769782446 2
      vertex -11.284321450385079 6.016792015122974 2
      vertex -11.491369173028454 6.068654769782446 2
    endloop
  endfacet
  facet normal 0 0 1
    outer loop
      vertex -11.284321450385079 -6.016792015122974 2
      vertex -11.073187280216795 5.985473219487972 2
      vertex -11.284321450385079 6.016792015122974 2
    endloop
  endfacet
  facet normal 0 0 1
    outer loop
      vertex -11.073187280216795 -5.985473219487972 2
      vertex -10.86 5.9750000000000005 2
      vertex -11.073187280216795 5.985473219487972 2
    endloop
  endfacet
  facet normal 0 0 1
    outer loop
      vertex -10.86 -5.9750000000000005 2
      vertex -10.646812719783204 5.985473219487972 2
      vertex -10.86 5.9750000000000005 2
    endloop
  endfacet
  facet normal 0 0 1
    outer loop
      vertex -10.646812719783204 -5.985473219487972 2
      vertex -10.43567854961492 6.016792015122974 2
      vertex -10.646812719783204 5.985473219487972 2
    endloop
  endfacet
  facet normal 0 0 1
    outer loop
      vertex -10.43567854961492 -6.016792015122974 2
      vertex -10.228630826971544 6.068654769782446 2
      vertex -10.43567854961492 6.016792015122974 2
    endloop
  endfacet
  facet normal 0 0 1
    outer loop
      vertex -10.228630826971544 -6.068654769782446 2
      vertex -10.02766353460593 6.1405620167879515 2
      vertex -10.228630826971544 6.068654769782446 2
    endloop
  endfacet
  facet normal 0 0 1
    outer loop
      vertex -10.02766353460593 -6.1405620167879515 2
      vertex -9.834712097403454 6.231821250042328 2
      vertex -10.02766353460593 6.1405620167879515 2
    endloop
  endfacet
  facet normal 0 0 1
    outer loop
      vertex -9.834712097403454 -6.231821250042328 2
      vertex -9.651634743182365 6.341553593241965 2
      vertex -9.834712097403454 6.231821250042328 2
    endloop
  endfacet
  facet normal 0 0 1
    outer loop
      vertex -9.651634743182365 -6.341553593241965 2
      vertex -9.480194606944071 6.468702263936048 2
      vertex -9.651634743182365 6.341553593241965 2
    endloop
  endfacet
  facet normal 0 0 1
    outer loop
      vertex -9.480194606944071 -6.468702263936048 2
      vertex -9.322042750919259 6.61204275091926 2
      vertex -9.480194606944071 6.468702263936048 2
    endloop
  endfacet
  facet normal 0 0 1
    outer loop
      vertex -9.322042750919259 -6.61204275091926 2
      vertex -9.178702263936046 6.770194606944072 2
      vertex -9.322042750919259 6.61204275091926 2
    endloop
  endfacet
  facet normal 0 0 1
    outer loop
      vertex -9.178702263936046 -6.770194606944072 2
      vertex -9.051553593241964 6.941634743182366 2
      vertex -9.178702263936046 6.770194606944072 2
    endloop
  endfacet
  facet normal 0 0 1
    outer loop
      vertex -9.051553593241964 -6.941634743182366 2
      vertex -8.941821250042327 7.124712097403456 2
      vertex -9.051553593241964 6.941634743182366 2
    endloop
  endfacet
  facet normal 0 0 1
    outer loop
      vertex -8.941821250042327 -7.124712097403456 2
      vertex -8.85056201678795 7.31766353460593 2
      vertex -8.941821250042327 7.124712097403456 2
    endloop
  endfacet
  facet normal 0 0 1
    outer loop
      vertex -8.85056201678795 -7.31766353460593 2
      vertex -8.778654769782445 7.5186308269715445 2
      vertex -8.85056201678795 7.31766353460593 2
    endloop
  endfacet
  facet normal 0 0 1
    outer loop
      vertex -8.778654769782445 -7.5186308269715445 2
      vertex -8.726792015122973 7.725678549614922 2
      vertex -8.778654769782445 7.5186308269715445 2
    endloop
  endfacet
  facet normal 0 0 1
    outer loop
      vertex -8.726792015122973 -7.725678549614922 2
      vertex -8.69547321948797 7.936812719783206 2
      vertex -8.726792015122973 7.725678549614922 2
    endloop
  endfacet
  facet normal 0 0 1
    outer loop
      vertex -13.035 8.15 2
      vertex -13.024526780512028 8.363187280216795 2
      vertex -14.16 14.965 2
    endloop
  endfacet
  facet normal 0 0 1
    outer loop
      vertex -13.024526780512028 8.363187280216795 2
      vertex -12.993207984877026 8.57432145038508 2
      vertex -14.16 14.965 2
    endloop
  endfacet
  facet normal 0 0 1
    outer loop
      vertex -12.993207984877026 8.57432145038508 2
      vertex -12.941345230217554 8.781369173028455 2
      vertex -14.16 14.965 2
    endloop
  endfacet
  facet normal 0 0 1
    outer loop
      vertex -12.941345230217554 8.781369173028455 2
      vertex -12.869437983212048 8.98233646539407 2
      vertex -14.16 14.965 2
    endloop
  endfacet
  facet normal 0 0 1
    outer loop
      vertex -12.869437983212048 8.98233646539407 2
      vertex -12.778178749957672 9.175287902596546 2
      vertex -14.16 14.965 2
    endloop
  endfacet
  facet normal 0 0 1
    outer loop
      vertex -12.778178749957672 9.175287902596546 2
      vertex -12.668446406758035 9.358365256817635 2
      vertex -14.16 14.965 2
    endloop
  endfacet
  facet normal 0 0 1
    outer loop
      vertex -12.668446406758035 9.358365256817635 2
      vertex -12.541297736063953 9.529805393055929 2
      vertex -14.16 14.965 2
    endloop
  endfacet
  facet normal 0 0 1
    outer loop
      vertex -12.541297736063953 9.529805393055929 2
      vertex -12.39795724908074 9.68795724908074 2
      vertex -14.16 14.965 2
    endloop
  endfacet
  facet normal 0 0 1
    outer loop
      vertex -12.39795724908074 9.68795724908074 2
      vertex -12.239805393055928 9.831297736063952 2
      vertex -14.16 14.965 2
    endloop
  endfacet
  facet normal 0 0 1
    outer loop
      vertex -12.239805393055928 9.831297736063952 2
      vertex -12.068365256817634 9.958446406758036 2
      vertex -14.16 14.965 2
    endloop
  endfacet
  facet normal 0 0 -1
    outer loop
      vertex -14.16 14.965 0
      vertex -8.5 9.965 0
      vertex -10.16 9.965 0
    endloop
  endfacet
  facet normal 0 1 0
    outer loop
      vertex -14.16 14.965 0
      vertex -14.16 14.965 2
      vertex -8.5 14.965 1
    endloop
  endfacet
  facet normal 0 0 -1
    outer loop
      vertex -14.16 14.965 0
      vertex -8.5 14.965 0
      vertex -8.5 9.965 0
    endloop
  endfacet
  facet normal 0 1 0
    outer loop
      vertex -14.16 14.965 0
      vertex -8.5 14.965 1
      vertex -8.5 14.965 0
    endloop
  endfacet
  facet normal 0 0 1
    outer loop
      vertex -14.16 14.965 2
      vertex -12.068365256817634 9.958446406758036 2
      vertex -11.885287902596545 10.068178749957672 2
    endloop
  endfacet
  facet normal 0 0 1
    outer loop
      vertex -14.16 14.965 2
      vertex -11.885287902596545 10.068178749957672 2
      vertex -11.69233646539407 10.15943798321205 2
    endloop
  endfacet
  facet normal 0 0 1
    outer loop
      vertex -14.16 14.965 2
      vertex -11.69233646539407 10.15943798321205 2
      vertex -11.491369173028454 10.231345230217554 2
    endloop
  endfacet
  facet normal 0 0 1
    outer loop
      vertex -14.16 14.965 2
      vertex -11.491369173028454 10.231345230217554 2
      vertex -11.284321450385079 10.283207984877027 2
    endloop
  endfacet
  facet normal 0 0 1
    outer loop
      vertex -14.16 14.965 2
      vertex -11.284321450385079 10.283207984877027 2
      vertex -11.073187280216795 10.314526780512029 2
    endloop
  endfacet
  facet normal 0 0 1
    outer loop
      vertex -14.16 14.965 2
      vertex -11.073187280216795 10.314526780512029 2
      vertex -10.86 10.325 2
    endloop
  endfacet
  facet normal 0 0 1
    outer loop
      vertex -14.16 14.965 2
      vertex -10.86 10.325 2
      vertex -10.646812719783204 10.314526780512029 2
    endloop
  endfacet
  facet normal 0 0 1
    outer loop
      vertex -14.16 14.965 2
      vertex -10.646812719783204 10.314526780512029 2
      vertex -10.43567854961492 10.283207984877027 2
    endloop
  endfacet
  facet normal 0 0 1
    outer loop
      vertex -14.16 14.965 2
      vertex -9.834712097403454 10.068178749957672 2
      vertex -9.651634743182365 9.958446406758036 2
    endloop
  endfacet
  facet normal 0 0 1
    outer loop
      vertex -14.16 14.965 2
      vertex -10.43567854961492 10.283207984877027 2
      vertex -10.228630826971544 10.231345230217554 2
    endloop
  endfacet
  facet normal 0 0 1
    outer loop
      vertex -14.16 14.965 2
      vertex -10.228630826971544 10.231345230217554 2
      vertex -10.02766353460593 10.15943798321205 2
    endloop
  endfacet
  facet normal 0 0 1
    outer loop
      vertex -14.16 14.965 2
      vertex -10.02766353460593 10.15943798321205 2
      vertex -9.834712097403454 10.068178749957672 2
    endloop
  endfacet
  facet normal 0 0 1
    outer loop
      vertex -14.16 14.965 2
      vertex -9.651634743182365 9.958446406758036 2
      vertex -9.480194606944071 9.831297736063952 2
    endloop
  endfacet
  facet normal 0 0 1
    outer loop
      vertex -8.684999999999999 -8.15 2
      vertex 14.16 14.965 2
      vertex -8.69547321948797 7.936812719783206 2
    endloop
  endfacet
  facet normal 0 1 0
    outer loop
      vertex -8.5 14.965 1
      vertex -14.16 14.965 2
      vertex 8.5 14.965 1
    endloop
  endfacet
  facet normal 0 0 1
    outer loop
      vertex -8.69547321948797 7.936812719783206 2
      vertex 14.16 14.965 2
      vertex -8.684999999999999 8.15 2
    endloop
  endfacet
  facet normal 0 0 1
    outer loop
      vertex -8.684999999999999 8.15 2
      vertex 14.16 14.965 2
      vertex -8.69547321948797 8.363187280216795 2
    endloop
  endfacet
  facet normal 0 0 1
    outer loop
      vertex -8.69547321948797 8.363187280216795 2
      vertex 14.16 14.965 2
      vertex -8.726792015122973 8.57432145038508 2
    endloop
  endfacet
  facet normal 0 0 1
    outer loop
      vertex -8.726792015122973 8.57432145038508 2
      vertex 14.16 14.965 2
      vertex -8.778654769782445 8.781369173028455 2
    endloop
  endfacet
  facet normal 0 0 1
    outer loop
      vertex -8.778654769782445 8.781369173028455 2
      vertex 14.16 14.965 2
      vertex -8.85056201678795 8.98233646539407 2
    endloop
  endfacet
  facet normal 0 0 1
    outer loop
      vertex -8.85056201678795 8.98233646539407 2
      vertex 14.16 14.965 2
      vertex -8.941821250042327 9.175287902596546 2
    endloop
  endfacet
  facet normal 0 0 1
    outer loop
      vertex -8.941821250042327 9.175287902596546 2
      vertex 14.16 14.965 2
      vertex -9.051553593241964 9.358365256817635 2
    endloop
  endfacet
  facet normal 0 0 1
    outer loop
      vertex -14.16 14.965 2
      vertex -9.480194606944071 9.831297736063952 2
      vertex 14.16 14.965 2
    endloop
  endfacet
  facet normal 0 0 1
    outer loop
      vertex -9.178702263936046 9.529805393055929 2
      vertex -9.051553593241964 9.358365256817635 2
      vertex 14.16 14.965 2
    endloop
  endfacet
  facet normal 0 0 1
    outer loop
      vertex -9.178702263936046 9.529805393055929 2
      vertex 14.16 14.965 2
      vertex -9.322042750919259 9.68795724908074 2
    endloop
  endfacet
  facet normal 0 0 1
    outer loop
      vertex -9.322042750919259 9.68795724908074 2
      vertex 14.16 14.965 2
      vertex -9.480194606944071 9.831297736063952 2
    endloop
  endfacet
  facet normal 0 0 1
    outer loop
      vertex -14.16 -14.965 2
      vertex 9.480194606944071 -9.831297736063952 2
      vertex 9.322042750919259 -9.68795724908074 2
    endloop
  endfacet
  facet normal 0 0 1
    outer loop
      vertex -14.16 -14.965 2
      vertex 9.322042750919259 -9.68795724908074 2
      vertex 9.178702263936046 -9.529805393055929 2
    endloop
  endfacet
  facet normal 0 0 1
    outer loop
      vertex -14.16 -14.965 2
      vertex 9.178702263936046 -9.529805393055929 2
      vertex 9.051553593241964 -9.358365256817635 2
    endloop
  endfacet
  facet normal 0 0 1
    outer loop
      vertex -14.16 -14.965 2
      vertex 10.02766353460593 -10.15943798321205 2
      vertex 9.834712097403454 -10.068178749957672 2
    endloop
  endfacet
  facet normal 0 0 1
    outer loop
      vertex -14.16 -14.965 2
      vertex 10.228630826971544 -10.231345230217554 2
      vertex 10.02766353460593 -10.15943798321205 2
    endloop
  endfacet
  facet normal 0 0 1
    outer loop
      vertex -14.16 -14.965 2
      vertex 9.651634743182365 -9.958446406758036 2
      vertex 9.480194606944071 -9.831297736063952 2
    endloop
  endfacet
  facet normal 0 0 1
    outer loop
      vertex -14.16 -14.965 2
      vertex 9.834712097403454 -10.068178749957672 2
      vertex 9.651634743182365 -9.958446406758036 2
    endloop
  endfacet
  facet normal 0 0 1
    outer loop
      vertex -14.16 -14.965 2
      vertex 14.16 -14.965 2
      vertex 11.284321450385079 -10.283207984877027 2
    endloop
  endfacet
  facet normal 0 0 1
    outer loop
      vertex -14.16 -14.965 2
      vertex 10.43567854961492 -10.283207984877027 2
      vertex 10.228630826971544 -10.231345230217554 2
    endloop
  endfacet
  facet normal 0 0 1
    outer loop
      vertex -14.16 -14.965 2
      vertex 10.646812719783204 -10.314526780512029 2
      vertex 10.43567854961492 -10.283207984877027 2
    endloop
  endfacet
  facet normal 0 0 1
    outer loop
      vertex -14.16 -14.965 2
      vertex 10.86 -10.325 2
      vertex 10.646812719783204 -10.314526780512029 2
    endloop
  endfacet
  facet normal 0 0 1
    outer loop
      vertex -14.16 -14.965 2
      vertex 11.073187280216795 -10.314526780512029 2
      vertex 10.86 -10.325 2
    endloop
  endfacet
  facet normal 0 0 1
    outer loop
      vertex -14.16 -14.965 2
      vertex 11.284321450385079 -10.283207984877027 2
      vertex 11.073187280216795 -10.314526780512029 2
    endloop
  endfacet
  facet normal 0 0 1
    outer loop
      vertex -14.16 -14.965 2
      vertex 9.051553593241964 -9.358365256817635 2
      vertex 8.941821250042327 -9.175287902596546 2
    endloop
  endfacet
  facet normal 0 0 1
    outer loop
      vertex -14.16 -14.965 2
      vertex 8.941821250042327 -9.175287902596546 2
      vertex 8.85056201678795 -8.98233646539407 2
    endloop
  endfacet
  facet normal 0 0 1
    outer loop
      vertex -14.16 -14.965 2
      vertex 8.85056201678795 -8.98233646539407 2
      vertex 8.778654769782445 -8.781369173028455 2
    endloop
  endfacet
  facet normal 0 0 1
    outer loop
      vertex -14.16 -14.965 2
      vertex 8.778654769782445 -8.781369173028455 2
      vertex 8.726792015122973 -8.57432145038508 2
    endloop
  endfacet
  facet normal 0 0 1
    outer loop
      vertex -14.16 -14.965 2
      vertex 8.726792015122973 -8.57432145038508 2
      vertex 8.69547321948797 -8.363187280216795 2
    endloop
  endfacet
  facet normal 0 0 1
    outer loop
      vertex -14.16 -14.965 2
      vertex 8.69547321948797 -8.363187280216795 2
      vertex 8.684999999999999 -8.15 2
    endloop
  endfacet
  facet normal 0 0 1
    outer loop
      vertex -14.16 -14.965 2
      vertex 8.684999999999999 -8.15 2
      vertex 8.69547321948797 -7.936812719783206 2
    endloop
  endfacet
  facet normal 0 0 1
    outer loop
      vertex -14.16 -14.965 2
      vertex 8.69547321948797 -7.936812719783206 2
      vertex 8.726792015122973 -7.725678549614922 2
    endloop
  endfacet
  facet normal 0 0 1
    outer loop
      vertex -14.16 -14.965 2
      vertex 8.726792015122973 -7.725678549614922 2
      vertex 8.778654769782445 -7.5186308269715445 2
    endloop
  endfacet
  facet normal 0 0 1
    outer loop
      vertex -14.16 -14.965 2
      vertex 8.778654769782445 -7.5186308269715445 2
      vertex 8.85056201678795 -7.31766353460593 2
    endloop
  endfacet
  facet normal 0 0 1
    outer loop
      vertex -14.16 -14.965 2
      vertex 8.85056201678795 -7.31766353460593 2
      vertex 8.941821250042327 -7.124712097403456 2
    endloop
  endfacet
  facet normal 0 0 1
    outer loop
      vertex -14.16 -14.965 2
      vertex 8.941821250042327 -7.124712097403456 2
      vertex 9.051553593241964 -6.941634743182366 2
    endloop
  endfacet
  facet normal 0 0 1
    outer loop
      vertex -14.16 -14.965 2
      vertex 9.051553593241964 -6.941634743182366 2
      vertex 9.178702263936046 -6.770194606944072 2
    endloop
  endfacet
  facet normal 0 0 1
    outer loop
      vertex -14.16 -14.965 2
      vertex 9.178702263936046 -6.770194606944072 2
      vertex 9.322042750919259 -6.61204275091926 2
    endloop
  endfacet
  facet normal 0 -1 0
    outer loop
      vertex -8.5 -14.965 1
      vertex 8.5 -14.965 1
      vertex 14.16 -14.965 2
    endloop
  endfacet
  facet normal 0 0 1
    outer loop
      vertex -14.16 -14.965 2
      vertex 9.322042750919259 -6.61204275091926 2
      vertex 9.480194606944071 6.468702263936048 2
    endloop
  endfacet
  facet normal 0 0 1
    outer loop
      vertex -14.16 -14.965 2
      vertex 9.322042750919259 6.61204275091926 2
      vertex 9.178702263936046 6.770194606944072 2
    endloop
  endfacet
  facet normal 0 0 1
    outer loop
      vertex -14.16 -14.965 2
      vertex 9.480194606944071 6.468702263936048 2
      vertex 9.322042750919259 6.61204275091926 2
    endloop
  endfacet
  facet normal 0 0 1
    outer loop
      vertex -14.16 -14.965 2
      vertex 9.051553593241964 6.941634743182366 2
      vertex 8.941821250042327 7.124712097403456 2
    endloop
  endfacet
  facet normal 0 0 1
    outer loop
      vertex -14.16 -14.965 2
      vertex 8.85056201678795 7.31766353460593 2
      vertex 8.778654769782445 7.5186308269715445 2
    endloop
  endfacet
  facet normal 0 0 1
    outer loop
      vertex -14.16 -14.965 2
      vertex 8.941821250042327 7.124712097403456 2
      vertex 8.85056201678795 7.31766353460593 2
    endloop
  endfacet
  facet normal 0 0 1
    outer loop
      vertex -14.16 -14.965 2
      vertex 9.178702263936046 6.770194606944072 2
      vertex 9.051553593241964 6.941634743182366 2
    endloop
  endfacet
  facet normal 0 -1 0
    outer loop
      vertex 8.5 -14.965 0
      vertex 14.16 -14.965 0
      vertex 8.5 -14.965 1
    endloop
  endfacet
  facet normal 0 0 -1
    outer loop
      vertex 8.5 -14.965 0
      vertex 8.5 -9.965 0
      vertex 14.16 -14.965 0
    endloop
  endfacet
  facet normal 0 -1 0
    outer loop
      vertex 8.5 -14.965 1
      vertex 14.16 -14.965 0
      vertex 14.16 -14.965 2
    endloop
  endfacet
  facet normal 0 0 -1
    outer loop
      vertex 8.5 -9.965 0
      vertex 10.16 -9.965 0
      vertex 16.16 -14.965 0
    endloop
  endfacet
  facet normal 0 0 1
    outer loop
      vertex 11.284321450385079 -10.283207984877027 2
      vertex 14.16 -14.965 2
      vertex 11.491369173028454 -10.231345230217554 2
    endloop
  endfacet
  facet normal 0 0 1
    outer loop
      vertex 11.491369173028454 -10.231345230217554 2
      vertex 14.16 -14.965 2
      vertex 11.69233646539407 -10.15943798321205 2
    endloop
  endfacet
  facet normal 0 0 1
    outer loop
      vertex 11.69233646539407 -10.15943798321205 2
      vertex 14.16 -14.965 2
      vertex 11.885287902596545 -10.068178749957672 2
    endloop
  endfacet
  facet normal 0 0 1
    outer loop
      vertex 11.885287902596545 -10.068178749957672 2
      vertex 14.16 -14.965 2
      vertex 12.068365256817634 -9.958446406758036 2
    endloop
  endfacet
  facet normal 0 0 -1
    outer loop
      vertex 8.5 -9.965 0
      vertex 16.16 -14.965 0
      vertex 14.16 -14.965 0
    endloop
  endfacet
  facet normal 0 0 1
    outer loop
      vertex 12.068365256817634 -9.958446406758036 2
      vertex 14.16 -14.965 2
      vertex 12.239805393055928 -9.831297736063952 2
    endloop
  endfacet
  facet normal 0 0 1
    outer loop
      vertex 14.16 -14.965 2
      vertex 12.39795724908074 -9.68795724908074 2
      vertex 12.239805393055928 -9.831297736063952 2
    endloop
  endfacet
  facet normal 0 0 1
    outer loop
      vertex 14.16 -14.965 2
      vertex 12.541297736063953 -9.529805393055929 2
      vertex 12.39795724908074 -9.68795724908074 2
    endloop
  endfacet
  facet normal 0 0 1
    outer loop
      vertex 14.16 -14.965 2
      vertex 12.668446406758035 -9.358365256817635 2
      vertex 12.541297736063953 -9.529805393055929 2
    endloop
  endfacet
  facet normal 0 0 1
    outer loop
      vertex 14.16 -14.965 2
      vertex 12.778178749957672 -9.175287902596546 2
      vertex 12.668446406758035 -9.358365256817635 2
    endloop
  endfacet
  facet normal 0 0 1
    outer loop
      vertex 14.16 -14.965 2
      vertex 12.869437983212048 -8.98233646539407 2
      vertex 12.778178749957672 -9.175287902596546 2
    endloop
  endfacet
  facet normal 0 0 1
    outer loop
      vertex 14.16 -14.965 2
      vertex 12.941345230217554 -8.781369173028455 2
      vertex 12.869437983212048 -8.98233646539407 2
    endloop
  endfacet
  facet normal 0 0 1
    outer loop
      vertex 14.16 -14.965 2
      vertex 12.993207984877026 -8.57432145038508 2
      vertex 12.941345230217554 -8.781369173028455 2
    endloop
  endfacet
  facet normal 0 0 1
    outer loop
      vertex 14.16 -14.965 2
      vertex 13.024526780512028 -8.363187280216795 2
      vertex 12.993207984877026 -8.57432145038508 2
    endloop
  endfacet
  facet normal 0 0 1
    outer loop
      vertex 14.16 -14.965 2
      vertex 13.035 -8.15 2
      vertex 13.024526780512028 -8.363187280216795 2
    endloop
  endfacet
  facet normal 0 0 -1
    outer loop
      vertex 10.16 -9.965 0
      vertex 10.16 9.965 0
      vertex 16.16 -14.965 0
    endloop
  endfacet
  facet normal 0 0 1
    outer loop
      vertex 9.322042750919259 -6.61204275091926 2
      vertex 9.480194606944071 -6.468702263936048 2
      vertex 9.480194606944071 6.468702263936048 2
    endloop
  endfacet
  facet normal 0 0 1
    outer loop
      vertex 9.480194606944071 -6.468702263936048 2
      vertex 9.651634743182365 -6.341553593241965 2
      vertex 9.651634743182365 6.341553593241965 2
    endloop
  endfacet
  facet normal 0 0 1
    outer loop
      vertex 9.651634743182365 -6.341553593241965 2
      vertex 9.834712097403454 -6.231821250042328 2
      vertex 9.834712097403454 6.231821250042328 2
    endloop
  endfacet
  facet normal 0 0 1
    outer loop
      vertex 9.834712097403454 -6.231821250042328 2
      vertex 10.02766353460593 -6.1405620167879515 2
      vertex 10.02766353460593 6.1405620167879515 2
    endloop
  endfacet
  facet normal 0 0 1
    outer loop
      vertex 10.02766353460593 -6.1405620167879515 2
      vertex 10.228630826971544 -6.068654769782446 2
      vertex 10.228630826971544 6.068654769782446 2
    endloop
  endfacet
  facet normal 0 0 1
    outer loop
      vertex 10.228630826971544 -6.068654769782446 2
      vertex 10.43567854961492 -6.016792015122974 2
      vertex 10.43567854961492 6.016792015122974 2
    endloop
  endfacet
  facet normal 0 0 1
    outer loop
      vertex 10.43567854961492 -6.016792015122974 2
      vertex 10.646812719783204 -5.985473219487972 2
      vertex 10.646812719783204 5.985473219487972 2
    endloop
  endfacet
  facet normal 0 0 1
    outer loop
      vertex 10.646812719783204 -5.985473219487972 2
      vertex 10.86 -5.9750000000000005 2
      vertex 10.86 5.9750000000000005 2
    endloop
  endfacet
  facet normal 0 0 1
    outer loop
      vertex 10.86 -5.9750000000000005 2
      vertex 11.073187280216795 -5.985473219487972 2
      vertex 11.073187280216795 5.985473219487972 2
    endloop
  endfacet
  facet normal 0 0 1
    outer loop
      vertex 11.073187280216795 -5.985473219487972 2
      vertex 11.284321450385079 -6.016792015122974 2
      vertex 11.284321450385079 6.016792015122974 2
    endloop
  endfacet
  facet normal 0 0 1
    outer loop
      vertex 11.284321450385079 -6.016792015122974 2
      vertex 11.491369173028454 -6.068654769782446 2
      vertex 11.491369173028454 6.068654769782446 2
    endloop
  endfacet
  facet normal 0 0 1
    outer loop
      vertex 11.491369173028454 -6.068654769782446 2
      vertex 11.69233646539407 -6.1405620167879515 2
      vertex 11.69233646539407 6.1405620167879515 2
    endloop
  endfacet
  facet normal 0 0 1
    outer loop
      vertex 11.69233646539407 -6.1405620167879515 2
      vertex 11.885287902596545 -6.231821250042328 2
      vertex 11.885287902596545 6.231821250042328 2
    endloop
  endfacet
  facet normal 0 0 1
    outer loop
      vertex 12.068365256817634 -6.341553593241965 2
      vertex 12.239805393055928 -6.468702263936048 2
      vertex 12.239805393055928 6.468702263936048 2
    endloop
  endfacet
  facet normal 0 0 1
    outer loop
      vertex 12.068365256817634 -6.341553593241965 2
      vertex 12.068365256817634 6.341553593241965 2
      vertex 11.885287902596545 -6.231821250042328 2
    endloop
  endfacet
  facet normal 0 0 1
    outer loop
      vertex 12.39795724908074 -6.61204275091926 2
      vertex 12.39795724908074 6.61204275091926 2
      vertex 12.239805393055928 -6.468702263936048 2
    endloop
  endfacet
  facet normal 0 0 1
    outer loop
      vertex 12.39795724908074 -6.61204275091926 2
      vertex 12.541297736063953 -6.770194606944072 2
      vertex 12.541297736063953 6.770194606944072 2
    endloop
  endfacet
  facet normal 0 0 1
    outer loop
      vertex 12.541297736063953 -6.770194606944072 2
      vertex 12.668446406758035 -6.941634743182366 2
      vertex 12.668446406758035 6.941634743182366 2
    endloop
  endfacet
  facet normal 0 0 1
    outer loop
      vertex 12.778178749957672 -7.124712097403456 2
      vertex 12.778178749957672 7.124712097403456 2
      vertex 12.668446406758035 -6.941634743182366 2
    endloop
  endfacet
  facet normal 0 0 1
    outer loop
      vertex 13.035 -8.15 2
      vertex 13.035 8.15 2
      vertex 13.024526780512028 -7.936812719783206 2
    endloop
  endfacet
  facet normal 0 0 1
    outer loop
      vertex 12.993207984877026 -7.725678549614922 2
      vertex 13.024526780512028 -7.936812719783206 2
      vertex 13.024526780512028 7.936812719783206 2
    endloop
  endfacet
  facet normal 0 0 1
    outer loop
      vertex 12.869437983212048 -7.31766353460593 2
      vertex 12.869437983212048 7.31766353460593 2
      vertex 12.778178749957672 -7.124712097403456 2
    endloop
  endfacet
  facet normal 0 0 1
    outer loop
      vertex 12.941345230217554 -7.5186308269715445 2
      vertex 12.941345230217554 7.5186308269715445 2
      vertex 12.869437983212048 -7.31766353460593 2
    endloop
  endfacet
  facet normal 0 0 1
    outer loop
      vertex 12.993207984877026 -7.725678549614922 2
      vertex 12.993207984877026 7.725678549614922 2
      vertex 12.941345230217554 -7.5186308269715445 2
    endloop
  endfacet
  facet normal 0 0 1
    outer loop
      vertex 14.16 -14.965 2
      vertex 14.16 14.965 2
      vertex 13.035 -8.15 2
    endloop
  endfacet
  facet normal 0 0 1
    outer loop
      vertex -14.16 -14.965 2
      vertex 8.778654769782445 7.5186308269715445 2
      vertex 8.726792015122973 7.725678549614922 2
    endloop
  endfacet
  facet normal 0 0 1
    outer loop
      vertex -14.16 -14.965 2
      vertex 8.726792015122973 7.725678549614922 2
      vertex 8.69547321948797 7.936812719783206 2
    endloop
  endfacet
  facet normal 0 0 1
    outer loop
      vertex -14.16 -14.965 2
      vertex 8.69547321948797 7.936812719783206 2
      vertex 8.684999999999999 8.15 2
    endloop
  endfacet
  facet normal 0 0 1
    outer loop
      vertex -14.16 -14.965 2
      vertex 8.684999999999999 8.15 2
      vertex 8.69547321948797 8.363187280216795 2
    endloop
  endfacet
  facet normal 0 0 1
    outer loop
      vertex -14.16 -14.965 2
      vertex 8.69547321948797 8.363187280216795 2
      vertex 8.726792015122973 8.57432145038508 2
    endloop
  endfacet
  facet normal 0 0 1
    outer loop
      vertex -14.16 -14.965 2
      vertex 8.726792015122973 8.57432145038508 2
      vertex 8.778654769782445 8.781369173028455 2
    endloop
  endfacet
  facet normal 0 0 1
    outer loop
      vertex -14.16 -14.965 2
      vertex 8.778654769782445 8.781369173028455 2
      vertex 8.85056201678795 8.98233646539407 2
    endloop
  endfacet
  facet normal 0 0 1
    outer loop
      vertex -14.16 -14.965 2
      vertex 8.85056201678795 8.98233646539407 2
      vertex 8.941821250042327 9.175287902596546 2
    endloop
  endfacet
  facet normal 0 0 1
    outer loop
      vertex -14.16 -14.965 2
      vertex 8.941821250042327 9.175287902596546 2
      vertex 9.051553593241964 9.358365256817635 2
    endloop
  endfacet
  facet normal 0 0 1
    outer loop
      vertex -14.16 -14.965 2
      vertex 9.051553593241964 9.358365256817635 2
      vertex 9.178702263936046 9.529805393055929 2
    endloop
  endfacet
  facet normal 0 0 1
    outer loop
      vertex -14.16 -14.965 2
      vertex 9.178702263936046 9.529805393055929 2
      vertex 9.322042750919259 9.68795724908074 2
    endloop
  endfacet
  facet normal 0 0 1
    outer loop
      vertex -14.16 -14.965 2
      vertex 9.322042750919259 9.68795724908074 2
      vertex 14.16 14.965 2
    endloop
  endfacet
  facet normal 0 1 0
    outer loop
      vertex -14.16 14.965 2
      vertex 14.16 14.965 2
      vertex 8.5 14.965 1
    endloop
  endfacet
  facet normal 0 0 1
    outer loop
      vertex 9.480194606944071 -6.468702263936048 2
      vertex 9.651634743182365 6.341553593241965 2
      vertex 9.480194606944071 6.468702263936048 2
    endloop
  endfacet
  facet normal 0 0 1
    outer loop
      vertex 9.651634743182365 -6.341553593241965 2
      vertex 9.834712097403454 6.231821250042328 2
      vertex 9.651634743182365 6.341553593241965 2
    endloop
  endfacet
  facet normal 0 0 1
    outer loop
      vertex 9.834712097403454 -6.231821250042328 2
      vertex 10.02766353460593 6.1405620167879515 2
      vertex 9.834712097403454 6.231821250042328 2
    endloop
  endfacet
  facet normal 0 0 1
    outer loop
      vertex 10.02766353460593 -6.1405620167879515 2
      vertex 10.228630826971544 6.068654769782446 2
      vertex 10.02766353460593 6.1405620167879515 2
    endloop
  endfacet
  facet normal 0 0 1
    outer loop
      vertex 10.228630826971544 -6.068654769782446 2
      vertex 10.43567854961492 6.016792015122974 2
      vertex 10.228630826971544 6.068654769782446 2
    endloop
  endfacet
  facet normal 0 0 1
    outer loop
      vertex 10.43567854961492 -6.016792015122974 2
      vertex 10.646812719783204 5.985473219487972 2
      vertex 10.43567854961492 6.016792015122974 2
    endloop
  endfacet
  facet normal 0 0 1
    outer loop
      vertex 10.646812719783204 -5.985473219487972 2
      vertex 10.86 5.9750000000000005 2
      vertex 10.646812719783204 5.985473219487972 2
    endloop
  endfacet
  facet normal 0 0 1
    outer loop
      vertex 10.86 -5.9750000000000005 2
      vertex 11.073187280216795 5.985473219487972 2
      vertex 10.86 5.9750000000000005 2
    endloop
  endfacet
  facet normal 0 0 1
    outer loop
      vertex 11.073187280216795 -5.985473219487972 2
      vertex 11.284321450385079 6.016792015122974 2
      vertex 11.073187280216795 5.985473219487972 2
    endloop
  endfacet
  facet normal 0 0 1
    outer loop
      vertex 11.284321450385079 -6.016792015122974 2
      vertex 11.491369173028454 6.068654769782446 2
      vertex 11.284321450385079 6.016792015122974 2
    endloop
  endfacet
  facet normal 0 0 1
    outer loop
      vertex 11.491369173028454 -6.068654769782446 2
      vertex 11.69233646539407 6.1405620167879515 2
      vertex 11.491369173028454 6.068654769782446 2
    endloop
  endfacet
  facet normal 0 0 1
    outer loop
      vertex 11.69233646539407 -6.1405620167879515 2
      vertex 11.885287902596545 6.231821250042328 2
      vertex 11.69233646539407 6.1405620167879515 2
    endloop
  endfacet
  facet normal 0 0 1
    outer loop
      vertex 11.885287902596545 -6.231821250042328 2
      vertex 12.068365256817634 6.341553593241965 2
      vertex 11.885287902596545 6.231821250042328 2
    endloop
  endfacet
  facet normal 0 0 1
    outer loop
      vertex 12.068365256817634 -6.341553593241965 2
      vertex 12.239805393055928 6.468702263936048 2
      vertex 12.068365256817634 6.341553593241965 2
    endloop
  endfacet
  facet normal 0 0 1
    outer loop
      vertex 12.239805393055928 -6.468702263936048 2
      vertex 12.39795724908074 6.61204275091926 2
      vertex 12.239805393055928 6.468702263936048 2
    endloop
  endfacet
  facet normal 0 0 1
    outer loop
      vertex 12.39795724908074 -6.61204275091926 2
      vertex 12.541297736063953 6.770194606944072 2
      vertex 12.39795724908074 6.61204275091926 2
    endloop
  endfacet
  facet normal 0 0 1
    outer loop
      vertex 12.541297736063953 -6.770194606944072 2
      vertex 12.668446406758035 6.941634743182366 2
      vertex 12.541297736063953 6.770194606944072 2
    endloop
  endfacet
  facet normal 0 0 1
    outer loop
      vertex 12.668446406758035 -6.941634743182366 2
      vertex 12.778178749957672 7.124712097403456 2
      vertex 12.668446406758035 6.941634743182366 2
    endloop
  endfacet
  facet normal 0 0 -1
    outer loop
      vertex 16.16 -14.965 0
      vertex 10.16 9.965 0
      vertex 14.16 13.11289603960396 0
    endloop
  endfacet
  facet normal 0 0 1
    outer loop
      vertex 12.778178749957672 -7.124712097403456 2
      vertex 12.869437983212048 7.31766353460593 2
      vertex 12.778178749957672 7.124712097403456 2
    endloop
  endfacet
  facet normal 0 0 1
    outer loop
      vertex 12.869437983212048 -7.31766353460593 2
      vertex 12.941345230217554 7.5186308269715445 2
      vertex 12.869437983212048 7.31766353460593 2
    endloop
  endfacet
  facet normal 0 0 1
    outer loop
      vertex 12.941345230217554 -7.5186308269715445 2
      vertex 12.993207984877026 7.725678549614922 2
      vertex 12.941345230217554 7.5186308269715445 2
    endloop
  endfacet
  facet normal 0 0 1
    outer loop
      vertex 12.993207984877026 -7.725678549614922 2
      vertex 13.024526780512028 7.936812719783206 2
      vertex 12.993207984877026 7.725678549614922 2
    endloop
  endfacet
  facet normal 0 0 1
    outer loop
      vertex 13.024526780512028 -7.936812719783206 2
      vertex 13.035 8.15 2
      vertex 13.024526780512028 7.936812719783206 2
    endloop
  endfacet
  facet normal 0 0 -1
    outer loop
      vertex 16.16 -14.965 0
      vertex 14.16 13.11289603960396 0
      vertex 16.16 14.965 0
    endloop
  endfacet
  facet normal 0 0 1
    outer loop
      vertex 13.035 -8.15 2
      vertex 14.16 14.965 2
      vertex 13.035 8.15 2
    endloop
  endfacet
  facet normal 0 0 -1
    outer loop
      vertex 8.5 9.965 0
      vertex 8.5 14.965 0
      vertex 10.16 9.965 0
    endloop
  endfacet
  facet normal 0 1 0
    outer loop
      vertex 8.5 14.965 0
      vertex 8.5 14.965 1
      vertex 14.16 14.965 0
    endloop
  endfacet
  facet normal 0 0 -1
    outer loop
      vertex 10.16 9.965 0
      vertex 8.5 14.965 0
      vertex 14.16 13.11289603960396 0
    endloop
  endfacet
  facet normal 0 0 -1
    outer loop
      vertex 8.5 14.965 0
      vertex 14.16 14.965 0
      vertex 14.16 13.11289603960396 0
    endloop
  endfacet
  facet normal 0 1 0
    outer loop
      vertex 8.5 14.965 1
      vertex 14.16 14.965 2
      vertex 14.16 14.965 0
    endloop
  endfacet
  facet normal 0 0 1
    outer loop
      vertex 9.322042750919259 9.68795724908074 2
      vertex 9.480194606944071 9.831297736063952 2
      vertex 14.16 14.965 2
    endloop
  endfacet
  facet normal 0 0 1
    outer loop
      vertex 9.480194606944071 9.831297736063952 2
      vertex 9.651634743182365 9.958446406758036 2
      vertex 14.16 14.965 2
    endloop
  endfacet
  facet normal 0 0 1
    outer loop
      vertex 9.651634743182365 9.958446406758036 2
      vertex 9.834712097403454 10.068178749957672 2
      vertex 14.16 14.965 2
    endloop
  endfacet
  facet normal 0 0 1
    outer loop
      vertex 9.834712097403454 10.068178749957672 2
      vertex 10.02766353460593 10.15943798321205 2
      vertex 14.16 14.965 2
    endloop
  endfacet
  facet normal 0 0 1
    outer loop
      vertex 10.02766353460593 10.15943798321205 2
      vertex 10.228630826971544 10.231345230217554 2
      vertex 14.16 14.965 2
    endloop
  endfacet
  facet normal 0 0 1
    outer loop
      vertex 10.228630826971544 10.231345230217554 2
      vertex 10.43567854961492 10.283207984877027 2
      vertex 14.16 14.965 2
    endloop
  endfacet
  facet normal 0 0 1
    outer loop
      vertex 10.43567854961492 10.283207984877027 2
      vertex 10.646812719783204 10.314526780512029 2
      vertex 14.16 14.965 2
    endloop
  endfacet
  facet normal 0 0 1
    outer loop
      vertex 10.646812719783204 10.314526780512029 2
      vertex 10.86 10.325 2
      vertex 14.16 14.965 2
    endloop
  endfacet
  facet normal 0 0 1
    outer loop
      vertex 10.86 10.325 2
      vertex 11.073187280216795 10.314526780512029 2
      vertex 14.16 14.965 2
    endloop
  endfacet
  facet normal 0 0 1
    outer loop
      vertex 11.073187280216795 10.314526780512029 2
      vertex 11.284321450385079 10.283207984877027 2
      vertex 14.16 14.965 2
    endloop
  endfacet
  facet normal 0 0 1
    outer loop
      vertex 12.068365256817634 9.958446406758036 2
      vertex 14.16 14.965 2
      vertex 11.885287902596545 10.068178749957672 2
    endloop
  endfacet
  facet normal 0 0 1
    outer loop
      vertex 11.284321450385079 10.283207984877027 2
      vertex 11.491369173028454 10.231345230217554 2
      vertex 14.16 14.965 2
    endloop
  endfacet
  facet normal 0 0 1
    outer loop
      vertex 11.491369173028454 10.231345230217554 2
      vertex 11.69233646539407 10.15943798321205 2
      vertex 14.16 14.965 2
    endloop
  endfacet
  facet normal 0 0 1
    outer loop
      vertex 11.69233646539407 10.15943798321205 2
      vertex 11.885287902596545 10.068178749957672 2
      vertex 14.16 14.965 2
    endloop
  endfacet
  facet normal 0 0 1
    outer loop
      vertex 12.941345230217554 8.781369173028455 2
      vertex 14.16 14.965 2
      vertex 12.869437983212048 8.98233646539407 2
    endloop
  endfacet
  facet normal 0 0 1
    outer loop
      vertex 12.869437983212048 8.98233646539407 2
      vertex 14.16 14.965 2
      vertex 12.778178749957672 9.175287902596546 2
    endloop
  endfacet
  facet normal 0 0 1
    outer loop
      vertex 12.778178749957672 9.175287902596546 2
      vertex 14.16 14.965 2
      vertex 12.668446406758035 9.358365256817635 2
    endloop
  endfacet
  facet normal 0 0 1
    outer loop
      vertex 13.035 8.15 2
      vertex 14.16 14.965 2
      vertex 13.024526780512028 8.363187280216795 2
    endloop
  endfacet
  facet normal 0 0 1
    outer loop
      vertex 13.024526780512028 8.363187280216795 2
      vertex 14.16 14.965 2
      vertex 12.993207984877026 8.57432145038508 2
    endloop
  endfacet
  facet normal 0 0 1
    outer loop
      vertex 12.993207984877026 8.57432145038508 2
      vertex 14.16 14.965 2
      vertex 12.941345230217554 8.781369173028455 2
    endloop
  endfacet
  facet normal 0 0 1
    outer loop
      vertex 12.541297736063953 9.529805393055929 2
      vertex 14.16 14.965 2
      vertex 12.39795724908074 9.68795724908074 2
    endloop
  endfacet
  facet normal 0 0 1
    outer loop
      vertex 12.068365256817634 9.958446406758036 2
      vertex 12.239805393055928 9.831297736063952 2
      vertex 14.16 14.965 2
    endloop
  endfacet
  facet normal 0 0 1
    outer loop
      vertex 12.39795724908074 9.68795724908074 2
      vertex 14.16 14.965 2
      vertex 12.239805393055928 9.831297736063952 2
    endloop
  endfacet
  facet normal 0 0 1
    outer loop
      vertex 12.541297736063953 9.529805393055929 2
      vertex 12.668446406758035 9.358365256817635 2
      vertex 14.16 14.965 2
    endloop
  endfacet
  facet normal 1 0 0
    outer loop
      vertex 16.16 14.965 1.5983935742971886
      vertex 16.16 14.965 2
      vertex 16.16 11.204949748743719 2
    endloop
  endfacet
  facet normal 1 0 0
    outer loop
      vertex -8.5 -14.965 0
      vertex -8.5 -9.965 1
      vertex -8.5 -14.965 1
    endloop
  endfacet
  facet normal 1 0 0
    outer loop
      vertex -8.5 -14.965 0
      vertex -8.5 -9.965 0
      vertex -8.5 -9.965 1
    endloop
  endfacet
  facet normal 0 0 -1
    outer loop
      vertex -8.5 -14.965 1
      vertex -8.5 -9.965 1
      vertex 8.5 -14.965 1
    endloop
  endfacet
  facet normal 0 0 -1
    outer loop
      vertex -8.5 -9.965 1
      vertex 8.5 -9.965 1
      vertex 8.5 -14.965 1
    endloop
  endfacet
  facet normal -1 0 0
    outer loop
      vertex 8.5 -14.965 0
      vertex 8.5 -14.965 1
      vertex 8.5 -9.965 0
    endloop
  endfacet
  facet normal -1 0 0
    outer loop
      vertex 8.5 -14.965 1
      vertex 8.5 -9.965 1
      vertex 8.5 -9.965 0
    endloop
  endfacet
  facet normal 1 0 0
    outer loop
      vertex -8.5 9.965 0
      vertex -8.5 14.965 1
      vertex -8.5 9.965 1
    endloop
  endfacet
  facet normal 1 0 0
    outer loop
      vertex -8.5 9.965 0
      vertex -8.5 14.965 0
      vertex -8.5 14.965 1
    endloop
  endfacet
  facet normal 0 0 -1
    outer loop
      vertex -8.5 9.965 1
      vertex -8.5 14.965 1
      vertex 8.5 9.965 1
    endloop
  endfacet
  facet normal 0 0 -1
    outer loop
      vertex -8.5 14.965 1
      vertex 8.5 14.965 1
      vertex 8.5 9.965 1
    endloop
  endfacet
  facet normal -1 0 0
    outer loop
      vertex 8.5 9.965 0
      vertex 8.5 9.965 1
      vertex 8.5 14.965 0
    endloop
  endfacet
  facet normal -1 0 0
    outer loop
      vertex 8.5 9.965 1
      vertex 8.5 14.965 1
      vertex 8.5 14.965 0
    endloop
  endfacet
  facet normal 0 0 1
    outer loop
      vertex -16.16 -6.299999999999999 3
      vertex -14.16 -6.299999999999999 3
      vertex -16.16 -5.1 3
    endloop
  endfacet
  facet normal 0 0 1
    outer loop
      vertex -14.16 -6.299999999999999 3
      vertex -14.16 -5.1 3
      vertex -16.16 -5.1 3
    endloop
  endfacet
  facet normal 0 -1 0
    outer loop
      vertex -16.16 -5.1 3
      vertex -14.16 -5.1 3
      vertex -16.16 -5.1 6.359999999999999
    endloop
  endfacet
  facet normal 0 1 0
    outer loop
      vertex -16.16 -6.299999999999999 3
      vertex -14.16 -6.299999999999999 6.359999999999999
      vertex -14.16 -6.299999999999999 3
    endloop
  endfacet
  facet normal 0 1 0
    outer loop
      vertex -16.16 -6.299999999999999 3
      vertex -16.16 -6.299999999999999 6.359999999999999
      vertex -14.16 -6.299999999999999 7.959999999999999
    endloop
  endfacet
  facet normal 0 -1 0
    outer loop
      vertex -14.16 -5.1 3
      vertex -16.16 -5.1 7.359999999999999
      vertex -16.16 -5.1 6.359999999999999
    endloop
  endfacet
  facet normal 0 -1 0
    outer loop
      vertex -14.16 -5.1 3
      vertex -16.16 -5.1 7.959999999999999
      vertex -16.16 -5.1 7.359999999999999
    endloop
  endfacet
  facet normal 0 1 0
    outer loop
      vertex -16.16 -6.299999999999999 3
      vertex -14.16 -6.299999999999999 7.959999999999999
      vertex -14.16 -6.299999999999999 6.359999999999999
    endloop
  endfacet
  facet normal 0 -1 0
    outer loop
      vertex -14.16 -5.1 3
      vertex -14.16 -5.1 6.359999999999999
      vertex -16.16 -5.1 7.959999999999999
    endloop
  endfacet
  facet normal 0 1 0
    outer loop
      vertex -14.16 -6.299999999999999 7.959999999999999
      vertex -16.16 -6.299999999999999 6.359999999999999
      vertex -16.16 -6.299999999999999 7.359999999999999
    endloop
  endfacet
  facet normal 0 1 0
    outer loop
      vertex -16.16 -6.299999999999999 7.959999999999999
      vertex -14.16 -6.299999999999999 7.959999999999999
      vertex -16.16 -6.299999999999999 7.359999999999999
    endloop
  endfacet
  facet normal 0 -1 0
    outer loop
      vertex -16.16 -5.1 7.959999999999999
      vertex -14.16 -5.1 6.359999999999999
      vertex -14.16 -5.1 7.959999999999999
    endloop
  endfacet
  facet normal 0 0 1
    outer loop
      vertex -16.16 5.1 3
      vertex -14.16 5.1 3
      vertex -16.16 6.299999999999999 3
    endloop
  endfacet
  facet normal 0 0 1
    outer loop
      vertex -14.16 5.1 3
      vertex -14.16 6.299999999999999 3
      vertex -16.16 6.299999999999999 3
    endloop
  endfacet
  facet normal 0 -1 0
    outer loop
      vertex -16.16 6.299999999999999 3
      vertex -14.16 6.299999999999999 3
      vertex -16.16 6.299999999999999 6.359999999999999
    endloop
  endfacet
  facet normal 0 1 0
    outer loop
      vertex -16.16 5.1 3
      vertex -14.16 5.1 6.359999999999999
      vertex -14.16 5.1 3
    endloop
  endfacet
  facet normal 0 1 0
    outer loop
      vertex -16.16 5.1 3
      vertex -16.16 5.1 6.359999999999999
      vertex -14.16 5.1 7.959999999999999
    endloop
  endfacet
  facet normal 0 -1 0
    outer loop
      vertex -14.16 6.299999999999999 3
      vertex -16.16 6.299999999999999 7.359999999999999
      vertex -16.16 6.299999999999999 6.359999999999999
    endloop
  endfacet
  facet normal 0 -1 0
    outer loop
      vertex -14.16 6.299999999999999 3
      vertex -16.16 6.299999999999999 7.959999999999999
      vertex -16.16 6.299999999999999 7.359999999999999
    endloop
  endfacet
  facet normal 0 1 0
    outer loop
      vertex -16.16 5.1 3
      vertex -14.16 5.1 7.959999999999999
      vertex -14.16 5.1 6.359999999999999
    endloop
  endfacet
  facet normal 0 -1 0
    outer loop
      vertex -14.16 6.299999999999999 3
      vertex -14.16 6.299999999999999 6.359999999999999
      vertex -16.16 6.299999999999999 7.959999999999999
    endloop
  endfacet
  facet normal 0 1 0
    outer loop
      vertex -14.16 5.1 7.959999999999999
      vertex -16.16 5.1 6.359999999999999
      vertex -16.16 5.1 7.359999999999999
    endloop
  endfacet
  facet normal 0 1 0
    outer loop
      vertex -16.16 5.1 7.959999999999999
      vertex -14.16 5.1 7.959999999999999
      vertex -16.16 5.1 7.359999999999999
    endloop
  endfacet
  facet normal 0 -1 0
    outer loop
      vertex -16.16 6.299999999999999 7.959999999999999
      vertex -14.16 6.299999999999999 6.359999999999999
      vertex -14.16 6.299999999999999 7.959999999999999
    endloop
  endfacet
  facet normal 0 0 1
    outer loop
      vertex 14.16 -6.299999999999999 3
      vertex 16.16 -6.299999999999999 3
      vertex 14.16 -5.1 3
    endloop
  endfacet
  facet normal 0 0 1
    outer loop
      vertex 16.16 -6.299999999999999 3
      vertex 16.16 -5.1 3
      vertex 14.16 -5.1 3
    endloop
  endfacet
  facet normal 0 -1 0
    outer loop
      vertex 14.16 -5.1 3
      vertex 16.16 -5.1 3
      vertex 14.16 -5.1 6.359999999999999
    endloop
  endfacet
  facet normal 0 1 0
    outer loop
      vertex 14.16 -6.299999999999999 3
      vertex 16.16 -6.299999999999999 6.359999999999999
      vertex 16.16 -6.299999999999999 3
    endloop
  endfacet
  facet normal 0 1 0
    outer loop
      vertex 14.16 -6.299999999999999 3
      vertex 14.16 -6.299999999999999 6.359999999999999
      vertex 16.16 -6.299999999999999 7.959999999999999
    endloop
  endfacet
  facet normal 0 -1 0
    outer loop
      vertex 16.16 -5.1 3
      vertex 14.16 -5.1 7.959999999999999
      vertex 14.16 -5.1 6.359999999999999
    endloop
  endfacet
  facet normal 0 1 0
    outer loop
      vertex 14.16 -6.299999999999999 3
      vertex 16.16 -6.299999999999999 7.359999999999999
      vertex 16.16 -6.299999999999999 6.359999999999999
    endloop
  endfacet
  facet normal 0 1 0
    outer loop
      vertex 14.16 -6.299999999999999 3
      vertex 16.16 -6.299999999999999 7.959999999999999
      vertex 16.16 -6.299999999999999 7.359999999999999
    endloop
  endfacet
  facet normal 0 -1 0
    outer loop
      vertex 16.16 -5.1 3
      vertex 16.16 -5.1 6.359999999999999
      vertex 14.16 -5.1 7.959999999999999
    endloop
  endfacet
  facet normal 0 1 0
    outer loop
      vertex 16.16 -6.299999999999999 7.959999999999999
      vertex 14.16 -6.299999999999999 6.359999999999999
      vertex 14.16 -6.299999999999999 7.959999999999999
    endloop
  endfacet
  facet normal 0 -1 0
    outer loop
      vertex 14.16 -5.1 7.959999999999999
      vertex 16.16 -5.1 6.359999999999999
      vertex 16.16 -5.1 7.359999999999999
    endloop
  endfacet
  facet normal 0 -1 0
    outer loop
      vertex 16.16 -5.1 7.959999999999999
      vertex 14.16 -5.1 7.959999999999999
      vertex 16.16 -5.1 7.359999999999999
    endloop
  endfacet
  facet normal 0 0 1
    outer loop
      vertex 14.16 5.1 3
      vertex 16.16 5.1 3
      vertex 14.16 6.299999999999999 3
    endloop
  endfacet
  facet normal 0 0 1
    outer loop
      vertex 16.16 5.1 3
      vertex 16.16 6.299999999999999 3
      vertex 14.16 6.299999999999999 3
    endloop
  endfacet
  facet normal 0 -1 0
    outer loop
      vertex 14.16 6.299999999999999 3
      vertex 16.16 6.299999999999999 3
      vertex 14.16 6.299999999999999 6.359999999999999
    endloop
  endfacet
  facet normal 0 1 0
    outer loop
      vertex 14.16 5.1 3
      vertex 16.16 5.1 6.359999999999999
      vertex 16.16 5.1 3
    endloop
  endfacet
  facet normal 0 1 0
    outer loop
      vertex 14.16 5.1 3
      vertex 14.16 5.1 6.359999999999999
      vertex 16.16 5.1 7.959999999999999
    endloop
  endfacet
  facet normal 0 -1 0
    outer loop
      vertex 16.16 6.299999999999999 3
      vertex 14.16 6.299999999999999 7.959999999999999
      vertex 14.16 6.299999999999999 6.359999999999999
    endloop
  endfacet
  facet normal 0 1 0
    outer loop
      vertex 14.16 5.1 3
      vertex 16.16 5.1 7.359999999999999
      vertex 16.16 5.1 6.359999999999999
    endloop
  endfacet
  facet normal 0 1 0
    outer loop
      vertex 14.16 5.1 3
      vertex 16.16 5.1 7.959999999999999
      vertex 16.16 5.1 7.359999999999999
    endloop
  endfacet
  facet normal 0 -1 0
    outer loop
      vertex 16.16 6.299999999999999 3
      vertex 16.16 6.299999999999999 6.359999999999999
      vertex 14.16 6.299999999999999 7.959999999999999
    endloop
  endfacet
  facet normal 0 1 0
    outer loop
      vertex 16.16 5.1 7.959999999999999
      vertex 14.16 5.1 6.359999999999999
      vertex 14.16 5.1 7.959999999999999
    endloop
  endfacet
  facet normal 0 -1 0
    outer loop
      vertex 14.16 6.299999999999999 7.959999999999999
      vertex 16.16 6.299999999999999 6.359999999999999
      vertex 16.16 6.299999999999999 7.359999999999999
    endloop
  endfacet
  facet normal 0 -1 0
    outer loop
      vertex 16.16 6.299999999999999 7.959999999999999
      vertex 14.16 6.299999999999999 7.959999999999999
      vertex 16.16 6.299999999999999 7.359999999999999
    endloop
  endfacet
  facet normal 0 1 0
    outer loop
      vertex -10.16 -9.965 0
      vertex -10.16 -9.965 1
      vertex -8.5 -9.965 0
    endloop
  endfacet
  facet normal 0 1 0
    outer loop
      vertex -8.5 -9.965 0
      vertex -10.16 -9.965 1
      vertex -8.5 -9.965 1
    endloop
  endfacet
  facet normal 1 0 0
    outer loop
      vertex -10.16 -9.965 0
      vertex -10.16 9.965 1
      vertex -10.16 -9.965 1
    endloop
  endfacet
  facet normal 0 0 -1
    outer loop
      vertex -10.16 -9.965 1
      vertex -10.16 9.965 1
      vertex -8.5 -9.965 1
    endloop
  endfacet
  facet normal 0 0 -1
    outer loop
      vertex -8.5 -9.965 1
      vertex -10.16 9.965 1
      vertex 8.5 -9.965 1
    endloop
  endfacet
  facet normal 1 0 0
    outer loop
      vertex -10.16 -9.965 0
      vertex -10.16 9.965 0
      vertex -10.16 9.965 1
    endloop
  endfacet
  facet normal 0 -1 0
    outer loop
      vertex -10.16 9.965 0
      vertex -8.5 9.965 0
      vertex -8.5 9.965 1
    endloop
  endfacet
  facet normal 0 -1 0
    outer loop
      vertex -10.16 9.965 0
      vertex -8.5 9.965 1
      vertex -10.16 9.965 1
    endloop
  endfacet
  facet normal 0 0 -1
    outer loop
      vertex -10.16 9.965 1
      vertex -8.5 9.965 1
      vertex 10.16 -9.965 1
    endloop
  endfacet
  facet normal 0 0 -1
    outer loop
      vertex -10.16 9.965 1
      vertex 10.16 -9.965 1
      vertex 8.5 -9.965 1
    endloop
  endfacet
  facet normal 0 1 0
    outer loop
      vertex 8.5 -9.965 0
      vertex 8.5 -9.965 1
      vertex 10.16 -9.965 0
    endloop
  endfacet
  facet normal 0 1 0
    outer loop
      vertex 10.16 -9.965 0
      vertex 8.5 -9.965 1
      vertex 10.16 -9.965 1
    endloop
  endfacet
  facet normal -1 0 0
    outer loop
      vertex 10.16 -9.965 0
      vertex 10.16 -9.965 1
      vertex 10.16 9.965 0
    endloop
  endfacet
  facet normal 0 0 -1
    outer loop
      vertex -8.5 9.965 1
      vertex 8.5 9.965 1
      vertex 10.16 -9.965 1
    endloop
  endfacet
  facet normal -1 0 0
    outer loop
      vertex 10.16 -9.965 1
      vertex 10.16 9.965 1
      vertex 10.16 9.965 0
    endloop
  endfacet
  facet normal 0 0 -1
    outer loop
      vertex 10.16 -9.965 1
      vertex 8.5 9.965 1
      vertex 10.16 9.965 1
    endloop
  endfacet
  facet normal 0 -1 0
    outer loop
      vertex 8.5 9.965 0
      vertex 10.16 9.965 0
      vertex 10.16 9.965 1
    endloop
  endfacet
  facet normal 0 -1 0
    outer loop
      vertex 8.5 9.965 0
      vertex 10.16 9.965 1
      vertex 8.5 9.965 1
    endloop
  endfacet
  facet normal -0.903989293123444 -0.4275550934302805 -1.5506074315925563e-19
    outer loop
      vertex -12.778178749957672 -9.175287902596546 2
      vertex -12.869437983212048 -8.98233646539407 4.8
      vertex -12.869437983212048 -8.98233646539407 2
    endloop
  endfacet
  facet normal -0.9415440651830213 -0.3368898533922188 -7.305765006376511e-19
    outer loop
      vertex -12.869437983212048 -8.98233646539407 2
      vertex -12.941345230217554 -8.781369173028455 4.8
      vertex -12.941345230217554 -8.781369173028455 2
    endloop
  endfacet
  facet normal -0.970031253194543 -0.24298017990326776 -8.118087602236523e-19
    outer loop
      vertex -12.941345230217554 -8.781369173028455 2
      vertex -12.993207984877026 -8.57432145038508 4.8
      vertex -12.993207984877026 -8.57432145038508 2
    endloop
  endfacet
  facet normal -0.9891765099647809 -0.1467304744553623 2.0848633384480764e-19
    outer loop
      vertex -12.993207984877026 -8.57432145038508 2
      vertex -13.024526780512028 -8.363187280216795 4.8
      vertex -13.024526780512028 -8.363187280216795 2
    endloop
  endfacet
  facet normal -0.9987954562051723 -0.04906767432741877 -1.9178475523374868e-19
    outer loop
      vertex -13.024526780512028 -8.363187280216795 2
      vertex -13.035 -8.15 4.8
      vertex -13.035 -8.15 2
    endloop
  endfacet
  facet normal -0.9987954562051724 0.04906767432741898 -1.341437173057933e-19
    outer loop
      vertex -13.035 -8.15 2
      vertex -13.024526780512028 -7.936812719783206 4.8
      vertex -13.024526780512028 -7.936812719783206 2
    endloop
  endfacet
  facet normal -0.9891765099647809 0.1467304744553623 -2.0848633384480764e-19
    outer loop
      vertex -13.024526780512028 -7.936812719783206 2
      vertex -12.993207984877026 -7.725678549614922 4.8
      vertex -12.993207984877026 -7.725678549614922 2
    endloop
  endfacet
  facet normal -0.9700312531945434 0.24298017990326576 1.123724612254956e-18
    outer loop
      vertex -12.993207984877026 -7.725678549614922 2
      vertex -12.941345230217554 -7.5186308269715445 4.8
      vertex -12.941345230217554 -7.5186308269715445 2
    endloop
  endfacet
  facet normal -0.903989293123444 -0.4275550934302805 0
    outer loop
      vertex -12.778178749957672 -9.175287902596546 2
      vertex -12.778178749957672 -9.175287902596546 4.8
      vertex -12.869437983212048 -8.98233646539407 4.8
    endloop
  endfacet
  facet normal -0.9415440651830213 -0.3368898533922188 0
    outer loop
      vertex -12.869437983212048 -8.98233646539407 2
      vertex -12.869437983212048 -8.98233646539407 4.8
      vertex -12.941345230217554 -8.781369173028455 4.8
    endloop
  endfacet
  facet normal -0.970031253194543 -0.24298017990326776 0
    outer loop
      vertex -12.941345230217554 -8.781369173028455 2
      vertex -12.941345230217554 -8.781369173028455 4.8
      vertex -12.993207984877026 -8.57432145038508 4.8
    endloop
  endfacet
  facet normal -0.9891765099647809 -0.1467304744553623 0
    outer loop
      vertex -12.993207984877026 -8.57432145038508 2
      vertex -12.993207984877026 -8.57432145038508 4.8
      vertex -13.024526780512028 -8.363187280216795 4.8
    endloop
  endfacet
  facet normal -0.9987954562051723 -0.04906767432741877 0
    outer loop
      vertex -13.024526780512028 -8.363187280216795 2
      vertex -13.024526780512028 -8.363187280216795 4.8
      vertex -13.035 -8.15 4.8
    endloop
  endfacet
  facet normal -0.9987954562051724 0.04906767432741898 0
    outer loop
      vertex -13.035 -8.15 2
      vertex -13.035 -8.15 4.8
      vertex -13.024526780512028 -7.936812719783206 4.8
    endloop
  endfacet
  facet normal -0.9891765099647809 0.1467304744553623 0
    outer loop
      vertex -13.024526780512028 -7.936812719783206 2
      vertex -13.024526780512028 -7.936812719783206 4.8
      vertex -12.993207984877026 -7.725678549614922 4.8
    endloop
  endfacet
  facet normal -0.9700312531945434 0.24298017990326576 0
    outer loop
      vertex -12.993207984877026 -7.725678549614922 2
      vertex -12.993207984877026 -7.725678549614922 4.8
      vertex -12.941345230217554 -7.5186308269715445 4.8
    endloop
  endfacet
  facet normal -0.8032075314806477 -0.5956993044924295 0
    outer loop
      vertex -12.668446406758035 -9.358365256817635 2
      vertex -12.541297736063953 -9.529805393055929 2
      vertex -12.668446406758035 -9.358365256817635 4.8
    endloop
  endfacet
  facet normal -0.6715589548470162 -0.7409511253549611 0
    outer loop
      vertex -12.239805393055928 -9.831297736063952 2
      vertex -12.239805393055928 -9.831297736063952 4.8
      vertex -12.39795724908074 -9.68795724908074 2
    endloop
  endfacet
  facet normal -0.7409511253549569 -0.6715589548470208 2.232982998695004e-18
    outer loop
      vertex -12.39795724908074 -9.68795724908074 2
      vertex -12.541297736063953 -9.529805393055929 4.8
      vertex -12.541297736063953 -9.529805393055929 2
    endloop
  endfacet
  facet normal -0.5956993044924348 -0.8032075314806437 -2.1656596291757904e-18
    outer loop
      vertex -12.239805393055928 -9.831297736063952 2
      vertex -12.068365256817634 -9.958446406758036 2
      vertex -12.068365256817634 -9.958446406758036 4.8
    endloop
  endfacet
  facet normal -0.4275550934302805 -0.903989293123444 -1.5506074315925563e-19
    outer loop
      vertex -11.885287902596545 -10.068178749957672 2
      vertex -11.69233646539407 -10.15943798321205 2
      vertex -11.69233646539407 -10.15943798321205 4.8
    endloop
  endfacet
  facet normal -0.514102744193226 -0.8577286100002695 0
    outer loop
      vertex -11.885287902596545 -10.068178749957672 2
      vertex -11.885287902596545 -10.068178749957672 4.8
      vertex -12.068365256817634 -9.958446406758036 2
    endloop
  endfacet
  facet normal -0.1467304744553623 -0.9891765099647809 2.0848633384480764e-19
    outer loop
      vertex -11.284321450385079 -10.283207984877027 2
      vertex -11.073187280216795 -10.314526780512029 2
      vertex -11.073187280216795 -10.314526780512029 4.8
    endloop
  endfacet
  facet normal -0.049067674327410465 -0.9987954562051726 -3.569749987156156e-20
    outer loop
      vertex -11.073187280216795 -10.314526780512029 2
      vertex -10.86 -10.325 2
      vertex -10.86 -10.325 4.8
    endloop
  endfacet
  facet normal 0.049067674327410465 -0.9987954562051726 3.569749987156156e-20
    outer loop
      vertex -10.86 -10.325 2
      vertex -10.646812719783204 -10.314526780512029 2
      vertex -10.646812719783204 -10.314526780512029 4.8
    endloop
  endfacet
  facet normal -0.3368898533922188 -0.9415440651830213 -7.305765006376511e-19
    outer loop
      vertex -11.69233646539407 -10.15943798321205 2
      vertex -11.491369173028454 -10.231345230217554 2
      vertex -11.491369173028454 -10.231345230217554 4.8
    endloop
  endfacet
  facet normal -0.24298017990326776 -0.970031253194543 -8.118087602236523e-19
    outer loop
      vertex -11.491369173028454 -10.231345230217554 2
      vertex -11.284321450385079 -10.283207984877027 2
      vertex -11.284321450385079 -10.283207984877027 4.8
    endloop
  endfacet
  facet normal -0.8577286100002695 -0.514102744193226 -2.3389924263616932e-18
    outer loop
      vertex -12.668446406758035 -9.358365256817635 2
      vertex -12.778178749957672 -9.175287902596546 4.8
      vertex -12.778178749957672 -9.175287902596546 2
    endloop
  endfacet
  facet normal 0.1467304744553623 -0.9891765099647809 -2.0848633384480764e-19
    outer loop
      vertex -10.646812719783204 -10.314526780512029 2
      vertex -10.43567854961492 -10.283207984877027 2
      vertex -10.43567854961492 -10.283207984877027 4.8
    endloop
  endfacet
  facet normal 0.24298017990326776 -0.970031253194543 8.118087602236523e-19
    outer loop
      vertex -10.43567854961492 -10.283207984877027 2
      vertex -10.228630826971544 -10.231345230217554 2
      vertex -10.228630826971544 -10.231345230217554 4.8
    endloop
  endfacet
  facet normal 0.3368898533922188 -0.9415440651830213 7.305765006376511e-19
    outer loop
      vertex -10.228630826971544 -10.231345230217554 2
      vertex -10.02766353460593 -10.15943798321205 2
      vertex -10.02766353460593 -10.15943798321205 4.8
    endloop
  endfacet
  facet normal 0.4275550934302805 -0.903989293123444 1.5506074315925563e-19
    outer loop
      vertex -10.02766353460593 -10.15943798321205 2
      vertex -9.834712097403454 -10.068178749957672 2
      vertex -9.834712097403454 -10.068178749957672 4.8
    endloop
  endfacet
  facet normal 0.514102744193226 -0.8577286100002695 2.3389924263616932e-18
    outer loop
      vertex -9.834712097403454 -10.068178749957672 2
      vertex -9.651634743182365 -9.958446406758036 2
      vertex -9.651634743182365 -9.958446406758036 4.8
    endloop
  endfacet
  facet normal 0.5956993044924348 -0.8032075314806437 2.1656596291757904e-18
    outer loop
      vertex -9.651634743182365 -9.958446406758036 2
      vertex -9.480194606944071 -9.831297736063952 2
      vertex -9.480194606944071 -9.831297736063952 4.8
    endloop
  endfacet
  facet normal 0.6715589548470162 -0.7409511253549611 -2.0805980453179383e-18
    outer loop
      vertex -9.480194606944071 -9.831297736063952 2
      vertex -9.322042750919259 -9.68795724908074 2
      vertex -9.322042750919259 -9.68795724908074 4.8
    endloop
  endfacet
  facet normal 0.7409511253549569 -0.6715589548470208 0
    outer loop
      vertex -9.322042750919259 -9.68795724908074 2
      vertex -9.178702263936046 -9.529805393055929 2
      vertex -9.322042750919259 -9.68795724908074 4.8
    endloop
  endfacet
  facet normal 0.8032075314806477 -0.5956993044924295 0
    outer loop
      vertex -9.178702263936046 -9.529805393055929 2
      vertex -9.051553593241964 -9.358365256817635 2
      vertex -9.178702263936046 -9.529805393055929 4.8
    endloop
  endfacet
  facet normal 0.8577286100002695 -0.514102744193226 0
    outer loop
      vertex -9.051553593241964 -9.358365256817635 2
      vertex -8.941821250042327 -9.175287902596546 2
      vertex -9.051553593241964 -9.358365256817635 4.8
    endloop
  endfacet
  facet normal 0.903989293123444 -0.4275550934302805 0
    outer loop
      vertex -8.941821250042327 -9.175287902596546 2
      vertex -8.85056201678795 -8.98233646539407 2
      vertex -8.941821250042327 -9.175287902596546 4.8
    endloop
  endfacet
  facet normal 0.9415440651830213 -0.3368898533922188 0
    outer loop
      vertex -8.85056201678795 -8.98233646539407 2
      vertex -8.778654769782445 -8.781369173028455 2
      vertex -8.85056201678795 -8.98233646539407 4.8
    endloop
  endfacet
  facet normal 0.970031253194543 -0.24298017990326776 0
    outer loop
      vertex -8.778654769782445 -8.781369173028455 2
      vertex -8.726792015122973 -8.57432145038508 2
      vertex -8.778654769782445 -8.781369173028455 4.8
    endloop
  endfacet
  facet normal 0.9891765099647809 -0.1467304744553623 0
    outer loop
      vertex -8.726792015122973 -8.57432145038508 2
      vertex -8.69547321948797 -8.363187280216795 2
      vertex -8.726792015122973 -8.57432145038508 4.8
    endloop
  endfacet
  facet normal 0.9987954562051723 -0.04906767432741877 0
    outer loop
      vertex -8.69547321948797 -8.363187280216795 2
      vertex -8.684999999999999 -8.15 2
      vertex -8.69547321948797 -8.363187280216795 4.8
    endloop
  endfacet
  facet normal 0.9987954562051724 0.04906767432741898 0
    outer loop
      vertex -8.684999999999999 -8.15 2
      vertex -8.69547321948797 -7.936812719783206 2
      vertex -8.684999999999999 -8.15 4.8
    endloop
  endfacet
  facet normal 0.9891765099647809 0.1467304744553623 2.0848633384480764e-19
    outer loop
      vertex -8.726792015122973 -7.725678549614922 2
      vertex -8.69547321948797 -7.936812719783206 4.8
      vertex -8.69547321948797 -7.936812719783206 2
    endloop
  endfacet
  facet normal 0.9700312531945434 0.24298017990326576 0
    outer loop
      vertex -8.726792015122973 -7.725678549614922 2
      vertex -8.778654769782445 -7.5186308269715445 2
      vertex -8.726792015122973 -7.725678549614922 4.8
    endloop
  endfacet
  facet normal -0.8032075314806477 -0.5956993044924295 0
    outer loop
      vertex -12.541297736063953 -9.529805393055929 2
      vertex -12.541297736063953 -9.529805393055929 4.8
      vertex -12.668446406758035 -9.358365256817635 4.8
    endloop
  endfacet
  facet normal -0.7409511253549569 -0.6715589548470208 0
    outer loop
      vertex -12.39795724908074 -9.68795724908074 2
      vertex -12.39795724908074 -9.68795724908074 4.8
      vertex -12.541297736063953 -9.529805393055929 4.8
    endloop
  endfacet
  facet normal -0.6715589548470162 -0.7409511253549611 0
    outer loop
      vertex -12.39795724908074 -9.68795724908074 2
      vertex -12.239805393055928 -9.831297736063952 4.8
      vertex -12.39795724908074 -9.68795724908074 4.8
    endloop
  endfacet
  facet normal -0.5956993044924348 -0.8032075314806437 0
    outer loop
      vertex -12.239805393055928 -9.831297736063952 2
      vertex -12.068365256817634 -9.958446406758036 4.8
      vertex -12.239805393055928 -9.831297736063952 4.8
    endloop
  endfacet
  facet normal -0.514102744193226 -0.8577286100002695 0
    outer loop
      vertex -12.068365256817634 -9.958446406758036 2
      vertex -11.885287902596545 -10.068178749957672 4.8
      vertex -12.068365256817634 -9.958446406758036 4.8
    endloop
  endfacet
  facet normal -0.4275550934302805 -0.903989293123444 0
    outer loop
      vertex -11.885287902596545 -10.068178749957672 2
      vertex -11.69233646539407 -10.15943798321205 4.8
      vertex -11.885287902596545 -10.068178749957672 4.8
    endloop
  endfacet
  facet normal -0.1467304744553623 -0.9891765099647809 0
    outer loop
      vertex -11.284321450385079 -10.283207984877027 2
      vertex -11.073187280216795 -10.314526780512029 4.8
      vertex -11.284321450385079 -10.283207984877027 4.8
    endloop
  endfacet
  facet normal -0.049067674327410465 -0.9987954562051726 0
    outer loop
      vertex -11.073187280216795 -10.314526780512029 2
      vertex -10.86 -10.325 4.8
      vertex -11.073187280216795 -10.314526780512029 4.8
    endloop
  endfacet
  facet normal 0.049067674327410465 -0.9987954562051726 0
    outer loop
      vertex -10.86 -10.325 2
      vertex -10.646812719783204 -10.314526780512029 4.8
      vertex -10.86 -10.325 4.8
    endloop
  endfacet
  facet normal -0.3368898533922188 -0.9415440651830213 0
    outer loop
      vertex -11.69233646539407 -10.15943798321205 2
      vertex -11.491369173028454 -10.231345230217554 4.8
      vertex -11.69233646539407 -10.15943798321205 4.8
    endloop
  endfacet
  facet normal -0.24298017990326776 -0.970031253194543 0
    outer loop
      vertex -11.491369173028454 -10.231345230217554 2
      vertex -11.284321450385079 -10.283207984877027 4.8
      vertex -11.491369173028454 -10.231345230217554 4.8
    endloop
  endfacet
  facet normal -0.8577286100002695 -0.514102744193226 0
    outer loop
      vertex -12.668446406758035 -9.358365256817635 2
      vertex -12.668446406758035 -9.358365256817635 4.8
      vertex -12.778178749957672 -9.175287902596546 4.8
    endloop
  endfacet
  facet normal 0.1467304744553623 -0.9891765099647809 0
    outer loop
      vertex -10.646812719783204 -10.314526780512029 2
      vertex -10.43567854961492 -10.283207984877027 4.8
      vertex -10.646812719783204 -10.314526780512029 4.8
    endloop
  endfacet
  facet normal 0.24298017990326776 -0.970031253194543 0
    outer loop
      vertex -10.43567854961492 -10.283207984877027 2
      vertex -10.228630826971544 -10.231345230217554 4.8
      vertex -10.43567854961492 -10.283207984877027 4.8
    endloop
  endfacet
  facet normal 0.3368898533922188 -0.9415440651830213 0
    outer loop
      vertex -10.228630826971544 -10.231345230217554 2
      vertex -10.02766353460593 -10.15943798321205 4.8
      vertex -10.228630826971544 -10.231345230217554 4.8
    endloop
  endfacet
  facet normal 0.4275550934302805 -0.903989293123444 0
    outer loop
      vertex -10.02766353460593 -10.15943798321205 2
      vertex -9.834712097403454 -10.068178749957672 4.8
      vertex -10.02766353460593 -10.15943798321205 4.8
    endloop
  endfacet
  facet normal 0.514102744193226 -0.8577286100002695 0
    outer loop
      vertex -9.834712097403454 -10.068178749957672 2
      vertex -9.651634743182365 -9.958446406758036 4.8
      vertex -9.834712097403454 -10.068178749957672 4.8
    endloop
  endfacet
  facet normal 0.5956993044924348 -0.8032075314806437 0
    outer loop
      vertex -9.651634743182365 -9.958446406758036 2
      vertex -9.480194606944071 -9.831297736063952 4.8
      vertex -9.651634743182365 -9.958446406758036 4.8
    endloop
  endfacet
  facet normal 0.6715589548470162 -0.7409511253549611 0
    outer loop
      vertex -9.480194606944071 -9.831297736063952 2
      vertex -9.322042750919259 -9.68795724908074 4.8
      vertex -9.480194606944071 -9.831297736063952 4.8
    endloop
  endfacet
  facet normal 0.7409511253549569 -0.6715589548470208 0
    outer loop
      vertex -9.178702263936046 -9.529805393055929 2
      vertex -9.178702263936046 -9.529805393055929 4.8
      vertex -9.322042750919259 -9.68795724908074 4.8
    endloop
  endfacet
  facet normal 0.8032075314806477 -0.5956993044924295 0
    outer loop
      vertex -9.051553593241964 -9.358365256817635 2
      vertex -9.051553593241964 -9.358365256817635 4.8
      vertex -9.178702263936046 -9.529805393055929 4.8
    endloop
  endfacet
  facet normal 0.8577286100002695 -0.514102744193226 0
    outer loop
      vertex -8.941821250042327 -9.175287902596546 2
      vertex -8.941821250042327 -9.175287902596546 4.8
      vertex -9.051553593241964 -9.358365256817635 4.8
    endloop
  endfacet
  facet normal 0.903989293123444 -0.4275550934302805 0
    outer loop
      vertex -8.85056201678795 -8.98233646539407 2
      vertex -8.85056201678795 -8.98233646539407 4.8
      vertex -8.941821250042327 -9.175287902596546 4.8
    endloop
  endfacet
  facet normal 0.9415440651830213 -0.3368898533922188 0
    outer loop
      vertex -8.778654769782445 -8.781369173028455 2
      vertex -8.778654769782445 -8.781369173028455 4.8
      vertex -8.85056201678795 -8.98233646539407 4.8
    endloop
  endfacet
  facet normal 0.970031253194543 -0.24298017990326776 0
    outer loop
      vertex -8.726792015122973 -8.57432145038508 2
      vertex -8.726792015122973 -8.57432145038508 4.8
      vertex -8.778654769782445 -8.781369173028455 4.8
    endloop
  endfacet
  facet normal 0.9891765099647809 -0.1467304744553623 0
    outer loop
      vertex -8.69547321948797 -8.363187280216795 2
      vertex -8.69547321948797 -8.363187280216795 4.8
      vertex -8.726792015122973 -8.57432145038508 4.8
    endloop
  endfacet
  facet normal 0.9987954562051723 -0.04906767432741877 0
    outer loop
      vertex -8.684999999999999 -8.15 2
      vertex -8.684999999999999 -8.15 4.8
      vertex -8.69547321948797 -8.363187280216795 4.8
    endloop
  endfacet
  facet normal 0.9987954562051724 0.04906767432741898 0
    outer loop
      vertex -8.69547321948797 -7.936812719783206 2
      vertex -8.69547321948797 -7.936812719783206 4.8
      vertex -8.684999999999999 -8.15 4.8
    endloop
  endfacet
  facet normal 0.9891765099647809 0.1467304744553623 0
    outer loop
      vertex -8.726792015122973 -7.725678549614922 2
      vertex -8.726792015122973 -7.725678549614922 4.8
      vertex -8.69547321948797 -7.936812719783206 4.8
    endloop
  endfacet
  facet normal 0.9700312531945434 0.24298017990326576 0
    outer loop
      vertex -8.778654769782445 -7.5186308269715445 2
      vertex -8.778654769782445 -7.5186308269715445 4.8
      vertex -8.726792015122973 -7.725678549614922 4.8
    endloop
  endfacet
  facet normal -0.9415440651830213 0.3368898533922188 7.305765006376511e-19
    outer loop
      vertex -12.941345230217554 -7.5186308269715445 2
      vertex -12.869437983212048 -7.31766353460593 4.8
      vertex -12.869437983212048 -7.31766353460593 2
    endloop
  endfacet
  facet normal -0.9039892931234426 0.4275550934302837 1.7530742013974197e-18
    outer loop
      vertex -12.869437983212048 -7.31766353460593 2
      vertex -12.778178749957672 -7.124712097403456 4.8
      vertex -12.778178749957672 -7.124712097403456 2
    endloop
  endfacet
  facet normal -0.9415440651830213 0.3368898533922188 0
    outer loop
      vertex -12.941345230217554 -7.5186308269715445 2
      vertex -12.941345230217554 -7.5186308269715445 4.8
      vertex -12.869437983212048 -7.31766353460593 4.8
    endloop
  endfacet
  facet normal -0.9039892931234426 0.4275550934302837 0
    outer loop
      vertex -12.869437983212048 -7.31766353460593 2
      vertex -12.869437983212048 -7.31766353460593 4.8
      vertex -12.778178749957672 -7.124712097403456 4.8
    endloop
  endfacet
  facet normal -0.8577286100002706 0.5141027441932242 2.8700516743443445e-18
    outer loop
      vertex -12.778178749957672 -7.124712097403456 2
      vertex -12.668446406758035 -6.941634743182366 4.8
      vertex -12.668446406758035 -6.941634743182366 2
    endloop
  endfacet
  facet normal -0.8032075314806477 0.5956993044924295 -2.3470143059598516e-18
    outer loop
      vertex -12.668446406758035 -6.941634743182366 2
      vertex -12.541297736063953 -6.770194606944072 4.8
      vertex -12.541297736063953 -6.770194606944072 2
    endloop
  endfacet
  facet normal -0.7409511253549569 0.6715589548470208 -2.232982998695004e-18
    outer loop
      vertex -12.541297736063953 -6.770194606944072 2
      vertex -12.39795724908074 -6.61204275091926 4.8
      vertex -12.39795724908074 -6.61204275091926 2
    endloop
  endfacet
  facet normal -0.6715589548470186 0.740951125354959 0
    outer loop
      vertex -12.39795724908074 -6.61204275091926 2
      vertex -12.39795724908074 -6.61204275091926 4.8
      vertex -12.239805393055928 -6.468702263936048 2
    endloop
  endfacet
  facet normal -0.5956993044924321 0.8032075314806458 0
    outer loop
      vertex -12.239805393055928 -6.468702263936048 2
      vertex -12.239805393055928 -6.468702263936048 4.8
      vertex -12.068365256817634 -6.341553593241965 2
    endloop
  endfacet
  facet normal -0.514102744193226 0.8577286100002695 0
    outer loop
      vertex -12.068365256817634 -6.341553593241965 2
      vertex -12.068365256817634 -6.341553593241965 4.8
      vertex -11.885287902596545 -6.231821250042328 2
    endloop
  endfacet
  facet normal -0.4275550934302805 0.903989293123444 0
    outer loop
      vertex -11.885287902596545 -6.231821250042328 2
      vertex -11.885287902596545 -6.231821250042328 4.8
      vertex -11.69233646539407 -6.1405620167879515 2
    endloop
  endfacet
  facet normal -0.3368898533922188 0.9415440651830213 0
    outer loop
      vertex -11.69233646539407 -6.1405620167879515 2
      vertex -11.69233646539407 -6.1405620167879515 4.8
      vertex -11.491369173028454 -6.068654769782446 2
    endloop
  endfacet
  facet normal -0.24298017990326776 0.970031253194543 0
    outer loop
      vertex -11.491369173028454 -6.068654769782446 2
      vertex -11.491369173028454 -6.068654769782446 4.8
      vertex -11.284321450385079 -6.016792015122974 2
    endloop
  endfacet
  facet normal -0.1467304744553623 0.9891765099647809 0
    outer loop
      vertex -11.284321450385079 -6.016792015122974 2
      vertex -11.284321450385079 -6.016792015122974 4.8
      vertex -11.073187280216795 -5.985473219487972 2
    endloop
  endfacet
  facet normal -0.04906767432741463 0.9987954562051726 0
    outer loop
      vertex -11.073187280216795 -5.985473219487972 2
      vertex -11.073187280216795 -5.985473219487972 4.8
      vertex -10.86 -5.9750000000000005 2
    endloop
  endfacet
  facet normal 0.04906767432741463 0.9987954562051726 0
    outer loop
      vertex -10.86 -5.9750000000000005 2
      vertex -10.86 -5.9750000000000005 4.8
      vertex -10.646812719783204 -5.985473219487972 2
    endloop
  endfacet
  facet normal 0.3368898533922188 0.9415440651830213 0
    outer loop
      vertex -10.228630826971544 -6.068654769782446 2
      vertex -10.228630826971544 -6.068654769782446 4.8
      vertex -10.02766353460593 -6.1405620167879515 2
    endloop
  endfacet
  facet normal 0.1467304744553623 0.9891765099647809 0
    outer loop
      vertex -10.646812719783204 -5.985473219487972 2
      vertex -10.646812719783204 -5.985473219487972 4.8
      vertex -10.43567854961492 -6.016792015122974 2
    endloop
  endfacet
  facet normal 0.24298017990326776 0.970031253194543 0
    outer loop
      vertex -10.43567854961492 -6.016792015122974 2
      vertex -10.43567854961492 -6.016792015122974 4.8
      vertex -10.228630826971544 -6.068654769782446 2
    endloop
  endfacet
  facet normal 0.4275550934302805 0.903989293123444 0
    outer loop
      vertex -10.02766353460593 -6.1405620167879515 2
      vertex -10.02766353460593 -6.1405620167879515 4.8
      vertex -9.834712097403454 -6.231821250042328 2
    endloop
  endfacet
  facet normal 0.514102744193226 0.8577286100002695 -2.3389924263616932e-18
    outer loop
      vertex -9.651634743182365 -6.341553593241965 2
      vertex -9.834712097403454 -6.231821250042328 2
      vertex -9.834712097403454 -6.231821250042328 4.8
    endloop
  endfacet
  facet normal 0.8032075314806477 0.5956993044924295 2.3470143059598516e-18
    outer loop
      vertex -9.178702263936046 -6.770194606944072 2
      vertex -9.051553593241964 -6.941634743182366 4.8
      vertex -9.051553593241964 -6.941634743182366 2
    endloop
  endfacet
  facet normal 0.7409511253549569 0.6715589548470208 2.232982998695004e-18
    outer loop
      vertex -9.322042750919259 -6.61204275091926 2
      vertex -9.178702263936046 -6.770194606944072 4.8
      vertex -9.178702263936046 -6.770194606944072 2
    endloop
  endfacet
  facet normal 0.9415440651830213 0.3368898533922188 0
    outer loop
      vertex -8.778654769782445 -7.5186308269715445 2
      vertex -8.85056201678795 -7.31766353460593 2
      vertex -8.778654769782445 -7.5186308269715445 4.8
    endloop
  endfacet
  facet normal 0.9039892931234426 0.4275550934302837 0
    outer loop
      vertex -8.85056201678795 -7.31766353460593 2
      vertex -8.941821250042327 -7.124712097403456 2
      vertex -8.85056201678795 -7.31766353460593 4.8
    endloop
  endfacet
  facet normal 0.8577286100002706 0.5141027441932242 0
    outer loop
      vertex -8.941821250042327 -7.124712097403456 2
      vertex -9.051553593241964 -6.941634743182366 2
      vertex -8.941821250042327 -7.124712097403456 4.8
    endloop
  endfacet
  facet normal 0.5956993044924321 0.8032075314806458 0
    outer loop
      vertex -9.651634743182365 -6.341553593241965 2
      vertex -9.651634743182365 -6.341553593241965 4.8
      vertex -9.480194606944071 -6.468702263936048 2
    endloop
  endfacet
  facet normal 0.6715589548470186 0.740951125354959 -7.458114997198285e-19
    outer loop
      vertex -9.322042750919259 -6.61204275091926 2
      vertex -9.480194606944071 -6.468702263936048 2
      vertex -9.480194606944071 -6.468702263936048 4.8
    endloop
  endfacet
  facet normal -0.8577286100002706 0.5141027441932242 0
    outer loop
      vertex -12.778178749957672 -7.124712097403456 2
      vertex -12.778178749957672 -7.124712097403456 4.8
      vertex -12.668446406758035 -6.941634743182366 4.8
    endloop
  endfacet
  facet normal -0.8032075314806477 0.5956993044924295 0
    outer loop
      vertex -12.668446406758035 -6.941634743182366 2
      vertex -12.668446406758035 -6.941634743182366 4.8
      vertex -12.541297736063953 -6.770194606944072 4.8
    endloop
  endfacet
  facet normal -0.7409511253549569 0.6715589548470208 0
    outer loop
      vertex -12.541297736063953 -6.770194606944072 2
      vertex -12.541297736063953 -6.770194606944072 4.8
      vertex -12.39795724908074 -6.61204275091926 4.8
    endloop
  endfacet
  facet normal -0.6715589548470186 0.740951125354959 0
    outer loop
      vertex -12.239805393055928 -6.468702263936048 2
      vertex -12.39795724908074 -6.61204275091926 4.8
      vertex -12.239805393055928 -6.468702263936048 4.8
    endloop
  endfacet
  facet normal -0.5956993044924321 0.8032075314806458 0
    outer loop
      vertex -12.068365256817634 -6.341553593241965 2
      vertex -12.239805393055928 -6.468702263936048 4.8
      vertex -12.068365256817634 -6.341553593241965 4.8
    endloop
  endfacet
  facet normal -0.514102744193226 0.8577286100002695 0
    outer loop
      vertex -11.885287902596545 -6.231821250042328 2
      vertex -12.068365256817634 -6.341553593241965 4.8
      vertex -11.885287902596545 -6.231821250042328 4.8
    endloop
  endfacet
  facet normal -0.4275550934302805 0.903989293123444 0
    outer loop
      vertex -11.69233646539407 -6.1405620167879515 2
      vertex -11.885287902596545 -6.231821250042328 4.8
      vertex -11.69233646539407 -6.1405620167879515 4.8
    endloop
  endfacet
  facet normal -0.3368898533922188 0.9415440651830213 0
    outer loop
      vertex -11.491369173028454 -6.068654769782446 2
      vertex -11.69233646539407 -6.1405620167879515 4.8
      vertex -11.491369173028454 -6.068654769782446 4.8
    endloop
  endfacet
  facet normal -0.24298017990326776 0.970031253194543 0
    outer loop
      vertex -11.284321450385079 -6.016792015122974 2
      vertex -11.491369173028454 -6.068654769782446 4.8
      vertex -11.284321450385079 -6.016792015122974 4.8
    endloop
  endfacet
  facet normal -0.1467304744553623 0.9891765099647809 0
    outer loop
      vertex -11.073187280216795 -5.985473219487972 2
      vertex -11.284321450385079 -6.016792015122974 4.8
      vertex -11.073187280216795 -5.985473219487972 4.8
    endloop
  endfacet
  facet normal -0.04906767432741463 0.9987954562051726 0
    outer loop
      vertex -10.86 -5.9750000000000005 2
      vertex -11.073187280216795 -5.985473219487972 4.8
      vertex -10.86 -5.9750000000000005 4.8
    endloop
  endfacet
  facet normal 0.04906767432741463 0.9987954562051726 0
    outer loop
      vertex -10.646812719783204 -5.985473219487972 2
      vertex -10.86 -5.9750000000000005 4.8
      vertex -10.646812719783204 -5.985473219487972 4.8
    endloop
  endfacet
  facet normal 0.1467304744553623 0.9891765099647809 0
    outer loop
      vertex -10.43567854961492 -6.016792015122974 2
      vertex -10.646812719783204 -5.985473219487972 4.8
      vertex -10.43567854961492 -6.016792015122974 4.8
    endloop
  endfacet
  facet normal 0.24298017990326776 0.970031253194543 0
    outer loop
      vertex -10.228630826971544 -6.068654769782446 2
      vertex -10.43567854961492 -6.016792015122974 4.8
      vertex -10.228630826971544 -6.068654769782446 4.8
    endloop
  endfacet
  facet normal 0.3368898533922188 0.9415440651830213 0
    outer loop
      vertex -10.02766353460593 -6.1405620167879515 2
      vertex -10.228630826971544 -6.068654769782446 4.8
      vertex -10.02766353460593 -6.1405620167879515 4.8
    endloop
  endfacet
  facet normal 0.4275550934302805 0.903989293123444 0
    outer loop
      vertex -9.834712097403454 -6.231821250042328 2
      vertex -10.02766353460593 -6.1405620167879515 4.8
      vertex -9.834712097403454 -6.231821250042328 4.8
    endloop
  endfacet
  facet normal 0.514102744193226 0.8577286100002695 0
    outer loop
      vertex -9.651634743182365 -6.341553593241965 2
      vertex -9.834712097403454 -6.231821250042328 4.8
      vertex -9.651634743182365 -6.341553593241965 4.8
    endloop
  endfacet
  facet normal 0.6715589548470186 0.740951125354959 0
    outer loop
      vertex -9.322042750919259 -6.61204275091926 2
      vertex -9.480194606944071 -6.468702263936048 4.8
      vertex -9.322042750919259 -6.61204275091926 4.8
    endloop
  endfacet
  facet normal 0.8032075314806477 0.5956993044924295 0
    outer loop
      vertex -9.178702263936046 -6.770194606944072 2
      vertex -9.178702263936046 -6.770194606944072 4.8
      vertex -9.051553593241964 -6.941634743182366 4.8
    endloop
  endfacet
  facet normal 0.7409511253549569 0.6715589548470208 0
    outer loop
      vertex -9.322042750919259 -6.61204275091926 2
      vertex -9.322042750919259 -6.61204275091926 4.8
      vertex -9.178702263936046 -6.770194606944072 4.8
    endloop
  endfacet
  facet normal 0.9415440651830213 0.3368898533922188 0
    outer loop
      vertex -8.85056201678795 -7.31766353460593 2
      vertex -8.85056201678795 -7.31766353460593 4.8
      vertex -8.778654769782445 -7.5186308269715445 4.8
    endloop
  endfacet
  facet normal 0.9039892931234426 0.4275550934302837 0
    outer loop
      vertex -8.941821250042327 -7.124712097403456 2
      vertex -8.941821250042327 -7.124712097403456 4.8
      vertex -8.85056201678795 -7.31766353460593 4.8
    endloop
  endfacet
  facet normal 0.8577286100002706 0.5141027441932242 0
    outer loop
      vertex -9.051553593241964 -6.941634743182366 2
      vertex -9.051553593241964 -6.941634743182366 4.8
      vertex -8.941821250042327 -7.124712097403456 4.8
    endloop
  endfacet
  facet normal 0.5956993044924321 0.8032075314806458 0
    outer loop
      vertex -9.480194606944071 -6.468702263936048 2
      vertex -9.651634743182365 -6.341553593241965 4.8
      vertex -9.480194606944071 -6.468702263936048 4.8
    endloop
  endfacet
  facet normal 0 0 1
    outer loop
      vertex -12.869437983212048 -8.98233646539407 4.8
      vertex -12.941345230217554 -7.5186308269715445 4.8
      vertex -12.941345230217554 -8.781369173028455 4.8
    endloop
  endfacet
  facet normal 0 0 1
    outer loop
      vertex -12.778178749957672 -9.175287902596546 4.8
      vertex -12.869437983212048 -7.31766353460593 4.8
      vertex -12.869437983212048 -8.98233646539407 4.8
    endloop
  endfacet
  facet normal 0 0 1
    outer loop
      vertex -12.941345230217554 -8.781369173028455 4.8
      vertex -12.993207984877026 -7.725678549614922 4.8
      vertex -12.993207984877026 -8.57432145038508 4.8
    endloop
  endfacet
  facet normal 0 0 1
    outer loop
      vertex -12.993207984877026 -8.57432145038508 4.8
      vertex -13.024526780512028 -7.936812719783206 4.8
      vertex -13.024526780512028 -8.363187280216795 4.8
    endloop
  endfacet
  facet normal 0 0 1
    outer loop
      vertex -13.024526780512028 -8.363187280216795 4.8
      vertex -13.024526780512028 -7.936812719783206 4.8
      vertex -13.035 -8.15 4.8
    endloop
  endfacet
  facet normal 0 0 1
    outer loop
      vertex -12.993207984877026 -8.57432145038508 4.8
      vertex -12.993207984877026 -7.725678549614922 4.8
      vertex -13.024526780512028 -7.936812719783206 4.8
    endloop
  endfacet
  facet normal 0 0 1
    outer loop
      vertex -12.941345230217554 -8.781369173028455 4.8
      vertex -12.941345230217554 -7.5186308269715445 4.8
      vertex -12.993207984877026 -7.725678549614922 4.8
    endloop
  endfacet
  facet normal 0 0 1
    outer loop
      vertex -12.869437983212048 -8.98233646539407 4.8
      vertex -12.869437983212048 -7.31766353460593 4.8
      vertex -12.941345230217554 -7.5186308269715445 4.8
    endloop
  endfacet
  facet normal 0 0 1
    outer loop
      vertex -12.778178749957672 -9.175287902596546 4.8
      vertex -12.778178749957672 -7.124712097403456 4.8
      vertex -12.869437983212048 -7.31766353460593 4.8
    endloop
  endfacet
  facet normal 0 0 1
    outer loop
      vertex -12.239805393055928 -9.831297736063952 4.8
      vertex -12.068365256817634 -9.958446406758036 4.8
      vertex -12.175792961631787 -8.549141431224886 4.8
    endloop
  endfacet
  facet normal 0 0 1
    outer loop
      vertex -11.885287902596545 -10.068178749957672 4.8
      vertex -12.003270716916 -8.913909070401953 4.8
      vertex -12.068365256817634 -9.958446406758036 4.8
    endloop
  endfacet
  facet normal 0 0 1
    outer loop
      vertex -11.885287902596545 -10.068178749957672 4.8
      vertex -11.69233646539407 -10.15943798321205 4.8
      vertex -11.832271824131503 -9.122271824131504 4.8
    endloop
  endfacet
  facet normal 0 0 1
    outer loop
      vertex -11.885287902596545 -10.068178749957672 4.8
      vertex -11.832271824131503 -9.122271824131504 4.8
      vertex -11.922889373373764 -9.022290765725012 4.8
    endloop
  endfacet
  facet normal 0 0 1
    outer loop
      vertex -11.69233646539407 -10.15943798321205 4.8
      vertex -11.732290765725011 -9.212889373373764 4.8
      vertex -11.832271824131503 -9.122271824131504 4.8
    endloop
  endfacet
  facet normal 0 0 1
    outer loop
      vertex -11.69233646539407 -10.15943798321205 4.8
      vertex -11.491369173028454 -10.231345230217554 4.8
      vertex -11.623909070401952 -9.293270716916 4.8
    endloop
  endfacet
  facet normal 0 0 1
    outer loop
      vertex -11.491369173028454 -10.231345230217554 4.8
      vertex -11.284321450385079 -10.283207984877027 4.8
      vertex -11.386189719501997 -9.42033435720302 4.8
    endloop
  endfacet
  facet normal 0 0 1
    outer loop
      vertex -11.491369173028454 -10.231345230217554 4.8
      vertex -11.508170513135747 -9.362641738478988 4.8
      vertex -11.623909070401952 -9.293270716916 4.8
    endloop
  endfacet
  facet normal 0 0 1
    outer loop
      vertex -11.69233646539407 -10.15943798321205 4.8
      vertex -11.623909070401952 -9.293270716916 4.8
      vertex -11.732290765725011 -9.212889373373764 4.8
    endloop
  endfacet
  facet normal 0 0 1
    outer loop
      vertex -11.491369173028454 -10.231345230217554 4.8
      vertex -11.386189719501997 -9.42033435720302 4.8
      vertex -11.508170513135747 -9.362641738478988 4.8
    endloop
  endfacet
  facet normal 0 0 1
    outer loop
      vertex -11.284321450385079 -10.283207984877027 4.8
      vertex -11.259141431224885 -9.465792961631788 4.8
      vertex -11.386189719501997 -9.42033435720302 4.8
    endloop
  endfacet
  facet normal 0 0 1
    outer loop
      vertex -11.284321450385079 -10.283207984877027 4.8
      vertex -11.128249192772175 -9.498579760554442 4.8
      vertex -11.259141431224885 -9.465792961631788 4.8
    endloop
  endfacet
  facet normal 0 0 1
    outer loop
      vertex -11.284321450385079 -10.283207984877027 4.8
      vertex -11.073187280216795 -10.314526780512029 4.8
      vertex -11.128249192772175 -9.498579760554442 4.8
    endloop
  endfacet
  facet normal 0 0 1
    outer loop
      vertex -11.073187280216795 -10.314526780512029 4.8
      vertex -10.86 -10.325 4.8
      vertex -10.994773567953144 -9.51837899917427 4.8
    endloop
  endfacet
  facet normal 0 0 1
    outer loop
      vertex -10.86 -10.325 4.8
      vertex -10.646812719783204 -10.314526780512029 4.8
      vertex -10.725226432046854 -9.51837899917427 4.8
    endloop
  endfacet
  facet normal 0 0 1
    outer loop
      vertex -11.128249192772175 -9.498579760554442 4.8
      vertex -11.073187280216795 -10.314526780512029 4.8
      vertex -10.994773567953144 -9.51837899917427 4.8
    endloop
  endfacet
  facet normal 0 0 1
    outer loop
      vertex -10.86 -10.325 4.8
      vertex -10.86 -9.525 4.8
      vertex -10.994773567953144 -9.51837899917427 4.8
    endloop
  endfacet
  facet normal 0 0 1
    outer loop
      vertex -10.86 -10.325 4.8
      vertex -10.725226432046854 -9.51837899917427 4.8
      vertex -10.86 -9.525 4.8
    endloop
  endfacet
  facet normal 0 0 1
    outer loop
      vertex -12.668446406758035 -9.358365256817635 4.8
      vertex -12.778178749957672 -7.124712097403456 4.8
      vertex -12.778178749957672 -9.175287902596546 4.8
    endloop
  endfacet
  facet normal 0 0 1
    outer loop
      vertex -12.668446406758035 -9.358365256817635 4.8
      vertex -12.541297736063953 -9.529805393055929 4.8
      vertex -12.668446406758035 -6.941634743182366 4.8
    endloop
  endfacet
  facet normal 0 0 1
    outer loop
      vertex -12.39795724908074 -9.68795724908074 4.8
      vertex -12.541297736063953 -6.770194606944072 4.8
      vertex -12.541297736063953 -9.529805393055929 4.8
    endloop
  endfacet
  facet normal 0 0 1
    outer loop
      vertex -12.239805393055928 -9.831297736063952 4.8
      vertex -12.39795724908074 -6.61204275091926 4.8
      vertex -12.39795724908074 -9.68795724908074 4.8
    endloop
  endfacet
  facet normal 0 0 1
    outer loop
      vertex -12.130334357203019 -8.676189719501998 4.8
      vertex -12.068365256817634 -9.958446406758036 4.8
      vertex -12.072641738478987 -8.798170513135748 4.8
    endloop
  endfacet
  facet normal 0 0 1
    outer loop
      vertex -12.068365256817634 -9.958446406758036 4.8
      vertex -12.003270716916 -8.913909070401953 4.8
      vertex -12.072641738478987 -8.798170513135748 4.8
    endloop
  endfacet
  facet normal 0 0 1
    outer loop
      vertex -12.239805393055928 -9.831297736063952 4.8
      vertex -12.175792961631787 -8.549141431224886 4.8
      vertex -12.208579760554441 -8.418249192772176 4.8
    endloop
  endfacet
  facet normal 0 0 1
    outer loop
      vertex -12.130334357203019 -8.676189719501998 4.8
      vertex -12.175792961631787 -8.549141431224886 4.8
      vertex -12.068365256817634 -9.958446406758036 4.8
    endloop
  endfacet
  facet normal 0 0 1
    outer loop
      vertex -11.885287902596545 -10.068178749957672 4.8
      vertex -11.922889373373764 -9.022290765725012 4.8
      vertex -12.003270716916 -8.913909070401953 4.8
    endloop
  endfacet
  facet normal 0 0 1
    outer loop
      vertex -12.239805393055928 -9.831297736063952 4.8
      vertex -12.208579760554441 -8.418249192772176 4.8
      vertex -12.22837899917427 -8.284773567953145 4.8
    endloop
  endfacet
  facet normal 0 0 1
    outer loop
      vertex -12.239805393055928 -9.831297736063952 4.8
      vertex -12.22837899917427 -8.284773567953145 4.8
      vertex -12.235 -8.15 4.8
    endloop
  endfacet
  facet normal 0 0 1
    outer loop
      vertex -12.668446406758035 -9.358365256817635 4.8
      vertex -12.668446406758035 -6.941634743182366 4.8
      vertex -12.778178749957672 -7.124712097403456 4.8
    endloop
  endfacet
  facet normal 0 0 1
    outer loop
      vertex -12.541297736063953 -9.529805393055929 4.8
      vertex -12.541297736063953 -6.770194606944072 4.8
      vertex -12.668446406758035 -6.941634743182366 4.8
    endloop
  endfacet
  facet normal 0 0 1
    outer loop
      vertex -12.39795724908074 -9.68795724908074 4.8
      vertex -12.39795724908074 -6.61204275091926 4.8
      vertex -12.541297736063953 -6.770194606944072 4.8
    endloop
  endfacet
  facet normal 0 0 1
    outer loop
      vertex -12.239805393055928 -9.831297736063952 4.8
      vertex -12.239805393055928 -6.468702263936048 4.8
      vertex -12.39795724908074 -6.61204275091926 4.8
    endloop
  endfacet
  facet normal 0 0 1
    outer loop
      vertex -12.239805393055928 -9.831297736063952 4.8
      vertex -12.235 -8.15 4.8
      vertex -12.239805393055928 -6.468702263936048 4.8
    endloop
  endfacet
  facet normal 0 0 1
    outer loop
      vertex -12.235 -8.15 4.8
      vertex -12.22837899917427 -8.015226432046855 4.8
      vertex -12.239805393055928 -6.468702263936048 4.8
    endloop
  endfacet
  facet normal 0 0 1
    outer loop
      vertex -10.646812719783204 -10.314526780512029 4.8
      vertex -10.43567854961492 -10.283207984877027 4.8
      vertex -10.725226432046854 -9.51837899917427 4.8
    endloop
  endfacet
  facet normal 0 0 1
    outer loop
      vertex -10.43567854961492 -10.283207984877027 4.8
      vertex -10.228630826971544 -10.231345230217554 4.8
      vertex -10.460858568775114 -9.465792961631788 4.8
    endloop
  endfacet
  facet normal 0 0 1
    outer loop
      vertex -10.228630826971544 -10.231345230217554 4.8
      vertex -10.02766353460593 -10.15943798321205 4.8
      vertex -10.333810280498001 -9.42033435720302 4.8
    endloop
  endfacet
  facet normal 0 0 1
    outer loop
      vertex -10.725226432046854 -9.51837899917427 4.8
      vertex -10.43567854961492 -10.283207984877027 4.8
      vertex -10.591750807227823 -9.498579760554442 4.8
    endloop
  endfacet
  facet normal 0 0 1
    outer loop
      vertex -10.43567854961492 -10.283207984877027 4.8
      vertex -10.460858568775114 -9.465792961631788 4.8
      vertex -10.591750807227823 -9.498579760554442 4.8
    endloop
  endfacet
  facet normal 0 0 1
    outer loop
      vertex -10.228630826971544 -10.231345230217554 4.8
      vertex -10.333810280498001 -9.42033435720302 4.8
      vertex -10.460858568775114 -9.465792961631788 4.8
    endloop
  endfacet
  facet normal 0 0 1
    outer loop
      vertex -10.333810280498001 -9.42033435720302 4.8
      vertex -10.02766353460593 -10.15943798321205 4.8
      vertex -10.211829486864252 -9.362641738478988 4.8
    endloop
  endfacet
  facet normal 0 0 1
    outer loop
      vertex -10.02766353460593 -10.15943798321205 4.8
      vertex -9.834712097403454 -10.068178749957672 4.8
      vertex -10.096090929598047 -9.293270716916 4.8
    endloop
  endfacet
  facet normal 0 0 1
    outer loop
      vertex -10.211829486864252 -9.362641738478988 4.8
      vertex -10.02766353460593 -10.15943798321205 4.8
      vertex -10.096090929598047 -9.293270716916 4.8
    endloop
  endfacet
  facet normal 0 0 1
    outer loop
      vertex -9.834712097403454 -10.068178749957672 4.8
      vertex -9.987709234274988 -9.212889373373764 4.8
      vertex -10.096090929598047 -9.293270716916 4.8
    endloop
  endfacet
  facet normal 0 0 1
    outer loop
      vertex -9.834712097403454 -10.068178749957672 4.8
      vertex -9.887728175868496 -9.122271824131504 4.8
      vertex -9.987709234274988 -9.212889373373764 4.8
    endloop
  endfacet
  facet normal 0 0 1
    outer loop
      vertex -9.834712097403454 -10.068178749957672 4.8
      vertex -9.651634743182365 -9.958446406758036 4.8
      vertex -9.887728175868496 -9.122271824131504 4.8
    endloop
  endfacet
  facet normal 0 0 1
    outer loop
      vertex -9.651634743182365 -9.958446406758036 4.8
      vertex -9.797110626626235 -9.022290765725012 4.8
      vertex -9.887728175868496 -9.122271824131504 4.8
    endloop
  endfacet
  facet normal 0 0 1
    outer loop
      vertex -9.651634743182365 -9.958446406758036 4.8
      vertex -9.480194606944071 -9.831297736063952 4.8
      vertex -9.716729283084 -8.913909070401953 4.8
    endloop
  endfacet
  facet normal 0 0 1
    outer loop
      vertex -9.651634743182365 -9.958446406758036 4.8
      vertex -9.716729283084 -8.913909070401953 4.8
      vertex -9.797110626626235 -9.022290765725012 4.8
    endloop
  endfacet
  facet normal 0 0 1
    outer loop
      vertex -9.480194606944071 -9.831297736063952 4.8
      vertex -9.647358261521012 -8.798170513135748 4.8
      vertex -9.716729283084 -8.913909070401953 4.8
    endloop
  endfacet
  facet normal 0 0 1
    outer loop
      vertex -9.480194606944071 -9.831297736063952 4.8
      vertex -9.58966564279698 -8.676189719501998 4.8
      vertex -9.647358261521012 -8.798170513135748 4.8
    endloop
  endfacet
  facet normal 0 0 1
    outer loop
      vertex -9.480194606944071 -9.831297736063952 4.8
      vertex -9.544207038368212 -8.549141431224886 4.8
      vertex -9.58966564279698 -8.676189719501998 4.8
    endloop
  endfacet
  facet normal 0 0 1
    outer loop
      vertex -9.480194606944071 -9.831297736063952 4.8
      vertex -9.511420239445558 -8.418249192772176 4.8
      vertex -9.544207038368212 -8.549141431224886 4.8
    endloop
  endfacet
  facet normal 0 0 1
    outer loop
      vertex -9.480194606944071 -9.831297736063952 4.8
      vertex -9.49162100082573 -8.284773567953145 4.8
      vertex -9.511420239445558 -8.418249192772176 4.8
    endloop
  endfacet
  facet normal 0 0 1
    outer loop
      vertex -9.480194606944071 -9.831297736063952 4.8
      vertex -9.485 -8.15 4.8
      vertex -9.49162100082573 -8.284773567953145 4.8
    endloop
  endfacet
  facet normal 0 0 1
    outer loop
      vertex -9.480194606944071 -9.831297736063952 4.8
      vertex -9.322042750919259 -9.68795724908074 4.8
      vertex -9.480194606944071 -6.468702263936048 4.8
    endloop
  endfacet
  facet normal 0 0 1
    outer loop
      vertex -9.322042750919259 -9.68795724908074 4.8
      vertex -9.178702263936046 -9.529805393055929 4.8
      vertex -9.322042750919259 -6.61204275091926 4.8
    endloop
  endfacet
  facet normal 0 0 1
    outer loop
      vertex -9.178702263936046 -9.529805393055929 4.8
      vertex -9.051553593241964 -9.358365256817635 4.8
      vertex -9.178702263936046 -6.770194606944072 4.8
    endloop
  endfacet
  facet normal 0 0 1
    outer loop
      vertex -9.051553593241964 -9.358365256817635 4.8
      vertex -8.941821250042327 -9.175287902596546 4.8
      vertex -9.051553593241964 -6.941634743182366 4.8
    endloop
  endfacet
  facet normal 0 0 1
    outer loop
      vertex -8.941821250042327 -9.175287902596546 4.8
      vertex -8.85056201678795 -8.98233646539407 4.8
      vertex -8.941821250042327 -7.124712097403456 4.8
    endloop
  endfacet
  facet normal 0 0 1
    outer loop
      vertex -9.480194606944071 -9.831297736063952 4.8
      vertex -9.480194606944071 -6.468702263936048 4.8
      vertex -9.485 -8.15 4.8
    endloop
  endfacet
  facet normal 0 0 1
    outer loop
      vertex -9.485 -8.15 4.8
      vertex -9.480194606944071 -6.468702263936048 4.8
      vertex -9.49162100082573 -8.015226432046855 4.8
    endloop
  endfacet
  facet normal 0 0 1
    outer loop
      vertex -9.322042750919259 -9.68795724908074 4.8
      vertex -9.322042750919259 -6.61204275091926 4.8
      vertex -9.480194606944071 -6.468702263936048 4.8
    endloop
  endfacet
  facet normal 0 0 1
    outer loop
      vertex -9.178702263936046 -9.529805393055929 4.8
      vertex -9.178702263936046 -6.770194606944072 4.8
      vertex -9.322042750919259 -6.61204275091926 4.8
    endloop
  endfacet
  facet normal 0 0 1
    outer loop
      vertex -9.051553593241964 -9.358365256817635 4.8
      vertex -9.051553593241964 -6.941634743182366 4.8
      vertex -9.178702263936046 -6.770194606944072 4.8
    endloop
  endfacet
  facet normal 0 0 1
    outer loop
      vertex -8.85056201678795 -8.98233646539407 4.8
      vertex -8.778654769782445 -8.781369173028455 4.8
      vertex -8.85056201678795 -7.31766353460593 4.8
    endloop
  endfacet
  facet normal 0 0 1
    outer loop
      vertex -8.778654769782445 -8.781369173028455 4.8
      vertex -8.726792015122973 -8.57432145038508 4.8
      vertex -8.778654769782445 -7.5186308269715445 4.8
    endloop
  endfacet
  facet normal 0 0 1
    outer loop
      vertex -8.726792015122973 -8.57432145038508 4.8
      vertex -8.69547321948797 -8.363187280216795 4.8
      vertex -8.726792015122973 -7.725678549614922 4.8
    endloop
  endfacet
  facet normal 0 0 1
    outer loop
      vertex -8.69547321948797 -8.363187280216795 4.8
      vertex -8.684999999999999 -8.15 4.8
      vertex -8.69547321948797 -7.936812719783206 4.8
    endloop
  endfacet
  facet normal 0 0 1
    outer loop
      vertex -8.69547321948797 -8.363187280216795 4.8
      vertex -8.69547321948797 -7.936812719783206 4.8
      vertex -8.726792015122973 -7.725678549614922 4.8
    endloop
  endfacet
  facet normal 0 0 1
    outer loop
      vertex -8.941821250042327 -9.175287902596546 4.8
      vertex -8.941821250042327 -7.124712097403456 4.8
      vertex -9.051553593241964 -6.941634743182366 4.8
    endloop
  endfacet
  facet normal 0 0 1
    outer loop
      vertex -8.778654769782445 -8.781369173028455 4.8
      vertex -8.778654769782445 -7.5186308269715445 4.8
      vertex -8.85056201678795 -7.31766353460593 4.8
    endloop
  endfacet
  facet normal 0 0 1
    outer loop
      vertex -8.85056201678795 -8.98233646539407 4.8
      vertex -8.85056201678795 -7.31766353460593 4.8
      vertex -8.941821250042327 -7.124712097403456 4.8
    endloop
  endfacet
  facet normal 0 0 1
    outer loop
      vertex -8.726792015122973 -8.57432145038508 4.8
      vertex -8.726792015122973 -7.725678549614922 4.8
      vertex -8.778654769782445 -7.5186308269715445 4.8
    endloop
  endfacet
  facet normal 0 0 1
    outer loop
      vertex -12.22837899917427 -8.015226432046855 4.8
      vertex -12.208579760554441 -7.881750807227824 4.8
      vertex -12.239805393055928 -6.468702263936048 4.8
    endloop
  endfacet
  facet normal 0 0 1
    outer loop
      vertex -12.208579760554441 -7.881750807227824 4.8
      vertex -12.175792961631787 -7.750858568775115 4.8
      vertex -12.239805393055928 -6.468702263936048 4.8
    endloop
  endfacet
  facet normal 0 0 1
    outer loop
      vertex -12.175792961631787 -7.750858568775115 4.8
      vertex -12.130334357203019 -7.623810280498002 4.8
      vertex -12.239805393055928 -6.468702263936048 4.8
    endloop
  endfacet
  facet normal 0 0 1
    outer loop
      vertex -12.130334357203019 -7.623810280498002 4.8
      vertex -12.072641738478987 -7.501829486864254 4.8
      vertex -12.239805393055928 -6.468702263936048 4.8
    endloop
  endfacet
  facet normal 0 0 1
    outer loop
      vertex -12.072641738478987 -7.501829486864254 4.8
      vertex -12.003270716916 -7.386090929598048 4.8
      vertex -12.239805393055928 -6.468702263936048 4.8
    endloop
  endfacet
  facet normal 0 0 1
    outer loop
      vertex -12.003270716916 -7.386090929598048 4.8
      vertex -11.922889373373764 -7.277709234274988 4.8
      vertex -12.068365256817634 -6.341553593241965 4.8
    endloop
  endfacet
  facet normal 0 0 1
    outer loop
      vertex -12.239805393055928 -6.468702263936048 4.8
      vertex -12.003270716916 -7.386090929598048 4.8
      vertex -12.068365256817634 -6.341553593241965 4.8
    endloop
  endfacet
  facet normal 0 0 1
    outer loop
      vertex -11.922889373373764 -7.277709234274988 4.8
      vertex -11.832271824131503 -7.177728175868498 4.8
      vertex -12.068365256817634 -6.341553593241965 4.8
    endloop
  endfacet
  facet normal 0 0 1
    outer loop
      vertex -11.832271824131503 -7.177728175868498 4.8
      vertex -11.732290765725011 -7.087110626626237 4.8
      vertex -11.885287902596545 -6.231821250042328 4.8
    endloop
  endfacet
  facet normal 0 0 1
    outer loop
      vertex -11.832271824131503 -7.177728175868498 4.8
      vertex -11.885287902596545 -6.231821250042328 4.8
      vertex -12.068365256817634 -6.341553593241965 4.8
    endloop
  endfacet
  facet normal 0 0 1
    outer loop
      vertex -11.732290765725011 -7.087110626626237 4.8
      vertex -11.623909070401952 -7.006729283084001 4.8
      vertex -11.885287902596545 -6.231821250042328 4.8
    endloop
  endfacet
  facet normal 0 0 1
    outer loop
      vertex -11.623909070401952 -7.006729283084001 4.8
      vertex -11.69233646539407 -6.1405620167879515 4.8
      vertex -11.885287902596545 -6.231821250042328 4.8
    endloop
  endfacet
  facet normal 0 0 1
    outer loop
      vertex -11.623909070401952 -7.006729283084001 4.8
      vertex -11.508170513135747 -6.9373582615210125 4.8
      vertex -11.69233646539407 -6.1405620167879515 4.8
    endloop
  endfacet
  facet normal 0 0 1
    outer loop
      vertex -11.508170513135747 -6.9373582615210125 4.8
      vertex -11.386189719501997 -6.879665642796981 4.8
      vertex -11.69233646539407 -6.1405620167879515 4.8
    endloop
  endfacet
  facet normal 0 0 1
    outer loop
      vertex -11.386189719501997 -6.879665642796981 4.8
      vertex -11.259141431224885 -6.834207038368213 4.8
      vertex -11.491369173028454 -6.068654769782446 4.8
    endloop
  endfacet
  facet normal 0 0 1
    outer loop
      vertex -11.259141431224885 -6.834207038368213 4.8
      vertex -11.128249192772175 -6.801420239445559 4.8
      vertex -11.284321450385079 -6.016792015122974 4.8
    endloop
  endfacet
  facet normal 0 0 1
    outer loop
      vertex -11.386189719501997 -6.879665642796981 4.8
      vertex -11.491369173028454 -6.068654769782446 4.8
      vertex -11.69233646539407 -6.1405620167879515 4.8
    endloop
  endfacet
  facet normal 0 0 1
    outer loop
      vertex -11.259141431224885 -6.834207038368213 4.8
      vertex -11.284321450385079 -6.016792015122974 4.8
      vertex -11.491369173028454 -6.068654769782446 4.8
    endloop
  endfacet
  facet normal 0 0 1
    outer loop
      vertex -11.128249192772175 -6.801420239445559 4.8
      vertex -10.994773567953144 -6.78162100082573 4.8
      vertex -11.284321450385079 -6.016792015122974 4.8
    endloop
  endfacet
  facet normal 0 0 1
    outer loop
      vertex -11.284321450385079 -6.016792015122974 4.8
      vertex -10.994773567953144 -6.78162100082573 4.8
      vertex -11.073187280216795 -5.985473219487972 4.8
    endloop
  endfacet
  facet normal 0 0 1
    outer loop
      vertex -10.994773567953144 -6.78162100082573 4.8
      vertex -10.86 -5.9750000000000005 4.8
      vertex -11.073187280216795 -5.985473219487972 4.8
    endloop
  endfacet
  facet normal 0 0 1
    outer loop
      vertex -10.994773567953144 -6.78162100082573 4.8
      vertex -10.86 -6.775 4.8
      vertex -10.86 -5.9750000000000005 4.8
    endloop
  endfacet
  facet normal 0 0 1
    outer loop
      vertex -10.86 -6.775 4.8
      vertex -10.725226432046854 -6.78162100082573 4.8
      vertex -10.86 -5.9750000000000005 4.8
    endloop
  endfacet
  facet normal 0 0 1
    outer loop
      vertex -10.725226432046854 -6.78162100082573 4.8
      vertex -10.646812719783204 -5.985473219487972 4.8
      vertex -10.86 -5.9750000000000005 4.8
    endloop
  endfacet
  facet normal 0 0 1
    outer loop
      vertex -10.591750807227823 -6.801420239445559 4.8
      vertex -10.460858568775114 -6.834207038368213 4.8
      vertex -10.43567854961492 -6.016792015122974 4.8
    endloop
  endfacet
  facet normal 0 0 1
    outer loop
      vertex -10.460858568775114 -6.834207038368213 4.8
      vertex -10.333810280498001 -6.879665642796981 4.8
      vertex -10.43567854961492 -6.016792015122974 4.8
    endloop
  endfacet
  facet normal 0 0 1
    outer loop
      vertex -10.211829486864252 -6.9373582615210125 4.8
      vertex -10.096090929598047 -7.006729283084001 4.8
      vertex -10.228630826971544 -6.068654769782446 4.8
    endloop
  endfacet
  facet normal 0 0 1
    outer loop
      vertex -10.333810280498001 -6.879665642796981 4.8
      vertex -10.211829486864252 -6.9373582615210125 4.8
      vertex -10.228630826971544 -6.068654769782446 4.8
    endloop
  endfacet
  facet normal 0 0 1
    outer loop
      vertex -9.647358261521012 -7.501829486864254 4.8
      vertex -9.58966564279698 -7.623810280498002 4.8
      vertex -9.651634743182365 -6.341553593241965 4.8
    endloop
  endfacet
  facet normal 0 0 1
    outer loop
      vertex -9.647358261521012 -7.501829486864254 4.8
      vertex -9.651634743182365 -6.341553593241965 4.8
      vertex -9.716729283084 -7.386090929598048 4.8
    endloop
  endfacet
  facet normal 0 0 1
    outer loop
      vertex -9.987709234274988 -7.087110626626237 4.8
      vertex -9.887728175868496 -7.177728175868498 4.8
      vertex -10.02766353460593 -6.1405620167879515 4.8
    endloop
  endfacet
  facet normal 0 0 1
    outer loop
      vertex -9.987709234274988 -7.087110626626237 4.8
      vertex -10.02766353460593 -6.1405620167879515 4.8
      vertex -10.096090929598047 -7.006729283084001 4.8
    endloop
  endfacet
  facet normal 0 0 1
    outer loop
      vertex -9.797110626626235 -7.277709234274988 4.8
      vertex -9.716729283084 -7.386090929598048 4.8
      vertex -9.834712097403454 -6.231821250042328 4.8
    endloop
  endfacet
  facet normal 0 0 1
    outer loop
      vertex -9.887728175868496 -7.177728175868498 4.8
      vertex -9.797110626626235 -7.277709234274988 4.8
      vertex -9.834712097403454 -6.231821250042328 4.8
    endloop
  endfacet
  facet normal 0 0 1
    outer loop
      vertex -9.716729283084 -7.386090929598048 4.8
      vertex -9.651634743182365 -6.341553593241965 4.8
      vertex -9.834712097403454 -6.231821250042328 4.8
    endloop
  endfacet
  facet normal 0 0 1
    outer loop
      vertex -10.725226432046854 -6.78162100082573 4.8
      vertex -10.591750807227823 -6.801420239445559 4.8
      vertex -10.646812719783204 -5.985473219487972 4.8
    endloop
  endfacet
  facet normal 0 0 1
    outer loop
      vertex -10.591750807227823 -6.801420239445559 4.8
      vertex -10.43567854961492 -6.016792015122974 4.8
      vertex -10.646812719783204 -5.985473219487972 4.8
    endloop
  endfacet
  facet normal 0 0 1
    outer loop
      vertex -10.333810280498001 -6.879665642796981 4.8
      vertex -10.228630826971544 -6.068654769782446 4.8
      vertex -10.43567854961492 -6.016792015122974 4.8
    endloop
  endfacet
  facet normal 0 0 1
    outer loop
      vertex -10.228630826971544 -6.068654769782446 4.8
      vertex -10.096090929598047 -7.006729283084001 4.8
      vertex -10.02766353460593 -6.1405620167879515 4.8
    endloop
  endfacet
  facet normal 0 0 1
    outer loop
      vertex -9.887728175868496 -7.177728175868498 4.8
      vertex -9.834712097403454 -6.231821250042328 4.8
      vertex -10.02766353460593 -6.1405620167879515 4.8
    endloop
  endfacet
  facet normal 0 0 1
    outer loop
      vertex -9.49162100082573 -8.015226432046855 4.8
      vertex -9.480194606944071 -6.468702263936048 4.8
      vertex -9.511420239445558 -7.881750807227824 4.8
    endloop
  endfacet
  facet normal 0 0 1
    outer loop
      vertex -9.511420239445558 -7.881750807227824 4.8
      vertex -9.480194606944071 -6.468702263936048 4.8
      vertex -9.544207038368212 -7.750858568775115 4.8
    endloop
  endfacet
  facet normal 0 0 1
    outer loop
      vertex -9.544207038368212 -7.750858568775115 4.8
      vertex -9.651634743182365 -6.341553593241965 4.8
      vertex -9.58966564279698 -7.623810280498002 4.8
    endloop
  endfacet
  facet normal 0 0 1
    outer loop
      vertex -9.544207038368212 -7.750858568775115 4.8
      vertex -9.480194606944071 -6.468702263936048 4.8
      vertex -9.651634743182365 -6.341553593241965 4.8
    endloop
  endfacet
  facet normal -0.4275550934302803 -0.9039892931234441 -3.0722866976220774e-19
    outer loop
      vertex -11.508170513135747 -9.362641738478988 4.8
      vertex -11.386189719501997 -9.42033435720302 4.8
      vertex -11.386189719501997 -9.42033435720302 7.16
    endloop
  endfacet
  facet normal -0.3368898533922231 -0.9415440651830196 7.0771722383479e-16
    outer loop
      vertex -11.386189719501997 -9.42033435720302 4.8
      vertex -11.259141431224885 -9.465792961631788 4.8
      vertex -11.259141431224885 -9.465792961631786 7.16
    endloop
  endfacet
  facet normal -0.24298017990325932 -0.9700312531945452 -8.462003827248957e-19
    outer loop
      vertex -11.259141431224885 -9.465792961631788 4.8
      vertex -11.128249192772175 -9.498579760554442 4.8
      vertex -11.128249192772175 -9.498579760554442 7.16
    endloop
  endfacet
  facet normal -0.1467304744553601 -0.9891765099647812 2.424897765579109e-19
    outer loop
      vertex -11.128249192772175 -9.498579760554442 4.8
      vertex -10.994773567953144 -9.51837899917427 4.8
      vertex -10.994773567953144 -9.51837899917427 7.16
    endloop
  endfacet
  facet normal -0.04906767432742138 -0.9987954562051723 1.7135997577230973e-20
    outer loop
      vertex -10.994773567953144 -9.51837899917427 4.8
      vertex -10.86 -9.525 4.8
      vertex -10.86 -9.525 7.16
    endloop
  endfacet
  facet normal 0.04906767432742138 -0.9987954562051723 -3.6787155291295175e-17
    outer loop
      vertex -10.86 -9.525 4.8
      vertex -10.725226432046854 -9.51837899917427 4.8
      vertex -10.725226432046853 -9.51837899917427 7.16
    endloop
  endfacet
  facet normal -0.6715589548470131 -0.7409511253549638 5.602863654390375e-16
    outer loop
      vertex -11.832271824131503 -9.122271824131504 4.8
      vertex -11.732290765725011 -9.212889373373764 4.8
      vertex -11.732290765725011 -9.212889373373763 7.16
    endloop
  endfacet
  facet normal -0.7409511253549638 -0.6715589548470131 5.57709152197289e-16
    outer loop
      vertex -11.922889373373764 -9.022290765725012 4.8
      vertex -11.832271824131503 -9.122271824131504 4.8
      vertex -11.922889373373762 -9.022290765725012 7.16
    endloop
  endfacet
  facet normal -0.8032075314806469 -0.5956993044924307 0
    outer loop
      vertex -12.003270716916 -8.913909070401953 4.8
      vertex -11.922889373373764 -9.022290765725012 4.8
      vertex -12.003270716916 -8.913909070401953 7.16
    endloop
  endfacet
  facet normal -0.8577286100002707 -0.5141027441932239 1.111705936681019e-18
    outer loop
      vertex -12.003270716916 -8.913909070401953 4.8
      vertex -12.072641738478987 -8.798170513135748 7.16
      vertex -12.072641738478987 -8.798170513135748 4.8
    endloop
  endfacet
  facet normal -0.9039892931234441 -0.4275550934302803 0
    outer loop
      vertex -12.130334357203019 -8.676189719501998 4.8
      vertex -12.072641738478987 -8.798170513135748 4.8
      vertex -12.130334357203019 -8.676189719501998 7.16
    endloop
  endfacet
  facet normal -0.9415440651830198 -0.33688985339222316 -9.769455654523285e-19
    outer loop
      vertex -12.130334357203019 -8.676189719501998 4.8
      vertex -12.175792961631787 -8.549141431224886 7.159999999999999
      vertex -12.175792961631787 -8.549141431224886 4.8
    endloop
  endfacet
  facet normal -0.9700312531945452 -0.24298017990325932 -8.46200382724896e-19
    outer loop
      vertex -12.175792961631787 -8.549141431224886 4.8
      vertex -12.208579760554441 -8.418249192772176 7.159999999999999
      vertex -12.208579760554441 -8.418249192772176 4.8
    endloop
  endfacet
  facet normal -0.9891765099647812 -0.14673047445536008 2.42489776557911e-19
    outer loop
      vertex -12.208579760554441 -8.418249192772176 4.8
      vertex -12.22837899917427 -8.284773567953145 7.159999999999999
      vertex -12.22837899917427 -8.284773567953145 4.8
    endloop
  endfacet
  facet normal -0.9987954562051723 -0.04906767432742138 1.713599757723098e-20
    outer loop
      vertex -12.22837899917427 -8.284773567953145 4.8
      vertex -12.235 -8.15 7.159999999999999
      vertex -12.235 -8.15 4.8
    endloop
  endfacet
  facet normal -0.9987954562051723 0.04906767432742138 -1.713599757723098e-20
    outer loop
      vertex -12.235 -8.15 4.8
      vertex -12.22837899917427 -8.015226432046855 7.159999999999999
      vertex -12.22837899917427 -8.015226432046855 4.8
    endloop
  endfacet
  facet normal -0.9891765099647812 0.14673047445536008 -2.42489776557911e-19
    outer loop
      vertex -12.22837899917427 -8.015226432046855 4.8
      vertex -12.208579760554441 -7.881750807227824 7.159999999999999
      vertex -12.208579760554441 -7.881750807227824 4.8
    endloop
  endfacet
  facet normal -0.9700312531945452 0.24298017990325932 8.46200382724896e-19
    outer loop
      vertex -12.208579760554441 -7.881750807227824 4.8
      vertex -12.175792961631787 -7.750858568775115 7.159999999999999
      vertex -12.175792961631787 -7.750858568775115 4.8
    endloop
  endfacet
  facet normal -0.9415440651830198 0.33688985339222316 9.769455654523285e-19
    outer loop
      vertex -12.175792961631787 -7.750858568775115 4.8
      vertex -12.130334357203019 -7.623810280498002 7.159999999999999
      vertex -12.130334357203019 -7.623810280498002 4.8
    endloop
  endfacet
  facet normal -0.903989293123443 0.42755509343028286 9.684539979956995e-20
    outer loop
      vertex -12.130334357203019 -7.623810280498002 4.8
      vertex -12.072641738478987 -7.501829486864254 7.159999999999999
      vertex -12.072641738478987 -7.501829486864254 4.8
    endloop
  endfacet
  facet normal -0.5956993044924307 -0.8032075314806469 0
    outer loop
      vertex -11.623909070401952 -9.293270716916 4.8
      vertex -11.623909070401952 -9.293270716916 7.16
      vertex -11.732290765725011 -9.212889373373764 4.8
    endloop
  endfacet
  facet normal -0.5141027441932239 -0.8577286100002707 3.8696183296697903e-16
    outer loop
      vertex -11.508170513135747 -9.362641738478988 4.8
      vertex -11.508170513135745 -9.362641738478988 7.16
      vertex -11.623909070401952 -9.293270716916 4.8
    endloop
  endfacet
  facet normal 0.1467304744553601 -0.9891765099647812 -2.424897765579109e-19
    outer loop
      vertex -10.725226432046854 -9.51837899917427 4.8
      vertex -10.591750807227823 -9.498579760554442 4.8
      vertex -10.591750807227823 -9.498579760554442 7.16
    endloop
  endfacet
  facet normal 0.24298017990325932 -0.9700312531945452 7.309824931980326e-16
    outer loop
      vertex -10.591750807227823 -9.498579760554442 4.8
      vertex -10.460858568775114 -9.465792961631788 4.8
      vertex -10.460858568775114 -9.465792961631786 7.16
    endloop
  endfacet
  facet normal 0.3368898533922231 -0.9415440651830196 9.769455654523279e-19
    outer loop
      vertex -10.460858568775114 -9.465792961631788 4.8
      vertex -10.333810280498001 -9.42033435720302 4.8
      vertex -10.333810280498001 -9.42033435720302 7.16
    endloop
  endfacet
  facet normal 0.4275550934302803 -0.9039892931234441 3.0722866976220774e-19
    outer loop
      vertex -10.333810280498001 -9.42033435720302 4.8
      vertex -10.211829486864252 -9.362641738478988 4.8
      vertex -10.211829486864252 -9.362641738478988 7.16
    endloop
  endfacet
  facet normal 0.5141027441932239 -0.8577286100002707 -1.111705936681019e-18
    outer loop
      vertex -10.211829486864252 -9.362641738478988 4.8
      vertex -10.096090929598047 -9.293270716916 4.8
      vertex -10.096090929598047 -9.293270716916 7.16
    endloop
  endfacet
  facet normal 0.5956993044924307 -0.8032075314806469 6.064975019862602e-16
    outer loop
      vertex -10.096090929598047 -9.293270716916 4.8
      vertex -9.987709234274988 -9.212889373373764 4.8
      vertex -9.987709234274988 -9.212889373373763 7.16
    endloop
  endfacet
  facet normal 0.6715589548470131 -0.7409511253549638 5.551319389555406e-16
    outer loop
      vertex -9.987709234274988 -9.212889373373764 4.8
      vertex -9.887728175868496 -9.122271824131504 4.8
      vertex -9.887728175868496 -9.122271824131502 7.16
    endloop
  endfacet
  facet normal 0.7409511253549638 -0.6715589548470131 5.054781112300744e-16
    outer loop
      vertex -9.887728175868496 -9.122271824131504 4.8
      vertex -9.797110626626235 -9.022290765725012 4.8
      vertex -9.887728175868496 -9.122271824131502 7.16
    endloop
  endfacet
  facet normal 0.8032075314806469 -0.5956993044924307 0
    outer loop
      vertex -9.797110626626235 -9.022290765725012 4.8
      vertex -9.716729283084 -8.913909070401953 4.8
      vertex -9.797110626626235 -9.022290765725012 7.16
    endloop
  endfacet
  facet normal 0.8577286100002707 -0.5141027441932239 0
    outer loop
      vertex -9.716729283084 -8.913909070401953 4.8
      vertex -9.647358261521012 -8.798170513135748 4.8
      vertex -9.716729283084 -8.913909070401953 7.16
    endloop
  endfacet
  facet normal 0.9039892931234441 -0.4275550934302803 3.218179722183438e-16
    outer loop
      vertex -9.647358261521012 -8.798170513135748 4.8
      vertex -9.58966564279698 -8.676189719501998 4.8
      vertex -9.647358261521012 -8.798170513135746 7.16
    endloop
  endfacet
  facet normal 0.903989293123443 0.42755509343028286 -9.684539979956995e-20
    outer loop
      vertex -9.647358261521012 -7.501829486864254 4.8
      vertex -9.58966564279698 -7.623810280498002 7.159999999999999
      vertex -9.58966564279698 -7.623810280498002 4.8
    endloop
  endfacet
  facet normal 0.9415440651830196 -0.3368898533922231 2.5357482847365386e-16
    outer loop
      vertex -9.58966564279698 -8.676189719501998 4.8
      vertex -9.544207038368212 -8.549141431224886 4.8
      vertex -9.58966564279698 -8.676189719501997 7.16
    endloop
  endfacet
  facet normal 0.9700312531945452 -0.24298017990325932 1.8288962051265166e-16
    outer loop
      vertex -9.544207038368212 -8.549141431224886 4.8
      vertex -9.511420239445558 -8.418249192772176 4.8
      vertex -9.544207038368212 -8.549141431224884 7.16
    endloop
  endfacet
  facet normal 0.9891765099647812 -0.1467304744553601 2.208861710569683e-16
    outer loop
      vertex -9.511420239445558 -8.418249192772176 4.8
      vertex -9.49162100082573 -8.284773567953145 4.8
      vertex -9.511420239445558 -8.418249192772173 7.16
    endloop
  endfacet
  facet normal 0.9987954562051723 -0.04906767432742138 2.215975395380823e-16
    outer loop
      vertex -9.49162100082573 -8.284773567953145 4.8
      vertex -9.485 -8.15 4.8
      vertex -9.49162100082573 -8.284773567953135 7.16
    endloop
  endfacet
  facet normal 0.9987954562051723 0.04906767432742138 0
    outer loop
      vertex -9.485 -8.15 4.8
      vertex -9.49162100082573 -8.015226432046855 4.8
      vertex -9.485 -8.15 7.16
    endloop
  endfacet
  facet normal 0.9891765099647812 0.1467304744553601 -1.1044308552848415e-16
    outer loop
      vertex -9.49162100082573 -8.015226432046855 4.8
      vertex -9.511420239445558 -7.881750807227824 4.8
      vertex -9.49162100082573 -8.015226432046854 7.16
    endloop
  endfacet
  facet normal 0.9700312531945452 0.24298017990325932 0
    outer loop
      vertex -9.511420239445558 -7.881750807227824 4.8
      vertex -9.544207038368212 -7.750858568775115 4.8
      vertex -9.511420239445558 -7.881750807227824 7.16
    endloop
  endfacet
  facet normal 0.9415440651830196 0.3368898533922231 7.086941694002423e-16
    outer loop
      vertex -9.544207038368212 -7.750858568775115 4.8
      vertex -9.58966564279698 -7.623810280498002 4.8
      vertex -9.544207038368214 -7.750858568775115 7.16
    endloop
  endfacet
  facet normal -0.42755509343028547 -0.9039892931234418 3.2181797221834766e-16
    outer loop
      vertex -11.508170513135747 -9.362641738478988 4.8
      vertex -11.386189719501997 -9.42033435720302 7.16
      vertex -11.508170513135745 -9.362641738478988 7.16
    endloop
  endfacet
  facet normal -0.3368898533922115 -0.9415440651830239 0
    outer loop
      vertex -11.386189719501997 -9.42033435720302 4.8
      vertex -11.259141431224885 -9.465792961631786 7.16
      vertex -11.386189719501997 -9.42033435720302 7.16
    endloop
  endfacet
  facet normal -0.24298017990327167 -0.970031253194542 7.301362928153053e-16
    outer loop
      vertex -11.259141431224885 -9.465792961631788 4.8
      vertex -11.128249192772175 -9.498579760554442 7.16
      vertex -11.259141431224885 -9.465792961631786 7.16
    endloop
  endfacet
  facet normal -0.1467304744553601 -0.9891765099647812 0
    outer loop
      vertex -11.128249192772175 -9.498579760554442 4.8
      vertex -10.994773567953144 -9.51837899917427 7.16
      vertex -11.128249192772175 -9.498579760554442 7.16
    endloop
  endfacet
  facet normal -0.04906767432742138 -0.9987954562051723 0
    outer loop
      vertex -10.994773567953144 -9.51837899917427 4.8
      vertex -10.86 -9.525 7.16
      vertex -10.994773567953144 -9.51837899917427 7.16
    endloop
  endfacet
  facet normal 0.049067674327420735 -0.9987954562051723 0
    outer loop
      vertex -10.86 -9.525 4.8
      vertex -10.725226432046853 -9.51837899917427 7.16
      vertex -10.86 -9.525 7.16
    endloop
  endfacet
  facet normal 0.14673047445536203 -0.9891765099647809 -1.1044308552848559e-16
    outer loop
      vertex -10.725226432046854 -9.51837899917427 4.8
      vertex -10.591750807227823 -9.498579760554442 7.16
      vertex -10.725226432046853 -9.51837899917427 7.16
    endloop
  endfacet
  facet normal -0.6715589548470197 -0.7409511253549579 1.063187263427364e-15
    outer loop
      vertex -11.832271824131503 -9.122271824131504 4.8
      vertex -11.732290765725011 -9.212889373373763 7.16
      vertex -11.832271824131501 -9.122271824131502 7.16
    endloop
  endfacet
  facet normal -0.7409511253549579 -0.6715589548470197 1.063187263427364e-15
    outer loop
      vertex -11.832271824131503 -9.122271824131504 4.8
      vertex -11.832271824131501 -9.122271824131502 7.16
      vertex -11.922889373373762 -9.022290765725012 7.16
    endloop
  endfacet
  facet normal -0.8032075314806407 -0.5956993044924392 6.045691491539948e-16
    outer loop
      vertex -11.922889373373764 -9.022290765725012 4.8
      vertex -11.922889373373762 -9.022290765725012 7.16
      vertex -12.003270716916 -8.913909070401953 7.16
    endloop
  endfacet
  facet normal -0.8577286100002707 -0.5141027441932239 0
    outer loop
      vertex -12.003270716916 -8.913909070401953 4.8
      vertex -12.003270716916 -8.913909070401953 7.16
      vertex -12.072641738478987 -8.798170513135748 7.16
    endloop
  endfacet
  facet normal -0.9039892931234441 -0.4275550934302803 0
    outer loop
      vertex -12.072641738478987 -8.798170513135748 4.8
      vertex -12.072641738478987 -8.798170513135748 7.16
      vertex -12.130334357203019 -8.676189719501998 7.16
    endloop
  endfacet
  facet normal -0.9415440651830196 -0.3368898533922231 0
    outer loop
      vertex -12.130334357203019 -8.676189719501998 4.8
      vertex -12.130334357203019 -8.676189719501998 7.16
      vertex -12.175792961631787 -8.549141431224886 7.159999999999999
    endloop
  endfacet
  facet normal -0.9700312531945452 -0.24298017990325932 0
    outer loop
      vertex -12.175792961631787 -8.549141431224886 4.8
      vertex -12.175792961631787 -8.549141431224886 7.159999999999999
      vertex -12.208579760554441 -8.418249192772176 7.159999999999999
    endloop
  endfacet
  facet normal -0.9891765099647812 -0.14673047445536008 0
    outer loop
      vertex -12.208579760554441 -8.418249192772176 4.8
      vertex -12.208579760554441 -8.418249192772176 7.159999999999999
      vertex -12.22837899917427 -8.284773567953145 7.159999999999999
    endloop
  endfacet
  facet normal -0.9987954562051723 -0.04906767432742138 0
    outer loop
      vertex -12.22837899917427 -8.284773567953145 4.8
      vertex -12.22837899917427 -8.284773567953145 7.159999999999999
      vertex -12.235 -8.15 7.159999999999999
    endloop
  endfacet
  facet normal -0.9987954562051723 0.04906767432742138 0
    outer loop
      vertex -12.235 -8.15 4.8
      vertex -12.235 -8.15 7.159999999999999
      vertex -12.22837899917427 -8.015226432046855 7.159999999999999
    endloop
  endfacet
  facet normal -0.9891765099647812 0.14673047445536008 0
    outer loop
      vertex -12.22837899917427 -8.015226432046855 4.8
      vertex -12.22837899917427 -8.015226432046855 7.159999999999999
      vertex -12.208579760554441 -7.881750807227824 7.159999999999999
    endloop
  endfacet
  facet normal -0.9700312531945452 0.24298017990325932 0
    outer loop
      vertex -12.208579760554441 -7.881750807227824 4.8
      vertex -12.208579760554441 -7.881750807227824 7.159999999999999
      vertex -12.175792961631787 -7.750858568775115 7.159999999999999
    endloop
  endfacet
  facet normal -0.9415440651830198 0.33688985339222316 0
    outer loop
      vertex -12.175792961631787 -7.750858568775115 4.8
      vertex -12.175792961631787 -7.750858568775115 7.159999999999999
      vertex -12.130334357203019 -7.623810280498002 7.159999999999999
    endloop
  endfacet
  facet normal -0.903989293123443 0.42755509343028286 0
    outer loop
      vertex -12.130334357203019 -7.623810280498002 4.8
      vertex -12.130334357203019 -7.623810280498002 7.159999999999999
      vertex -12.072641738478987 -7.501829486864254 7.159999999999999
    endloop
  endfacet
  facet normal -0.5956993044924392 -0.8032075314806407 6.045691491539948e-16
    outer loop
      vertex -11.732290765725011 -9.212889373373764 4.8
      vertex -11.623909070401952 -9.293270716916 7.16
      vertex -11.732290765725011 -9.212889373373763 7.16
    endloop
  endfacet
  facet normal -0.5141027441932181 -0.8577286100002742 0
    outer loop
      vertex -11.623909070401952 -9.293270716916 4.8
      vertex -11.508170513135745 -9.362641738478988 7.16
      vertex -11.623909070401952 -9.293270716916 7.16
    endloop
  endfacet
  facet normal 0.24298017990327167 -0.970031253194542 0
    outer loop
      vertex -10.591750807227823 -9.498579760554442 4.8
      vertex -10.460858568775114 -9.465792961631786 7.16
      vertex -10.591750807227823 -9.498579760554442 7.16
    endloop
  endfacet
  facet normal 0.3368898533922115 -0.9415440651830239 7.086941694002455e-16
    outer loop
      vertex -10.460858568775114 -9.465792961631788 4.8
      vertex -10.333810280498001 -9.42033435720302 7.16
      vertex -10.460858568775114 -9.465792961631786 7.16
    endloop
  endfacet
  facet normal 0.4275550934302803 -0.9039892931234441 0
    outer loop
      vertex -10.333810280498001 -9.42033435720302 4.8
      vertex -10.211829486864252 -9.362641738478988 7.16
      vertex -10.333810280498001 -9.42033435720302 7.16
    endloop
  endfacet
  facet normal 0.5141027441932239 -0.8577286100002707 0
    outer loop
      vertex -10.211829486864252 -9.362641738478988 4.8
      vertex -10.096090929598047 -9.293270716916 7.16
      vertex -10.211829486864252 -9.362641738478988 7.16
    endloop
  endfacet
  facet normal 0.5956993044924392 -0.8032075314806407 0
    outer loop
      vertex -10.096090929598047 -9.293270716916 4.8
      vertex -9.987709234274988 -9.212889373373763 7.16
      vertex -10.096090929598047 -9.293270716916 7.16
    endloop
  endfacet
  facet normal 0.6715589548470131 -0.7409511253549638 5.57709152197289e-16
    outer loop
      vertex -9.987709234274988 -9.212889373373764 4.8
      vertex -9.887728175868496 -9.122271824131502 7.16
      vertex -9.987709234274988 -9.212889373373763 7.16
    endloop
  endfacet
  facet normal 0.7409511253549579 -0.6715589548470197 0
    outer loop
      vertex -9.797110626626235 -9.022290765725012 4.8
      vertex -9.797110626626235 -9.022290765725012 7.16
      vertex -9.887728175868496 -9.122271824131502 7.16
    endloop
  endfacet
  facet normal 0.8032075314806469 -0.5956993044924307 0
    outer loop
      vertex -9.716729283084 -8.913909070401953 4.8
      vertex -9.716729283084 -8.913909070401953 7.16
      vertex -9.797110626626235 -9.022290765725012 7.16
    endloop
  endfacet
  facet normal 0.8577286100002742 -0.514102744193218 3.8696183296697464e-16
    outer loop
      vertex -9.647358261521012 -8.798170513135748 4.8
      vertex -9.647358261521012 -8.798170513135746 7.16
      vertex -9.716729283084 -8.913909070401953 7.16
    endloop
  endfacet
  facet normal 0.9039892931234441 -0.4275550934302803 3.218179722183438e-16
    outer loop
      vertex -9.58966564279698 -8.676189719501998 4.8
      vertex -9.58966564279698 -8.676189719501997 7.16
      vertex -9.647358261521012 -8.798170513135746 7.16
    endloop
  endfacet
  facet normal 0.903989293123443 0.42755509343028286 0
    outer loop
      vertex -9.647358261521012 -7.501829486864254 4.8
      vertex -9.647358261521012 -7.501829486864254 7.159999999999999
      vertex -9.58966564279698 -7.623810280498002 7.159999999999999
    endloop
  endfacet
  facet normal 0.9415440651830196 -0.3368898533922231 2.5357482847365386e-16
    outer loop
      vertex -9.544207038368212 -8.549141431224886 4.8
      vertex -9.544207038368212 -8.549141431224884 7.16
      vertex -9.58966564279698 -8.676189719501997 7.16
    endloop
  endfacet
  facet normal 0.970031253194546 -0.24298017990325618 3.657792410252986e-16
    outer loop
      vertex -9.511420239445558 -8.418249192772176 4.8
      vertex -9.511420239445558 -8.418249192772173 7.16
      vertex -9.544207038368212 -8.549141431224884 7.16
    endloop
  endfacet
  facet normal 0.9891765099647823 -0.14673047445535245 6.626585131708704e-16
    outer loop
      vertex -9.49162100082573 -8.284773567953145 4.8
      vertex -9.49162100082573 -8.284773567953135 7.16
      vertex -9.511420239445558 -8.418249192772173 7.16
    endloop
  endfacet
  facet normal 0.998795456205172 -0.049067674327425245 0
    outer loop
      vertex -9.485 -8.15 4.8
      vertex -9.485 -8.15 7.16
      vertex -9.49162100082573 -8.284773567953135 7.16
    endloop
  endfacet
  facet normal 0.9987954562051723 0.049067674327420735 -3.693292325634656e-17
    outer loop
      vertex -9.49162100082573 -8.015226432046855 4.8
      vertex -9.49162100082573 -8.015226432046854 7.16
      vertex -9.485 -8.15 7.16
    endloop
  endfacet
  facet normal 0.9891765099647809 0.14673047445536203 0
    outer loop
      vertex -9.511420239445558 -7.881750807227824 4.8
      vertex -9.511420239445558 -7.881750807227824 7.16
      vertex -9.49162100082573 -8.015226432046854 7.16
    endloop
  endfacet
  facet normal 0.970031253194542 0.24298017990327167 7.301362928153053e-16
    outer loop
      vertex -9.544207038368212 -7.750858568775115 4.8
      vertex -9.544207038368214 -7.750858568775115 7.16
      vertex -9.511420239445558 -7.881750807227824 7.16
    endloop
  endfacet
  facet normal 0.9415440651830239 0.33688985339221145 0
    outer loop
      vertex -9.58966564279698 -7.623810280498002 4.8
      vertex -9.58966564279698 -7.623810280498002 7.159999999999999
      vertex -9.544207038368214 -7.750858568775115 7.16
    endloop
  endfacet
  facet normal -0.8577286100002726 0.5141027441932209 1.7098512460482419e-18
    outer loop
      vertex -12.072641738478987 -7.501829486864254 4.8
      vertex -12.003270716916 -7.386090929598048 7.159999999999999
      vertex -12.003270716916 -7.386090929598048 4.8
    endloop
  endfacet
  facet normal -0.8032075314806492 0.5956993044924275 -2.673358464010756e-18
    outer loop
      vertex -12.003270716916 -7.386090929598048 4.8
      vertex -11.922889373373764 -7.277709234274988 7.159999999999999
      vertex -11.922889373373764 -7.277709234274988 4.8
    endloop
  endfacet
  facet normal -0.7409511253549579 0.6715589548470198 -1.4461697583829334e-18
    outer loop
      vertex -11.922889373373764 -7.277709234274988 4.8
      vertex -11.832271824131503 -7.177728175868498 7.159999999999999
      vertex -11.832271824131503 -7.177728175868498 4.8
    endloop
  endfacet
  facet normal -0.6715589548470132 0.7409511253549638 0
    outer loop
      vertex -11.832271824131503 -7.177728175868498 4.8
      vertex -11.832271824131503 -7.177728175868498 7.159999999999999
      vertex -11.732290765725011 -7.087110626626237 4.8
    endloop
  endfacet
  facet normal -0.5956993044924348 0.8032075314806437 0
    outer loop
      vertex -11.732290765725011 -7.087110626626237 4.8
      vertex -11.732290765725011 -7.087110626626237 7.16
      vertex -11.623909070401952 -7.006729283084001 4.8
    endloop
  endfacet
  facet normal -0.5141027441932239 0.8577286100002707 0
    outer loop
      vertex -11.623909070401952 -7.006729283084001 4.8
      vertex -11.623909070401952 -7.006729283084001 7.16
      vertex -11.508170513135747 -6.9373582615210125 4.8
    endloop
  endfacet
  facet normal -0.4275550934302803 0.9039892931234441 0
    outer loop
      vertex -11.508170513135747 -6.9373582615210125 4.8
      vertex -11.508170513135747 -6.9373582615210125 7.16
      vertex -11.386189719501997 -6.879665642796981 4.8
    endloop
  endfacet
  facet normal -0.3368898533922231 0.9415440651830196 0
    outer loop
      vertex -11.386189719501997 -6.879665642796981 4.8
      vertex -11.386189719501997 -6.879665642796981 7.16
      vertex -11.259141431224885 -6.834207038368213 4.8
    endloop
  endfacet
  facet normal -0.24298017990325932 0.9700312531945452 0
    outer loop
      vertex -11.259141431224885 -6.834207038368213 4.8
      vertex -11.259141431224885 -6.834207038368213 7.16
      vertex -11.128249192772175 -6.801420239445559 4.8
    endloop
  endfacet
  facet normal -0.1467304744553601 0.9891765099647812 0
    outer loop
      vertex -11.128249192772175 -6.801420239445559 4.8
      vertex -11.128249192772175 -6.801420239445559 7.16
      vertex -10.994773567953144 -6.78162100082573 4.8
    endloop
  endfacet
  facet normal -0.04906767432742138 0.9987954562051723 0
    outer loop
      vertex -10.994773567953144 -6.78162100082573 4.8
      vertex -10.994773567953144 -6.78162100082573 7.159999999999999
      vertex -10.86 -6.775 4.8
    endloop
  endfacet
  facet normal 0.1467304744553601 0.9891765099647812 0
    outer loop
      vertex -10.725226432046854 -6.78162100082573 4.8
      vertex -10.725226432046854 -6.78162100082573 7.16
      vertex -10.591750807227823 -6.801420239445559 4.8
    endloop
  endfacet
  facet normal 0.04906767432742138 0.9987954562051723 0
    outer loop
      vertex -10.86 -6.775 4.8
      vertex -10.86 -6.775 7.159999999999999
      vertex -10.725226432046854 -6.78162100082573 4.8
    endloop
  endfacet
  facet normal 0.24298017990325932 0.9700312531945452 0
    outer loop
      vertex -10.591750807227823 -6.801420239445559 4.8
      vertex -10.591750807227823 -6.801420239445559 7.16
      vertex -10.460858568775114 -6.834207038368213 4.8
    endloop
  endfacet
  facet normal 0.3368898533922231 0.9415440651830196 0
    outer loop
      vertex -10.460858568775114 -6.834207038368213 4.8
      vertex -10.460858568775114 -6.834207038368213 7.16
      vertex -10.333810280498001 -6.879665642796981 4.8
    endloop
  endfacet
  facet normal 0.4275550934302803 0.9039892931234441 0
    outer loop
      vertex -10.333810280498001 -6.879665642796981 4.8
      vertex -10.333810280498001 -6.879665642796981 7.16
      vertex -10.211829486864252 -6.9373582615210125 4.8
    endloop
  endfacet
  facet normal 0.5141027441932239 0.8577286100002707 0
    outer loop
      vertex -10.211829486864252 -6.9373582615210125 4.8
      vertex -10.211829486864252 -6.9373582615210125 7.16
      vertex -10.096090929598047 -7.006729283084001 4.8
    endloop
  endfacet
  facet normal 0.5956993044924348 0.8032075314806437 8.420474719549341e-19
    outer loop
      vertex -9.987709234274988 -7.087110626626237 4.8
      vertex -10.096090929598047 -7.006729283084001 4.8
      vertex -10.096090929598047 -7.006729283084001 7.16
    endloop
  endfacet
  facet normal 0.6715589548470131 0.7409511253549638 0
    outer loop
      vertex -9.987709234274988 -7.087110626626237 4.8
      vertex -9.987709234274988 -7.087110626626237 7.16
      vertex -9.887728175868496 -7.177728175868498 4.8
    endloop
  endfacet
  facet normal 0.8032075314806492 0.5956993044924275 2.673358464010756e-18
    outer loop
      vertex -9.797110626626235 -7.277709234274988 4.8
      vertex -9.716729283084 -7.386090929598048 7.159999999999999
      vertex -9.716729283084 -7.386090929598048 4.8
    endloop
  endfacet
  facet normal 0.8577286100002726 0.5141027441932209 0
    outer loop
      vertex -9.647358261521012 -7.501829486864254 4.8
      vertex -9.716729283084 -7.386090929598048 4.8
      vertex -9.647358261521012 -7.501829486864254 7.159999999999999
    endloop
  endfacet
  facet normal 0.7409511253549579 0.6715589548470198 1.4461697583829334e-18
    outer loop
      vertex -9.887728175868496 -7.177728175868498 4.8
      vertex -9.797110626626235 -7.277709234274988 7.159999999999999
      vertex -9.797110626626235 -7.277709234274988 4.8
    endloop
  endfacet
  facet normal -0.8577286100002726 0.5141027441932209 0
    outer loop
      vertex -12.072641738478987 -7.501829486864254 4.8
      vertex -12.072641738478987 -7.501829486864254 7.159999999999999
      vertex -12.003270716916 -7.386090929598048 7.159999999999999
    endloop
  endfacet
  facet normal -0.8032075314806492 0.5956993044924275 0
    outer loop
      vertex -12.003270716916 -7.386090929598048 4.8
      vertex -12.003270716916 -7.386090929598048 7.159999999999999
      vertex -11.922889373373764 -7.277709234274988 7.159999999999999
    endloop
  endfacet
  facet normal -0.7409511253549579 0.6715589548470198 0
    outer loop
      vertex -11.922889373373764 -7.277709234274988 4.8
      vertex -11.922889373373764 -7.277709234274988 7.159999999999999
      vertex -11.832271824131503 -7.177728175868498 7.159999999999999
    endloop
  endfacet
  facet normal -0.6715589548470131 0.7409511253549638 0
    outer loop
      vertex -11.732290765725011 -7.087110626626237 4.8
      vertex -11.832271824131503 -7.177728175868498 7.159999999999999
      vertex -11.732290765725011 -7.087110626626237 7.16
    endloop
  endfacet
  facet normal -0.5956993044924348 0.8032075314806437 0
    outer loop
      vertex -11.623909070401952 -7.006729283084001 4.8
      vertex -11.732290765725011 -7.087110626626237 7.16
      vertex -11.623909070401952 -7.006729283084001 7.16
    endloop
  endfacet
  facet normal -0.5141027441932239 0.8577286100002707 0
    outer loop
      vertex -11.508170513135747 -6.9373582615210125 4.8
      vertex -11.623909070401952 -7.006729283084001 7.16
      vertex -11.508170513135747 -6.9373582615210125 7.16
    endloop
  endfacet
  facet normal -0.4275550934302803 0.9039892931234441 0
    outer loop
      vertex -11.386189719501997 -6.879665642796981 4.8
      vertex -11.508170513135747 -6.9373582615210125 7.16
      vertex -11.386189719501997 -6.879665642796981 7.16
    endloop
  endfacet
  facet normal -0.3368898533922231 0.9415440651830196 0
    outer loop
      vertex -11.259141431224885 -6.834207038368213 4.8
      vertex -11.386189719501997 -6.879665642796981 7.16
      vertex -11.259141431224885 -6.834207038368213 7.16
    endloop
  endfacet
  facet normal -0.24298017990325932 0.9700312531945452 0
    outer loop
      vertex -11.128249192772175 -6.801420239445559 4.8
      vertex -11.259141431224885 -6.834207038368213 7.16
      vertex -11.128249192772175 -6.801420239445559 7.16
    endloop
  endfacet
  facet normal -0.14673047445536008 0.9891765099647812 0
    outer loop
      vertex -10.994773567953144 -6.78162100082573 4.8
      vertex -11.128249192772175 -6.801420239445559 7.16
      vertex -10.994773567953144 -6.78162100082573 7.159999999999999
    endloop
  endfacet
  facet normal -0.04906767432742138 0.9987954562051723 0
    outer loop
      vertex -10.86 -6.775 4.8
      vertex -10.994773567953144 -6.78162100082573 7.159999999999999
      vertex -10.86 -6.775 7.159999999999999
    endloop
  endfacet
  facet normal 0.04906767432742138 0.9987954562051723 0
    outer loop
      vertex -10.725226432046854 -6.78162100082573 4.8
      vertex -10.86 -6.775 7.159999999999999
      vertex -10.725226432046854 -6.78162100082573 7.16
    endloop
  endfacet
  facet normal 0.1467304744553601 0.9891765099647812 0
    outer loop
      vertex -10.591750807227823 -6.801420239445559 4.8
      vertex -10.725226432046854 -6.78162100082573 7.16
      vertex -10.591750807227823 -6.801420239445559 7.16
    endloop
  endfacet
  facet normal 0.24298017990325932 0.9700312531945452 0
    outer loop
      vertex -10.460858568775114 -6.834207038368213 4.8
      vertex -10.591750807227823 -6.801420239445559 7.16
      vertex -10.460858568775114 -6.834207038368213 7.16
    endloop
  endfacet
  facet normal 0.3368898533922231 0.9415440651830196 0
    outer loop
      vertex -10.333810280498001 -6.879665642796981 4.8
      vertex -10.460858568775114 -6.834207038368213 7.16
      vertex -10.333810280498001 -6.879665642796981 7.16
    endloop
  endfacet
  facet normal 0.4275550934302803 0.9039892931234441 0
    outer loop
      vertex -10.211829486864252 -6.9373582615210125 4.8
      vertex -10.333810280498001 -6.879665642796981 7.16
      vertex -10.211829486864252 -6.9373582615210125 7.16
    endloop
  endfacet
  facet normal 0.5141027441932239 0.8577286100002707 0
    outer loop
      vertex -10.096090929598047 -7.006729283084001 4.8
      vertex -10.211829486864252 -6.9373582615210125 7.16
      vertex -10.096090929598047 -7.006729283084001 7.16
    endloop
  endfacet
  facet normal 0.5956993044924348 0.8032075314806437 0
    outer loop
      vertex -9.987709234274988 -7.087110626626237 4.8
      vertex -10.096090929598047 -7.006729283084001 7.16
      vertex -9.987709234274988 -7.087110626626237 7.16
    endloop
  endfacet
  facet normal 0.6715589548470132 0.7409511253549638 0
    outer loop
      vertex -9.887728175868496 -7.177728175868498 4.8
      vertex -9.987709234274988 -7.087110626626237 7.16
      vertex -9.887728175868496 -7.177728175868498 7.159999999999999
    endloop
  endfacet
  facet normal 0.8032075314806492 0.5956993044924275 0
    outer loop
      vertex -9.797110626626235 -7.277709234274988 4.8
      vertex -9.797110626626235 -7.277709234274988 7.159999999999999
      vertex -9.716729283084 -7.386090929598048 7.159999999999999
    endloop
  endfacet
  facet normal 0.8577286100002726 0.5141027441932209 -1.7098512460482419e-18
    outer loop
      vertex -9.647358261521012 -7.501829486864254 7.159999999999999
      vertex -9.716729283084 -7.386090929598048 4.8
      vertex -9.716729283084 -7.386090929598048 7.159999999999999
    endloop
  endfacet
  facet normal 0.7409511253549579 0.6715589548470198 0
    outer loop
      vertex -9.887728175868496 -7.177728175868498 4.8
      vertex -9.887728175868496 -7.177728175868498 7.159999999999999
      vertex -9.797110626626235 -7.277709234274988 7.159999999999999
    endloop
  endfacet
  facet normal -0.12213238136327746 -0.823349636120537 0.5542373662274263
    outer loop
      vertex -11.128249192772175 -9.498579760554442 7.16
      vertex -10.994773567953144 -9.51837899917427 7.16
      vertex -11.050213063965725 -9.10626564839315 7.759999999999999
    endloop
  endfacet
  facet normal -0.04084190374092264 -0.8313560493411369 0.5542373662274265
    outer loop
      vertex -10.994773567953144 -9.51837899917427 7.16
      vertex -10.86 -9.525 7.16
      vertex -10.955566711821321 -9.120305108505391 7.759999999999999
    endloop
  endfacet
  facet normal 0.0408419037409221 -0.8313560493411368 0.5542373662274266
    outer loop
      vertex -10.86 -9.525 7.16
      vertex -10.725226432046853 -9.51837899917427 7.16
      vertex -10.764433288178678 -9.120305108505391 7.759999999999999
    endloop
  endfacet
  facet normal -0.6685567460527411 -0.49583547592387744 0.5542373662274248
    outer loop
      vertex -12.003270716916 -8.913909070401953 7.16
      vertex -11.922889373373762 -9.022290765725012 7.16
      vertex -11.613685192028669 -8.768533452059554 7.759999999999999
    endloop
  endfacet
  facet normal -0.6167370871613482 -0.558977912977805 0.5542373662274254
    outer loop
      vertex -11.922889373373762 -9.022290765725012 7.16
      vertex -11.832271824131501 -9.122271824131502 7.16
      vertex -11.549429111656883 -8.839429111656884 7.759999999999999
    endloop
  endfacet
  facet normal -0.7837023581236203 -0.2804131875443145 0.554237366227426
    outer loop
      vertex -12.130334357203019 -8.676189719501998 7.16
      vertex -11.760782544198504 -8.523116346555963 7.759999999999999
      vertex -12.175792961631787 -8.549141431224886 7.159999999999999
    endloop
  endfacet
  facet normal -0.8074139158154024 -0.20224665738875472 0.5542373662274259
    outer loop
      vertex -12.175792961631787 -8.549141431224886 7.159999999999999
      vertex -11.793016827338903 -8.4330275603231 7.759999999999999
      vertex -12.208579760554441 -8.418249192772176 7.159999999999999
    endloop
  endfacet
  facet normal -0.7139378380093567 -0.42791787218555266 0.5542373662274265
    outer loop
      vertex -12.003270716916 -8.913909070401953 7.16
      vertex -11.67068287199498 -8.691680977194112 7.759999999999999
      vertex -12.072641738478987 -8.798170513135748 7.16
    endloop
  endfacet
  facet normal -0.7524433183078213 -0.35587918541437796 0.5542373662274256
    outer loop
      vertex -12.130334357203019 -8.676189719501998 7.16
      vertex -12.072641738478987 -8.798170513135748 7.16
      vertex -11.719873232739646 -8.609611818405348 7.759999999999999
    endloop
  endfacet
  facet normal -0.6685567460527481 -0.4958354759238658 0.5542373662274267
    outer loop
      vertex -12.003270716916 -8.913909070401953 7.16
      vertex -11.613685192028669 -8.768533452059554 7.759999999999999
      vertex -11.67068287199498 -8.691680977194112 7.759999999999999
    endloop
  endfacet
  facet normal -0.7139378380093537 -0.42791787218555905 0.5542373662274257
    outer loop
      vertex -12.072641738478987 -8.798170513135748 7.16
      vertex -11.67068287199498 -8.691680977194112 7.759999999999999
      vertex -11.719873232739646 -8.609611818405348 7.759999999999999
    endloop
  endfacet
  facet normal -0.7524433183078226 -0.35587918541437447 0.5542373662274261
    outer loop
      vertex -12.130334357203019 -8.676189719501998 7.16
      vertex -11.719873232739646 -8.609611818405348 7.759999999999999
      vertex -11.760782544198504 -8.523116346555963 7.759999999999999
    endloop
  endfacet
  facet normal -0.78370235812362 -0.28041318754431505 0.5542373662274259
    outer loop
      vertex -12.175792961631787 -8.549141431224886 7.159999999999999
      vertex -11.760782544198504 -8.523116346555963 7.759999999999999
      vertex -11.793016827338903 -8.4330275603231 7.759999999999999
    endloop
  endfacet
  facet normal -0.8233496361205375 -0.12213238136327752 0.5542373662274257
    outer loop
      vertex -12.208579760554441 -8.418249192772176 7.159999999999999
      vertex -11.816265648393149 -8.340213063965725 7.759999999999999
      vertex -12.22837899917427 -8.284773567953145 7.159999999999999
    endloop
  endfacet
  facet normal -0.8313560493411384 -0.04084190374092272 0.5542373662274243
    outer loop
      vertex -12.22837899917427 -8.284773567953145 7.159999999999999
      vertex -11.830305108505392 -8.245566711821322 7.759999999999999
      vertex -12.235 -8.15 7.159999999999999
    endloop
  endfacet
  facet normal -0.8313560493411384 0.04084190374092272 0.5542373662274243
    outer loop
      vertex -12.235 -8.15 7.159999999999999
      vertex -11.830305108505392 -8.054433288178679 7.759999999999999
      vertex -12.22837899917427 -8.015226432046855 7.159999999999999
    endloop
  endfacet
  facet normal -0.8233496361205375 0.12213238136327752 0.5542373662274257
    outer loop
      vertex -12.22837899917427 -8.015226432046855 7.159999999999999
      vertex -11.816265648393149 -7.959786936034275 7.759999999999999
      vertex -12.208579760554441 -7.881750807227824 7.159999999999999
    endloop
  endfacet
  facet normal -0.8074139158154024 0.20224665738875472 0.5542373662274259
    outer loop
      vertex -12.208579760554441 -7.881750807227824 7.159999999999999
      vertex -11.793016827338903 -7.8669724396769 7.759999999999999
      vertex -12.175792961631787 -7.750858568775115 7.159999999999999
    endloop
  endfacet
  facet normal -0.7837023581236193 0.28041318754431804 0.5542373662274256
    outer loop
      vertex -12.175792961631787 -7.750858568775115 7.159999999999999
      vertex -11.760782544198504 -7.776883653444038 7.759999999999999
      vertex -12.130334357203019 -7.623810280498002 7.159999999999999
    endloop
  endfacet
  facet normal -0.7524433183078209 0.3558791854143803 0.5542373662274248
    outer loop
      vertex -12.130334357203019 -7.623810280498002 7.159999999999999
      vertex -11.719873232739646 -7.690388181594653 7.759999999999999
      vertex -12.072641738478987 -7.501829486864254 7.159999999999999
    endloop
  endfacet
  facet normal -0.7139378380093585 0.4279178721855505 0.5542373662274259
    outer loop
      vertex -12.072641738478987 -7.501829486864254 7.159999999999999
      vertex -11.67068287199498 -7.608319022805889 7.759999999999999
      vertex -12.003270716916 -7.386090929598048 7.159999999999999
    endloop
  endfacet
  facet normal -0.8074139158154022 -0.20224665738875594 0.5542373662274256
    outer loop
      vertex -12.208579760554441 -8.418249192772176 7.159999999999999
      vertex -11.793016827338903 -8.4330275603231 7.759999999999999
      vertex -11.816265648393149 -8.340213063965725 7.759999999999999
    endloop
  endfacet
  facet normal -0.8233496361205366 -0.12213238136329195 0.5542373662274238
    outer loop
      vertex -12.22837899917427 -8.284773567953145 7.159999999999999
      vertex -11.816265648393149 -8.340213063965725 7.759999999999999
      vertex -11.830305108505392 -8.245566711821322 7.759999999999999
    endloop
  endfacet
  facet normal -0.8313560493411377 -0.04084190374090905 0.5542373662274259
    outer loop
      vertex -12.235 -8.15 7.159999999999999
      vertex -11.830305108505392 -8.245566711821322 7.759999999999999
      vertex -11.834999999999999 -8.15 7.759999999999999
    endloop
  endfacet
  facet normal -0.8313560493411377 0.04084190374090885 0.5542373662274259
    outer loop
      vertex -12.235 -8.15 7.159999999999999
      vertex -11.834999999999999 -8.15 7.759999999999999
      vertex -11.830305108505392 -8.054433288178679 7.759999999999999
    endloop
  endfacet
  facet normal -0.8233496361205365 0.12213238136329184 0.5542373662274237
    outer loop
      vertex -12.22837899917427 -8.015226432046855 7.159999999999999
      vertex -11.830305108505392 -8.054433288178679 7.759999999999999
      vertex -11.816265648393149 -7.959786936034275 7.759999999999999
    endloop
  endfacet
  facet normal -0.8074139158154023 0.2022466573887561 0.5542373662274257
    outer loop
      vertex -12.208579760554441 -7.881750807227824 7.159999999999999
      vertex -11.816265648393149 -7.959786936034275 7.759999999999999
      vertex -11.793016827338903 -7.8669724396769 7.759999999999999
    endloop
  endfacet
  facet normal -0.7837023581236201 0.280413187544315 0.554237366227426
    outer loop
      vertex -12.175792961631787 -7.750858568775115 7.159999999999999
      vertex -11.793016827338903 -7.8669724396769 7.759999999999999
      vertex -11.760782544198504 -7.776883653444038 7.759999999999999
    endloop
  endfacet
  facet normal -0.7524433183078229 0.3558791854143745 0.5542373662274254
    outer loop
      vertex -12.130334357203019 -7.623810280498002 7.159999999999999
      vertex -11.760782544198504 -7.776883653444038 7.759999999999999
      vertex -11.719873232739646 -7.690388181594653 7.759999999999999
    endloop
  endfacet
  facet normal -0.7139378380093543 0.42791787218555927 0.5542373662274246
    outer loop
      vertex -12.072641738478987 -7.501829486864254 7.159999999999999
      vertex -11.719873232739646 -7.690388181594653 7.759999999999999
      vertex -11.67068287199498 -7.608319022805889 7.759999999999999
    endloop
  endfacet
  facet normal -0.6685567460527514 0.49583547592386223 0.5542373662274263
    outer loop
      vertex -11.67068287199498 -7.608319022805889 7.759999999999999
      vertex -11.613685192028669 -7.531466547940446 7.759999999999999
      vertex -12.003270716916 -7.386090929598048 7.159999999999999
    endloop
  endfacet
  facet normal -0.49583547592387744 -0.6685567460527411 0.5542373662274248
    outer loop
      vertex -11.623909070401952 -9.293270716916 7.16
      vertex -11.478533452059553 -8.90368519202867 7.759999999999999
      vertex -11.732290765725011 -9.212889373373763 7.16
    endloop
  endfacet
  facet normal -0.4279178721855479 -0.7139378380093596 0.5542373662274264
    outer loop
      vertex -11.508170513135745 -9.362641738478988 7.16
      vertex -11.401680977194111 -8.960682871994981 7.759999999999999
      vertex -11.623909070401952 -9.293270716916 7.16
    endloop
  endfacet
  facet normal -0.558977912977805 -0.6167370871613482 0.5542373662274254
    outer loop
      vertex -11.832271824131501 -9.122271824131502 7.16
      vertex -11.732290765725011 -9.212889373373763 7.16
      vertex -11.549429111656883 -8.839429111656884 7.759999999999999
    endloop
  endfacet
  facet normal -0.35587918541438246 -0.7524433183078197 0.5542373662274251
    outer loop
      vertex -11.508170513135745 -9.362641738478988 7.16
      vertex -11.386189719501997 -9.42033435720302 7.16
      vertex -11.319611818405347 -9.009873232739647 7.759999999999999
    endloop
  endfacet
  facet normal -0.2804131875443082 -0.7837023581236225 0.5542373662274259
    outer loop
      vertex -11.386189719501997 -9.42033435720302 7.16
      vertex -11.259141431224885 -9.465792961631786 7.16
      vertex -11.233116346555962 -9.050782544198505 7.759999999999999
    endloop
  endfacet
  facet normal -0.2022466573887652 -0.8074139158154006 0.5542373662274251
    outer loop
      vertex -11.259141431224885 -9.465792961631786 7.16
      vertex -11.128249192772175 -9.498579760554442 7.16
      vertex -11.1430275603231 -9.083016827338904 7.759999999999999
    endloop
  endfacet
  facet normal -0.4958354759238658 -0.6685567460527481 0.5542373662274267
    outer loop
      vertex -11.623909070401952 -9.293270716916 7.16
      vertex -11.401680977194111 -8.960682871994981 7.759999999999999
      vertex -11.478533452059553 -8.90368519202867 7.759999999999999
    endloop
  endfacet
  facet normal -0.5589779129778087 -0.6167370871613452 0.5542373662274247
    outer loop
      vertex -11.732290765725011 -9.212889373373763 7.16
      vertex -11.478533452059553 -8.90368519202867 7.759999999999999
      vertex -11.549429111656883 -8.839429111656884 7.759999999999999
    endloop
  endfacet
  facet normal -0.35587918541437447 -0.7524433183078226 0.5542373662274261
    outer loop
      vertex -11.386189719501997 -9.42033435720302 7.16
      vertex -11.233116346555962 -9.050782544198505 7.759999999999999
      vertex -11.319611818405347 -9.009873232739647 7.759999999999999
    endloop
  endfacet
  facet normal -0.2804131875443152 -0.7837023581236208 0.5542373662274249
    outer loop
      vertex -11.259141431224885 -9.465792961631786 7.16
      vertex -11.1430275603231 -9.083016827338904 7.759999999999999
      vertex -11.233116346555962 -9.050782544198505 7.759999999999999
    endloop
  endfacet
  facet normal -0.42791787218555927 -0.7139378380093542 0.5542373662274247
    outer loop
      vertex -11.508170513135745 -9.362641738478988 7.16
      vertex -11.319611818405347 -9.009873232739647 7.759999999999999
      vertex -11.401680977194111 -8.960682871994981 7.759999999999999
    endloop
  endfacet
  facet normal -0.6167370871613452 -0.5589779129778087 0.5542373662274247
    outer loop
      vertex -11.922889373373762 -9.022290765725012 7.16
      vertex -11.549429111656883 -8.839429111656884 7.759999999999999
      vertex -11.613685192028669 -8.768533452059554 7.759999999999999
    endloop
  endfacet
  facet normal -0.20224665738875597 -0.8074139158154019 0.5542373662274263
    outer loop
      vertex -11.128249192772175 -9.498579760554442 7.16
      vertex -11.050213063965725 -9.10626564839315 7.759999999999999
      vertex -11.1430275603231 -9.083016827338904 7.759999999999999
    endloop
  endfacet
  facet normal -0.12213238136327664 -0.8233496361205372 0.5542373662274264
    outer loop
      vertex -10.994773567953144 -9.51837899917427 7.16
      vertex -10.955566711821321 -9.120305108505391 7.759999999999999
      vertex -11.050213063965725 -9.10626564839315 7.759999999999999
    endloop
  endfacet
  facet normal -0.040841903740924286 -0.8313560493411369 0.5542373662274263
    outer loop
      vertex -10.86 -9.525 7.16
      vertex -10.86 -9.125 7.759999999999999
      vertex -10.955566711821321 -9.120305108505391 7.759999999999999
    endloop
  endfacet
  facet normal 0.04084190374092434 -0.8313560493411369 0.5542373662274263
    outer loop
      vertex -10.86 -9.525 7.16
      vertex -10.764433288178678 -9.120305108505391 7.759999999999999
      vertex -10.86 -9.125 7.759999999999999
    endloop
  endfacet
  facet normal 0.12213238136327632 -0.8233496361205369 0.5542373662274266
    outer loop
      vertex -10.725226432046853 -9.51837899917427 7.16
      vertex -10.669786936034274 -9.10626564839315 7.759999999999999
      vertex -10.764433288178678 -9.120305108505391 7.759999999999999
    endloop
  endfacet
  facet normal 0 0 1
    outer loop
      vertex -11.760782544198504 -8.523116346555963 7.759999999999999
      vertex -11.719873232739646 -8.609611818405348 7.759999999999999
      vertex -11.760782544198504 -7.776883653444038 7.759999999999999
    endloop
  endfacet
  facet normal 0 0 1
    outer loop
      vertex -11.793016827338903 -8.4330275603231 7.759999999999999
      vertex -11.816265648393149 -7.959786936034275 7.759999999999999
      vertex -11.816265648393149 -8.340213063965725 7.759999999999999
    endloop
  endfacet
  facet normal 0 0 1
    outer loop
      vertex -11.816265648393149 -8.340213063965725 7.759999999999999
      vertex -11.830305108505392 -8.054433288178679 7.759999999999999
      vertex -11.830305108505392 -8.245566711821322 7.759999999999999
    endloop
  endfacet
  facet normal 0 0 1
    outer loop
      vertex -11.760782544198504 -8.523116346555963 7.759999999999999
      vertex -11.793016827338903 -7.8669724396769 7.759999999999999
      vertex -11.793016827338903 -8.4330275603231 7.759999999999999
    endloop
  endfacet
  facet normal 0 0 1
    outer loop
      vertex -11.830305108505392 -8.245566711821322 7.759999999999999
      vertex -11.830305108505392 -8.054433288178679 7.759999999999999
      vertex -11.834999999999999 -8.15 7.759999999999999
    endloop
  endfacet
  facet normal 0 0 1
    outer loop
      vertex -11.816265648393149 -8.340213063965725 7.759999999999999
      vertex -11.816265648393149 -7.959786936034275 7.759999999999999
      vertex -11.830305108505392 -8.054433288178679 7.759999999999999
    endloop
  endfacet
  facet normal 0 0 1
    outer loop
      vertex -11.793016827338903 -8.4330275603231 7.759999999999999
      vertex -11.793016827338903 -7.8669724396769 7.759999999999999
      vertex -11.816265648393149 -7.959786936034275 7.759999999999999
    endloop
  endfacet
  facet normal 0 0 1
    outer loop
      vertex -11.760782544198504 -8.523116346555963 7.759999999999999
      vertex -11.760782544198504 -7.776883653444038 7.759999999999999
      vertex -11.793016827338903 -7.8669724396769 7.759999999999999
    endloop
  endfacet
  facet normal 0 0 1
    outer loop
      vertex -11.719873232739646 -8.609611818405348 7.759999999999999
      vertex -11.719873232739646 -7.690388181594653 7.759999999999999
      vertex -11.760782544198504 -7.776883653444038 7.759999999999999
    endloop
  endfacet
  facet normal 0 0 1
    outer loop
      vertex -11.478533452059553 -8.90368519202867 7.759999999999999
      vertex -11.401680977194111 -8.960682871994981 7.759999999999999
      vertex -11.478533452059553 -7.396314807971332 7.759999999999999
    endloop
  endfacet
  facet normal 0 0 1
    outer loop
      vertex -11.401680977194111 -8.960682871994981 7.759999999999999
      vertex -11.319611818405347 -9.009873232739647 7.759999999999999
      vertex -11.401680977194111 -7.3393171280050185 7.759999999999999
    endloop
  endfacet
  facet normal 0 0 1
    outer loop
      vertex -11.319611818405347 -9.009873232739647 7.759999999999999
      vertex -11.233116346555962 -9.050782544198505 7.759999999999999
      vertex -11.319611818405347 -7.290126767260354 7.759999999999999
    endloop
  endfacet
  facet normal 0 0 1
    outer loop
      vertex -11.233116346555962 -9.050782544198505 7.759999999999999
      vertex -11.1430275603231 -9.083016827338904 7.759999999999999
      vertex -11.233116346555962 -7.249217455801496 7.759999999999999
    endloop
  endfacet
  facet normal 0 0 1
    outer loop
      vertex -11.1430275603231 -9.083016827338904 7.759999999999999
      vertex -11.050213063965725 -9.10626564839315 7.759999999999999
      vertex -11.1430275603231 -7.216983172661097 7.759999999999999
    endloop
  endfacet
  facet normal 0 0 1
    outer loop
      vertex -10.955566711821321 -9.120305108505391 7.759999999999999
      vertex -11.050213063965725 -7.19373435160685 7.759999999999999
      vertex -11.050213063965725 -9.10626564839315 7.759999999999999
    endloop
  endfacet
  facet normal 0 0 1
    outer loop
      vertex -10.955566711821321 -9.120305108505391 7.759999999999999
      vertex -10.86 -9.125 7.759999999999999
      vertex -10.955566711821321 -7.179694891494608 7.759999999999999
    endloop
  endfacet
  facet normal 0 0 1
    outer loop
      vertex -10.86 -9.125 7.759999999999999
      vertex -10.764433288178678 -9.120305108505391 7.759999999999999
      vertex -10.86 -7.175000000000001 7.759999999999999
    endloop
  endfacet
  facet normal 0 0 1
    outer loop
      vertex -10.764433288178678 -9.120305108505391 7.759999999999999
      vertex -10.669786936034274 -9.10626564839315 7.759999999999999
      vertex -10.764433288178678 -7.179694891494608 7.759999999999999
    endloop
  endfacet
  facet normal 0 0 1
    outer loop
      vertex -11.67068287199498 -8.691680977194112 7.759999999999999
      vertex -11.719873232739646 -7.690388181594653 7.759999999999999
      vertex -11.719873232739646 -8.609611818405348 7.759999999999999
    endloop
  endfacet
  facet normal 0 0 1
    outer loop
      vertex -11.67068287199498 -8.691680977194112 7.759999999999999
      vertex -11.613685192028669 -8.768533452059554 7.759999999999999
      vertex -11.67068287199498 -7.608319022805889 7.759999999999999
    endloop
  endfacet
  facet normal 0 0 1
    outer loop
      vertex -11.549429111656883 -8.839429111656884 7.759999999999999
      vertex -11.613685192028669 -7.531466547940446 7.759999999999999
      vertex -11.613685192028669 -8.768533452059554 7.759999999999999
    endloop
  endfacet
  facet normal 0 0 1
    outer loop
      vertex -11.478533452059553 -8.90368519202867 7.759999999999999
      vertex -11.549429111656883 -7.460570888343116 7.759999999999999
      vertex -11.549429111656883 -8.839429111656884 7.759999999999999
    endloop
  endfacet
  facet normal 0 0 1
    outer loop
      vertex -11.67068287199498 -8.691680977194112 7.759999999999999
      vertex -11.67068287199498 -7.608319022805889 7.759999999999999
      vertex -11.719873232739646 -7.690388181594653 7.759999999999999
    endloop
  endfacet
  facet normal 0 0 1
    outer loop
      vertex -11.613685192028669 -8.768533452059554 7.759999999999999
      vertex -11.613685192028669 -7.531466547940446 7.759999999999999
      vertex -11.67068287199498 -7.608319022805889 7.759999999999999
    endloop
  endfacet
  facet normal 0 0 1
    outer loop
      vertex -11.549429111656883 -8.839429111656884 7.759999999999999
      vertex -11.549429111656883 -7.460570888343116 7.759999999999999
      vertex -11.613685192028669 -7.531466547940446 7.759999999999999
    endloop
  endfacet
  facet normal 0 0 1
    outer loop
      vertex -11.478533452059553 -8.90368519202867 7.759999999999999
      vertex -11.478533452059553 -7.396314807971332 7.759999999999999
      vertex -11.549429111656883 -7.460570888343116 7.759999999999999
    endloop
  endfacet
  facet normal 0 0 1
    outer loop
      vertex -11.401680977194111 -8.960682871994981 7.759999999999999
      vertex -11.401680977194111 -7.3393171280050185 7.759999999999999
      vertex -11.478533452059553 -7.396314807971332 7.759999999999999
    endloop
  endfacet
  facet normal 0 0 1
    outer loop
      vertex -11.319611818405347 -9.009873232739647 7.759999999999999
      vertex -11.319611818405347 -7.290126767260354 7.759999999999999
      vertex -11.401680977194111 -7.3393171280050185 7.759999999999999
    endloop
  endfacet
  facet normal 0 0 1
    outer loop
      vertex -11.233116346555962 -9.050782544198505 7.759999999999999
      vertex -11.233116346555962 -7.249217455801496 7.759999999999999
      vertex -11.319611818405347 -7.290126767260354 7.759999999999999
    endloop
  endfacet
  facet normal 0 0 1
    outer loop
      vertex -11.1430275603231 -9.083016827338904 7.759999999999999
      vertex -11.1430275603231 -7.216983172661097 7.759999999999999
      vertex -11.233116346555962 -7.249217455801496 7.759999999999999
    endloop
  endfacet
  facet normal 0 0 1
    outer loop
      vertex -11.050213063965725 -9.10626564839315 7.759999999999999
      vertex -11.050213063965725 -7.19373435160685 7.759999999999999
      vertex -11.1430275603231 -7.216983172661097 7.759999999999999
    endloop
  endfacet
  facet normal 0 0 1
    outer loop
      vertex -10.955566711821321 -9.120305108505391 7.759999999999999
      vertex -10.955566711821321 -7.179694891494608 7.759999999999999
      vertex -11.050213063965725 -7.19373435160685 7.759999999999999
    endloop
  endfacet
  facet normal 0 0 1
    outer loop
      vertex -10.86 -9.125 7.759999999999999
      vertex -10.86 -7.175000000000001 7.759999999999999
      vertex -10.955566711821321 -7.179694891494608 7.759999999999999
    endloop
  endfacet
  facet normal 0 0 1
    outer loop
      vertex -10.764433288178678 -9.120305108505391 7.759999999999999
      vertex -10.764433288178678 -7.179694891494608 7.759999999999999
      vertex -10.86 -7.175000000000001 7.759999999999999
    endloop
  endfacet
  facet normal 0 0 1
    outer loop
      vertex -10.669786936034274 -9.10626564839315 7.759999999999999
      vertex -10.669786936034274 -7.19373435160685 7.759999999999999
      vertex -10.764433288178678 -7.179694891494608 7.759999999999999
    endloop
  endfacet
  facet normal 0.12213238136327906 -0.8233496361205368 0.5542373662274263
    outer loop
      vertex -10.725226432046853 -9.51837899917427 7.16
      vertex -10.591750807227823 -9.498579760554442 7.16
      vertex -10.669786936034274 -9.10626564839315 7.759999999999999
    endloop
  endfacet
  facet normal 0.2022466573887652 -0.8074139158154006 0.5542373662274251
    outer loop
      vertex -10.591750807227823 -9.498579760554442 7.16
      vertex -10.460858568775114 -9.465792961631786 7.16
      vertex -10.576972439676899 -9.083016827338904 7.759999999999999
    endloop
  endfacet
  facet normal 0.2804131875443082 -0.7837023581236225 0.5542373662274259
    outer loop
      vertex -10.460858568775114 -9.465792961631786 7.16
      vertex -10.333810280498001 -9.42033435720302 7.16
      vertex -10.486883653444037 -9.050782544198505 7.759999999999999
    endloop
  endfacet
  facet normal 0.35587918541437796 -0.7524433183078213 0.5542373662274257
    outer loop
      vertex -10.333810280498001 -9.42033435720302 7.16
      vertex -10.211829486864252 -9.362641738478988 7.16
      vertex -10.400388181594652 -9.009873232739647 7.759999999999999
    endloop
  endfacet
  facet normal 0.42791787218555266 -0.7139378380093567 0.5542373662274265
    outer loop
      vertex -10.211829486864252 -9.362641738478988 7.16
      vertex -10.096090929598047 -9.293270716916 7.16
      vertex -10.318319022805888 -8.960682871994981 7.759999999999999
    endloop
  endfacet
  facet normal 0.49583547592387733 -0.6685567460527412 0.5542373662274248
    outer loop
      vertex -10.241466547940446 -8.90368519202867 7.759999999999999
      vertex -10.096090929598047 -9.293270716916 7.16
      vertex -9.987709234274988 -9.212889373373763 7.16
    endloop
  endfacet
  facet normal 0.558977912977799 -0.6167370871613526 0.5542373662274263
    outer loop
      vertex -10.170570888343116 -8.839429111656884 7.759999999999999
      vertex -9.987709234274988 -9.212889373373763 7.16
      vertex -9.887728175868496 -9.122271824131502 7.16
    endloop
  endfacet
  facet normal 0.6167370871613476 -0.5589779129778044 0.5542373662274265
    outer loop
      vertex -10.170570888343116 -8.839429111656884 7.759999999999999
      vertex -9.887728175868496 -9.122271824131502 7.16
      vertex -9.797110626626235 -9.022290765725012 7.16
    endloop
  endfacet
  facet normal 0.6685567460527458 -0.4958354759238697 0.554237366227426
    outer loop
      vertex -10.10631480797133 -8.768533452059554 7.759999999999999
      vertex -9.797110626626235 -9.022290765725012 7.16
      vertex -9.716729283084 -8.913909070401953 7.16
    endloop
  endfacet
  facet normal 0.7139378380093596 -0.4279178721855479 0.5542373662274264
    outer loop
      vertex -9.716729283084 -8.913909070401953 7.16
      vertex -9.647358261521012 -8.798170513135746 7.16
      vertex -10.049317128005018 -8.691680977194112 7.759999999999999
    endloop
  endfacet
  facet normal 0.7524433183078216 -0.3558791854143782 0.5542373662274249
    outer loop
      vertex -9.647358261521012 -8.798170513135746 7.16
      vertex -9.58966564279698 -8.676189719501997 7.16
      vertex -10.000126767260353 -8.609611818405348 7.759999999999999
    endloop
  endfacet
  facet normal 0.7837023581236193 -0.280413187544318 0.5542373662274255
    outer loop
      vertex -9.58966564279698 -8.676189719501997 7.16
      vertex -9.544207038368212 -8.549141431224884 7.16
      vertex -9.959217455801495 -8.523116346555963 7.759999999999999
    endloop
  endfacet
  facet normal 0.8074139158154031 -0.20224665738875217 0.554237366227426
    outer loop
      vertex -9.544207038368212 -8.549141431224884 7.16
      vertex -9.511420239445558 -8.418249192772173 7.16
      vertex -9.926983172661096 -8.4330275603231 7.759999999999999
    endloop
  endfacet
  facet normal 0.2022466573887558 -0.807413915815402 0.5542373662274264
    outer loop
      vertex -10.591750807227823 -9.498579760554442 7.16
      vertex -10.576972439676899 -9.083016827338904 7.759999999999999
      vertex -10.669786936034274 -9.10626564839315 7.759999999999999
    endloop
  endfacet
  facet normal 0.2804131875443154 -0.7837023581236208 0.5542373662274249
    outer loop
      vertex -10.460858568775114 -9.465792961631786 7.16
      vertex -10.486883653444037 -9.050782544198505 7.759999999999999
      vertex -10.576972439676899 -9.083016827338904 7.759999999999999
    endloop
  endfacet
  facet normal 0.3558791854143742 -0.7524433183078227 0.5542373662274261
    outer loop
      vertex -10.333810280498001 -9.42033435720302 7.16
      vertex -10.400388181594652 -9.009873232739647 7.759999999999999
      vertex -10.486883653444037 -9.050782544198505 7.759999999999999
    endloop
  endfacet
  facet normal 0.4279178721855591 -0.7139378380093535 0.5542373662274256
    outer loop
      vertex -10.211829486864252 -9.362641738478988 7.16
      vertex -10.318319022805888 -8.960682871994981 7.759999999999999
      vertex -10.400388181594652 -9.009873232739647 7.759999999999999
    endloop
  endfacet
  facet normal 0.4958354759238657 -0.6685567460527483 0.5542373662274266
    outer loop
      vertex -10.318319022805888 -8.960682871994981 7.759999999999999
      vertex -10.096090929598047 -9.293270716916 7.16
      vertex -10.241466547940446 -8.90368519202867 7.759999999999999
    endloop
  endfacet
  facet normal 0.5589779129778089 -0.6167370871613451 0.5542373662274246
    outer loop
      vertex -10.241466547940446 -8.90368519202867 7.759999999999999
      vertex -9.987709234274988 -9.212889373373763 7.16
      vertex -10.170570888343116 -8.839429111656884 7.759999999999999
    endloop
  endfacet
  facet normal 0.6167370871613446 -0.5589779129778083 0.5542373662274258
    outer loop
      vertex -10.170570888343116 -8.839429111656884 7.759999999999999
      vertex -9.797110626626235 -9.022290765725012 7.16
      vertex -10.10631480797133 -8.768533452059554 7.759999999999999
    endloop
  endfacet
  facet normal 0.6685567460527483 -0.4958354759238657 0.5542373662274266
    outer loop
      vertex -10.10631480797133 -8.768533452059554 7.759999999999999
      vertex -9.716729283084 -8.913909070401953 7.16
      vertex -10.049317128005018 -8.691680977194112 7.759999999999999
    endloop
  endfacet
  facet normal 0.7139378380093541 -0.4279178721855594 0.5542373662274247
    outer loop
      vertex -9.647358261521012 -8.798170513135746 7.16
      vertex -10.000126767260353 -8.609611818405348 7.759999999999999
      vertex -10.049317128005018 -8.691680977194112 7.759999999999999
    endloop
  endfacet
  facet normal 0.7524433183078232 -0.35587918541437435 0.5542373662274256
    outer loop
      vertex -9.58966564279698 -8.676189719501997 7.16
      vertex -9.959217455801495 -8.523116346555963 7.759999999999999
      vertex -10.000126767260353 -8.609611818405348 7.759999999999999
    endloop
  endfacet
  facet normal 0.78370235812362 -0.28041318754431527 0.5542373662274259
    outer loop
      vertex -9.544207038368212 -8.549141431224884 7.16
      vertex -9.926983172661096 -8.4330275603231 7.759999999999999
      vertex -9.959217455801495 -8.523116346555963 7.759999999999999
    endloop
  endfacet
  facet normal 0.8233496361205384 -0.12213238136327116 0.5542373662274256
    outer loop
      vertex -9.511420239445558 -8.418249192772173 7.16
      vertex -9.49162100082573 -8.284773567953135 7.16
      vertex -9.90373435160685 -8.340213063965725 7.759999999999999
    endloop
  endfacet
  facet normal 0.8313560493411382 -0.04084190374092593 0.5542373662274244
    outer loop
      vertex -9.49162100082573 -8.284773567953135 7.16
      vertex -9.485 -8.15 7.16
      vertex -9.889694891494607 -8.245566711821322 7.759999999999999
    endloop
  endfacet
  facet normal 0.831356049341138 0.04084190374092216 0.5542373662274249
    outer loop
      vertex -9.485 -8.15 7.16
      vertex -9.49162100082573 -8.015226432046854 7.16
      vertex -9.889694891494607 -8.054433288178679 7.759999999999999
    endloop
  endfacet
  facet normal 0.8233496361205368 0.12213238136327906 0.5542373662274264
    outer loop
      vertex -9.49162100082573 -8.015226432046854 7.16
      vertex -9.511420239445558 -7.881750807227824 7.16
      vertex -9.90373435160685 -7.959786936034275 7.759999999999999
    endloop
  endfacet
  facet normal 0.7837023581236217 0.28041318754431177 0.5542373662274254
    outer loop
      vertex -9.544207038368214 -7.750858568775115 7.16
      vertex -9.58966564279698 -7.623810280498002 7.159999999999999
      vertex -9.959217455801495 -7.776883653444038 7.759999999999999
    endloop
  endfacet
  facet normal 0.8074139158154006 0.2022466573887652 0.554237366227425
    outer loop
      vertex -9.511420239445558 -7.881750807227824 7.16
      vertex -9.544207038368214 -7.750858568775115 7.16
      vertex -9.926983172661096 -7.8669724396769 7.759999999999999
    endloop
  endfacet
  facet normal 0.7524433183078209 0.3558791854143803 0.5542373662274248
    outer loop
      vertex -9.647358261521012 -7.501829486864254 7.159999999999999
      vertex -10.000126767260353 -7.690388181594653 7.759999999999999
      vertex -9.58966564279698 -7.623810280498002 7.159999999999999
    endloop
  endfacet
  facet normal 0.7139378380093585 0.4279178721855505 0.5542373662274259
    outer loop
      vertex -9.647358261521012 -7.501829486864254 7.159999999999999
      vertex -9.716729283084 -7.386090929598048 7.159999999999999
      vertex -10.049317128005018 -7.608319022805889 7.759999999999999
    endloop
  endfacet
  facet normal 0.8074139158154026 -0.2022466573887559 0.5542373662274255
    outer loop
      vertex -9.511420239445558 -8.418249192772173 7.16
      vertex -9.90373435160685 -8.340213063965725 7.759999999999999
      vertex -9.926983172661096 -8.4330275603231 7.759999999999999
    endloop
  endfacet
  facet normal 0.8233496361205372 -0.12213238136329206 0.5542373662274229
    outer loop
      vertex -9.49162100082573 -8.284773567953135 7.16
      vertex -9.889694891494607 -8.245566711821322 7.759999999999999
      vertex -9.90373435160685 -8.340213063965725 7.759999999999999
    endloop
  endfacet
  facet normal 0.8313560493411375 -0.040841903740908916 0.5542373662274266
    outer loop
      vertex -9.485 -8.15 7.16
      vertex -9.885 -8.15 7.759999999999999
      vertex -9.889694891494607 -8.245566711821322 7.759999999999999
    endloop
  endfacet
  facet normal 0.8313560493411375 0.040841903740909014 0.5542373662274266
    outer loop
      vertex -9.485 -8.15 7.16
      vertex -9.889694891494607 -8.054433288178679 7.759999999999999
      vertex -9.885 -8.15 7.759999999999999
    endloop
  endfacet
  facet normal 0.823349636120536 0.12213238136329192 0.5542373662274246
    outer loop
      vertex -9.49162100082573 -8.015226432046854 7.16
      vertex -9.90373435160685 -7.959786936034275 7.759999999999999
      vertex -9.889694891494607 -8.054433288178679 7.759999999999999
    endloop
  endfacet
  facet normal 0.7139378380093542 0.4279178721855594 0.5542373662274245
    outer loop
      vertex -9.647358261521012 -7.501829486864254 7.159999999999999
      vertex -10.049317128005018 -7.608319022805889 7.759999999999999
      vertex -10.000126767260353 -7.690388181594653 7.759999999999999
    endloop
  endfacet
  facet normal 0.6685567460527514 0.49583547592386223 0.5542373662274263
    outer loop
      vertex -10.10631480797133 -7.531466547940446 7.759999999999999
      vertex -10.049317128005018 -7.608319022805889 7.759999999999999
      vertex -9.716729283084 -7.386090929598048 7.159999999999999
    endloop
  endfacet
  facet normal 0.8074139158154019 0.20224665738875597 0.5542373662274263
    outer loop
      vertex -9.511420239445558 -7.881750807227824 7.16
      vertex -9.926983172661096 -7.8669724396769 7.759999999999999
      vertex -9.90373435160685 -7.959786936034275 7.759999999999999
    endloop
  endfacet
  facet normal 0.7837023581236208 0.2804131875443152 0.5542373662274249
    outer loop
      vertex -9.544207038368214 -7.750858568775115 7.16
      vertex -9.959217455801495 -7.776883653444038 7.759999999999999
      vertex -9.926983172661096 -7.8669724396769 7.759999999999999
    endloop
  endfacet
  facet normal 0.7524433183078229 0.35587918541437447 0.5542373662274255
    outer loop
      vertex -9.58966564279698 -7.623810280498002 7.159999999999999
      vertex -10.000126767260353 -7.690388181594653 7.759999999999999
      vertex -9.959217455801495 -7.776883653444038 7.759999999999999
    endloop
  endfacet
  facet normal 0 0 1
    outer loop
      vertex -10.669786936034274 -9.10626564839315 7.759999999999999
      vertex -10.576972439676899 -9.083016827338904 7.759999999999999
      vertex -10.669786936034274 -7.19373435160685 7.759999999999999
    endloop
  endfacet
  facet normal 0 0 1
    outer loop
      vertex -10.576972439676899 -9.083016827338904 7.759999999999999
      vertex -10.486883653444037 -9.050782544198505 7.759999999999999
      vertex -10.576972439676899 -7.216983172661097 7.759999999999999
    endloop
  endfacet
  facet normal 0 0 1
    outer loop
      vertex -10.486883653444037 -9.050782544198505 7.759999999999999
      vertex -10.400388181594652 -9.009873232739647 7.759999999999999
      vertex -10.486883653444037 -7.249217455801496 7.759999999999999
    endloop
  endfacet
  facet normal 0 0 1
    outer loop
      vertex -10.400388181594652 -9.009873232739647 7.759999999999999
      vertex -10.318319022805888 -8.960682871994981 7.759999999999999
      vertex -10.400388181594652 -7.290126767260354 7.759999999999999
    endloop
  endfacet
  facet normal 0 0 1
    outer loop
      vertex -10.318319022805888 -8.960682871994981 7.759999999999999
      vertex -10.241466547940446 -8.90368519202867 7.759999999999999
      vertex -10.318319022805888 -7.3393171280050185 7.759999999999999
    endloop
  endfacet
  facet normal 0 0 1
    outer loop
      vertex -10.241466547940446 -8.90368519202867 7.759999999999999
      vertex -10.170570888343116 -8.839429111656884 7.759999999999999
      vertex -10.241466547940446 -7.396314807971332 7.759999999999999
    endloop
  endfacet
  facet normal 0 0 1
    outer loop
      vertex -10.170570888343116 -8.839429111656884 7.759999999999999
      vertex -10.10631480797133 -8.768533452059554 7.759999999999999
      vertex -10.170570888343116 -7.460570888343116 7.759999999999999
    endloop
  endfacet
  facet normal 0 0 1
    outer loop
      vertex -10.576972439676899 -9.083016827338904 7.759999999999999
      vertex -10.576972439676899 -7.216983172661097 7.759999999999999
      vertex -10.669786936034274 -7.19373435160685 7.759999999999999
    endloop
  endfacet
  facet normal 0 0 1
    outer loop
      vertex -10.486883653444037 -9.050782544198505 7.759999999999999
      vertex -10.486883653444037 -7.249217455801496 7.759999999999999
      vertex -10.576972439676899 -7.216983172661097 7.759999999999999
    endloop
  endfacet
  facet normal 0 0 1
    outer loop
      vertex -10.400388181594652 -9.009873232739647 7.759999999999999
      vertex -10.400388181594652 -7.290126767260354 7.759999999999999
      vertex -10.486883653444037 -7.249217455801496 7.759999999999999
    endloop
  endfacet
  facet normal 0 0 1
    outer loop
      vertex -10.318319022805888 -8.960682871994981 7.759999999999999
      vertex -10.318319022805888 -7.3393171280050185 7.759999999999999
      vertex -10.400388181594652 -7.290126767260354 7.759999999999999
    endloop
  endfacet
  facet normal 0 0 1
    outer loop
      vertex -10.241466547940446 -8.90368519202867 7.759999999999999
      vertex -10.241466547940446 -7.396314807971332 7.759999999999999
      vertex -10.318319022805888 -7.3393171280050185 7.759999999999999
    endloop
  endfacet
  facet normal 0 0 1
    outer loop
      vertex -10.170570888343116 -8.839429111656884 7.759999999999999
      vertex -10.170570888343116 -7.460570888343116 7.759999999999999
      vertex -10.241466547940446 -7.396314807971332 7.759999999999999
    endloop
  endfacet
  facet normal 0 0 1
    outer loop
      vertex -10.10631480797133 -8.768533452059554 7.759999999999999
      vertex -10.049317128005018 -8.691680977194112 7.759999999999999
      vertex -10.10631480797133 -7.531466547940446 7.759999999999999
    endloop
  endfacet
  facet normal 0 0 1
    outer loop
      vertex -10.049317128005018 -8.691680977194112 7.759999999999999
      vertex -10.000126767260353 -8.609611818405348 7.759999999999999
      vertex -10.049317128005018 -7.608319022805889 7.759999999999999
    endloop
  endfacet
  facet normal 0 0 1
    outer loop
      vertex -10.000126767260353 -8.609611818405348 7.759999999999999
      vertex -9.959217455801495 -8.523116346555963 7.759999999999999
      vertex -10.000126767260353 -7.690388181594653 7.759999999999999
    endloop
  endfacet
  facet normal 0 0 1
    outer loop
      vertex -9.959217455801495 -8.523116346555963 7.759999999999999
      vertex -9.926983172661096 -8.4330275603231 7.759999999999999
      vertex -9.959217455801495 -7.776883653444038 7.759999999999999
    endloop
  endfacet
  facet normal 0 0 1
    outer loop
      vertex -9.926983172661096 -8.4330275603231 7.759999999999999
      vertex -9.90373435160685 -8.340213063965725 7.759999999999999
      vertex -9.926983172661096 -7.8669724396769 7.759999999999999
    endloop
  endfacet
  facet normal 0 0 1
    outer loop
      vertex -10.000126767260353 -8.609611818405348 7.759999999999999
      vertex -10.000126767260353 -7.690388181594653 7.759999999999999
      vertex -10.049317128005018 -7.608319022805889 7.759999999999999
    endloop
  endfacet
  facet normal 0 0 1
    outer loop
      vertex -9.90373435160685 -8.340213063965725 7.759999999999999
      vertex -9.889694891494607 -8.245566711821322 7.759999999999999
      vertex -9.90373435160685 -7.959786936034275 7.759999999999999
    endloop
  endfacet
  facet normal 0 0 1
    outer loop
      vertex -9.889694891494607 -8.245566711821322 7.759999999999999
      vertex -9.885 -8.15 7.759999999999999
      vertex -9.889694891494607 -8.054433288178679 7.759999999999999
    endloop
  endfacet
  facet normal 0 0 1
    outer loop
      vertex -9.889694891494607 -8.245566711821322 7.759999999999999
      vertex -9.889694891494607 -8.054433288178679 7.759999999999999
      vertex -9.90373435160685 -7.959786936034275 7.759999999999999
    endloop
  endfacet
  facet normal 0 0 1
    outer loop
      vertex -9.926983172661096 -8.4330275603231 7.759999999999999
      vertex -9.926983172661096 -7.8669724396769 7.759999999999999
      vertex -9.959217455801495 -7.776883653444038 7.759999999999999
    endloop
  endfacet
  facet normal 0 0 1
    outer loop
      vertex -9.959217455801495 -8.523116346555963 7.759999999999999
      vertex -9.959217455801495 -7.776883653444038 7.759999999999999
      vertex -10.000126767260353 -7.690388181594653 7.759999999999999
    endloop
  endfacet
  facet normal 0 0 1
    outer loop
      vertex -9.90373435160685 -8.340213063965725 7.759999999999999
      vertex -9.90373435160685 -7.959786936034275 7.759999999999999
      vertex -9.926983172661096 -7.8669724396769 7.759999999999999
    endloop
  endfacet
  facet normal 0 0 1
    outer loop
      vertex -10.10631480797133 -8.768533452059554 7.759999999999999
      vertex -10.10631480797133 -7.531466547940446 7.759999999999999
      vertex -10.170570888343116 -7.460570888343116 7.759999999999999
    endloop
  endfacet
  facet normal 0 0 1
    outer loop
      vertex -10.10631480797133 -7.531466547940446 7.759999999999999
      vertex -10.049317128005018 -8.691680977194112 7.759999999999999
      vertex -10.049317128005018 -7.608319022805889 7.759999999999999
    endloop
  endfacet
  facet normal -0.668556746052748 0.4958354759238675 0.5542373662274253
    outer loop
      vertex -11.613685192028669 -7.531466547940446 7.759999999999999
      vertex -11.922889373373764 -7.277709234274988 7.159999999999999
      vertex -12.003270716916 -7.386090929598048 7.159999999999999
    endloop
  endfacet
  facet normal -0.6167370871613479 0.5589779129778047 0.554237366227426
    outer loop
      vertex -11.922889373373764 -7.277709234274988 7.159999999999999
      vertex -11.549429111656883 -7.460570888343116 7.759999999999999
      vertex -11.832271824131503 -7.177728175868498 7.159999999999999
    endloop
  endfacet
  facet normal -0.558977912977802 0.6167370871613505 0.5542373662274258
    outer loop
      vertex -11.832271824131503 -7.177728175868498 7.159999999999999
      vertex -11.549429111656883 -7.460570888343116 7.759999999999999
      vertex -11.732290765725011 -7.087110626626237 7.16
    endloop
  endfacet
  facet normal -0.4958354759238734 0.6685567460527431 0.5542373662274261
    outer loop
      vertex -11.732290765725011 -7.087110626626237 7.16
      vertex -11.478533452059553 -7.396314807971332 7.759999999999999
      vertex -11.623909070401952 -7.006729283084001 7.16
    endloop
  endfacet
  facet normal -0.4279178721855529 0.7139378380093572 0.5542373662274258
    outer loop
      vertex -11.623909070401952 -7.006729283084001 7.16
      vertex -11.401680977194111 -7.3393171280050185 7.759999999999999
      vertex -11.508170513135747 -6.9373582615210125 7.16
    endloop
  endfacet
  facet normal -0.35587918541437796 0.7524433183078213 0.5542373662274257
    outer loop
      vertex -11.508170513135747 -6.9373582615210125 7.16
      vertex -11.319611818405347 -7.290126767260354 7.759999999999999
      vertex -11.386189719501997 -6.879665642796981 7.16
    endloop
  endfacet
  facet normal -0.2804131875443178 0.7837023581236189 0.554237366227426
    outer loop
      vertex -11.386189719501997 -6.879665642796981 7.16
      vertex -11.233116346555962 -7.249217455801496 7.759999999999999
      vertex -11.259141431224885 -6.834207038368213 7.16
    endloop
  endfacet
  facet normal -0.20224665738875466 0.8074139158154021 0.5542373662274266
    outer loop
      vertex -11.259141431224885 -6.834207038368213 7.16
      vertex -11.1430275603231 -7.216983172661097 7.759999999999999
      vertex -11.128249192772175 -6.801420239445559 7.16
    endloop
  endfacet
  facet normal -0.12213238136327394 0.8233496361205381 0.5542373662274254
    outer loop
      vertex -11.128249192772175 -6.801420239445559 7.16
      vertex -11.050213063965725 -7.19373435160685 7.759999999999999
      vertex -10.994773567953144 -6.78162100082573 7.159999999999999
    endloop
  endfacet
  facet normal -0.04084190374092268 0.8313560493411377 0.554237366227425
    outer loop
      vertex -10.994773567953144 -6.78162100082573 7.159999999999999
      vertex -10.955566711821321 -7.179694891494608 7.759999999999999
      vertex -10.86 -6.775 7.159999999999999
    endloop
  endfacet
  facet normal 0.04084190374091903 0.8313560493411377 0.5542373662274256
    outer loop
      vertex -10.86 -6.775 7.159999999999999
      vertex -10.764433288178678 -7.179694891494608 7.759999999999999
      vertex -10.725226432046854 -6.78162100082573 7.16
    endloop
  endfacet
  facet normal -0.6167370871613448 0.5589779129778086 0.5542373662274254
    outer loop
      vertex -11.613685192028669 -7.531466547940446 7.759999999999999
      vertex -11.549429111656883 -7.460570888343116 7.759999999999999
      vertex -11.922889373373764 -7.277709234274988 7.159999999999999
    endloop
  endfacet
  facet normal -0.5589779129777995 0.6167370871613522 0.5542373662274261
    outer loop
      vertex -11.732290765725011 -7.087110626626237 7.16
      vertex -11.549429111656883 -7.460570888343116 7.759999999999999
      vertex -11.478533452059553 -7.396314807971332 7.759999999999999
    endloop
  endfacet
  facet normal -0.4958354759238759 0.6685567460527415 0.5542373662274256
    outer loop
      vertex -11.623909070401952 -7.006729283084001 7.16
      vertex -11.478533452059553 -7.396314807971332 7.759999999999999
      vertex -11.401680977194111 -7.3393171280050185 7.759999999999999
    endloop
  endfacet
  facet normal -0.42791787218555344 0.7139378380093571 0.5542373662274258
    outer loop
      vertex -11.508170513135747 -6.9373582615210125 7.16
      vertex -11.401680977194111 -7.3393171280050185 7.759999999999999
      vertex -11.319611818405347 -7.290126767260354 7.759999999999999
    endloop
  endfacet
  facet normal -0.3558791854143742 0.7524433183078227 0.5542373662274261
    outer loop
      vertex -11.386189719501997 -6.879665642796981 7.16
      vertex -11.319611818405347 -7.290126767260354 7.759999999999999
      vertex -11.233116346555962 -7.249217455801496 7.759999999999999
    endloop
  endfacet
  facet normal -0.28041318754431516 0.7837023581236198 0.5542373662274266
    outer loop
      vertex -11.259141431224885 -6.834207038368213 7.16
      vertex -11.233116346555962 -7.249217455801496 7.759999999999999
      vertex -11.1430275603231 -7.216983172661097 7.759999999999999
    endloop
  endfacet
  facet normal -0.20224665738876352 0.8074139158154008 0.5542373662274253
    outer loop
      vertex -11.128249192772175 -6.801420239445559 7.16
      vertex -11.1430275603231 -7.216983172661097 7.759999999999999
      vertex -11.050213063965725 -7.19373435160685 7.759999999999999
    endloop
  endfacet
  facet normal -0.1221323813632767 0.823349636120538 0.5542373662274248
    outer loop
      vertex -10.994773567953144 -6.78162100082573 7.159999999999999
      vertex -11.050213063965725 -7.19373435160685 7.759999999999999
      vertex -10.955566711821321 -7.179694891494608 7.759999999999999
    endloop
  endfacet
  facet normal -0.04084190374091656 0.8313560493411376 0.5542373662274258
    outer loop
      vertex -10.86 -6.775 7.159999999999999
      vertex -10.955566711821321 -7.179694891494608 7.759999999999999
      vertex -10.86 -7.175000000000001 7.759999999999999
    endloop
  endfacet
  facet normal 0.04084190374091669 0.8313560493411376 0.5542373662274258
    outer loop
      vertex -10.86 -6.775 7.159999999999999
      vertex -10.86 -7.175000000000001 7.759999999999999
      vertex -10.764433288178678 -7.179694891494608 7.759999999999999
    endloop
  endfacet
  facet normal 0.12213238136327677 0.8233496361205376 0.5542373662274255
    outer loop
      vertex -10.725226432046854 -6.78162100082573 7.16
      vertex -10.764433288178678 -7.179694891494608 7.759999999999999
      vertex -10.669786936034274 -7.19373435160685 7.759999999999999
    endloop
  endfacet
  facet normal 0.35587918541437796 0.7524433183078213 0.5542373662274256
    outer loop
      vertex -10.333810280498001 -6.879665642796981 7.16
      vertex -10.400388181594652 -7.290126767260354 7.759999999999999
      vertex -10.211829486864252 -6.9373582615210125 7.16
    endloop
  endfacet
  facet normal 0.4279178721855529 0.7139378380093572 0.5542373662274257
    outer loop
      vertex -10.211829486864252 -6.9373582615210125 7.16
      vertex -10.318319022805888 -7.3393171280050185 7.759999999999999
      vertex -10.096090929598047 -7.006729283084001 7.16
    endloop
  endfacet
  facet normal 0.12213238136327756 0.8233496361205377 0.5542373662274255
    outer loop
      vertex -10.725226432046854 -6.78162100082573 7.16
      vertex -10.669786936034274 -7.19373435160685 7.759999999999999
      vertex -10.591750807227823 -6.801420239445559 7.16
    endloop
  endfacet
  facet normal 0.20224665738875466 0.8074139158154021 0.5542373662274265
    outer loop
      vertex -10.591750807227823 -6.801420239445559 7.16
      vertex -10.576972439676899 -7.216983172661097 7.759999999999999
      vertex -10.460858568775114 -6.834207038368213 7.16
    endloop
  endfacet
  facet normal 0.2804131875443178 0.7837023581236189 0.554237366227426
    outer loop
      vertex -10.460858568775114 -6.834207038368213 7.16
      vertex -10.486883653444037 -7.249217455801496 7.759999999999999
      vertex -10.333810280498001 -6.879665642796981 7.16
    endloop
  endfacet
  facet normal 0.6685567460527482 0.49583547592386745 0.5542373662274253
    outer loop
      vertex -10.10631480797133 -7.531466547940446 7.759999999999999
      vertex -9.716729283084 -7.386090929598048 7.159999999999999
      vertex -9.797110626626235 -7.277709234274988 7.159999999999999
    endloop
  endfacet
  facet normal 0.6167370871613479 0.5589779129778047 0.554237366227426
    outer loop
      vertex -10.170570888343116 -7.460570888343116 7.759999999999999
      vertex -9.797110626626235 -7.277709234274988 7.159999999999999
      vertex -9.887728175868496 -7.177728175868498 7.159999999999999
    endloop
  endfacet
  facet normal 0.4958354759238734 0.6685567460527431 0.5542373662274261
    outer loop
      vertex -10.241466547940446 -7.396314807971332 7.759999999999999
      vertex -9.987709234274988 -7.087110626626237 7.16
      vertex -10.096090929598047 -7.006729283084001 7.16
    endloop
  endfacet
  facet normal 0.5589779129778019 0.6167370871613503 0.5542373662274258
    outer loop
      vertex -10.170570888343116 -7.460570888343116 7.759999999999999
      vertex -9.887728175868496 -7.177728175868498 7.159999999999999
      vertex -9.987709234274988 -7.087110626626237 7.16
    endloop
  endfacet
  facet normal 0.2022466573887634 0.8074139158154008 0.5542373662274253
    outer loop
      vertex -10.591750807227823 -6.801420239445559 7.16
      vertex -10.669786936034274 -7.19373435160685 7.759999999999999
      vertex -10.576972439676899 -7.216983172661097 7.759999999999999
    endloop
  endfacet
  facet normal 0.35587918541437447 0.7524433183078226 0.5542373662274261
    outer loop
      vertex -10.333810280498001 -6.879665642796981 7.16
      vertex -10.486883653444037 -7.249217455801496 7.759999999999999
      vertex -10.400388181594652 -7.290126767260354 7.759999999999999
    endloop
  endfacet
  facet normal 0.28041318754431505 0.7837023581236198 0.5542373662274265
    outer loop
      vertex -10.460858568775114 -6.834207038368213 7.16
      vertex -10.576972439676899 -7.216983172661097 7.759999999999999
      vertex -10.486883653444037 -7.249217455801496 7.759999999999999
    endloop
  endfacet
  facet normal 0.5589779129777998 0.6167370871613521 0.5542373662274261
    outer loop
      vertex -10.241466547940446 -7.396314807971332 7.759999999999999
      vertex -10.170570888343116 -7.460570888343116 7.759999999999999
      vertex -9.987709234274988 -7.087110626626237 7.16
    endloop
  endfacet
  facet normal 0.4279178721855534 0.7139378380093571 0.5542373662274258
    outer loop
      vertex -10.211829486864252 -6.9373582615210125 7.16
      vertex -10.400388181594652 -7.290126767260354 7.759999999999999
      vertex -10.318319022805888 -7.3393171280050185 7.759999999999999
    endloop
  endfacet
  facet normal 0.495835475923876 0.6685567460527414 0.5542373662274256
    outer loop
      vertex -10.241466547940446 -7.396314807971332 7.759999999999999
      vertex -10.096090929598047 -7.006729283084001 7.16
      vertex -10.318319022805888 -7.3393171280050185 7.759999999999999
    endloop
  endfacet
  facet normal 0.6167370871613448 0.5589779129778086 0.5542373662274253
    outer loop
      vertex -10.10631480797133 -7.531466547940446 7.759999999999999
      vertex -9.797110626626235 -7.277709234274988 7.159999999999999
      vertex -10.170570888343116 -7.460570888343116 7.759999999999999
    endloop
  endfacet
  facet normal -0.9039892931234426 -0.4275550934302837 -1.7530742013974197e-18
    outer loop
      vertex -12.778178749957672 7.124712097403456 2
      vertex -12.869437983212048 7.31766353460593 4.8
      vertex -12.869437983212048 7.31766353460593 2
    endloop
  endfacet
  facet normal -0.9415440651830213 -0.3368898533922188 -7.305765006376511e-19
    outer loop
      vertex -12.869437983212048 7.31766353460593 2
      vertex -12.941345230217554 7.5186308269715445 4.8
      vertex -12.941345230217554 7.5186308269715445 2
    endloop
  endfacet
  facet normal -0.9039892931234426 -0.4275550934302837 0
    outer loop
      vertex -12.778178749957672 7.124712097403456 2
      vertex -12.778178749957672 7.124712097403456 4.8
      vertex -12.869437983212048 7.31766353460593 4.8
    endloop
  endfacet
  facet normal -0.9415440651830213 -0.3368898533922188 0
    outer loop
      vertex -12.869437983212048 7.31766353460593 2
      vertex -12.869437983212048 7.31766353460593 4.8
      vertex -12.941345230217554 7.5186308269715445 4.8
    endloop
  endfacet
  facet normal -0.6715589548470186 -0.740951125354959 0
    outer loop
      vertex -12.239805393055928 6.468702263936048 2
      vertex -12.239805393055928 6.468702263936048 4.8
      vertex -12.39795724908074 6.61204275091926 2
    endloop
  endfacet
  facet normal -0.5956993044924321 -0.8032075314806458 -2.8119246833342835e-18
    outer loop
      vertex -12.239805393055928 6.468702263936048 2
      vertex -12.068365256817634 6.341553593241965 2
      vertex -12.068365256817634 6.341553593241965 4.8
    endloop
  endfacet
  facet normal -0.514102744193226 -0.8577286100002695 0
    outer loop
      vertex -11.885287902596545 6.231821250042328 2
      vertex -11.885287902596545 6.231821250042328 4.8
      vertex -12.068365256817634 6.341553593241965 2
    endloop
  endfacet
  facet normal -0.4275550934302805 -0.903989293123444 -1.5506074315925563e-19
    outer loop
      vertex -11.885287902596545 6.231821250042328 2
      vertex -11.69233646539407 6.1405620167879515 2
      vertex -11.69233646539407 6.1405620167879515 4.8
    endloop
  endfacet
  facet normal -0.8032075314806477 -0.5956993044924295 0
    outer loop
      vertex -12.668446406758035 6.941634743182366 2
      vertex -12.541297736063953 6.770194606944072 2
      vertex -12.668446406758035 6.941634743182366 4.8
    endloop
  endfacet
  facet normal -0.7409511253549569 -0.6715589548470208 0
    outer loop
      vertex -12.541297736063953 6.770194606944072 2
      vertex -12.39795724908074 6.61204275091926 2
      vertex -12.541297736063953 6.770194606944072 4.8
    endloop
  endfacet
  facet normal -0.8577286100002706 -0.5141027441932242 -2.8700516743443445e-18
    outer loop
      vertex -12.668446406758035 6.941634743182366 2
      vertex -12.778178749957672 7.124712097403456 4.8
      vertex -12.778178749957672 7.124712097403456 2
    endloop
  endfacet
  facet normal -0.24298017990326776 -0.970031253194543 -8.118087602236523e-19
    outer loop
      vertex -11.491369173028454 6.068654769782446 2
      vertex -11.284321450385079 6.016792015122974 2
      vertex -11.284321450385079 6.016792015122974 4.8
    endloop
  endfacet
  facet normal -0.3368898533922188 -0.9415440651830213 -7.305765006376511e-19
    outer loop
      vertex -11.69233646539407 6.1405620167879515 2
      vertex -11.491369173028454 6.068654769782446 2
      vertex -11.491369173028454 6.068654769782446 4.8
    endloop
  endfacet
  facet normal -0.1467304744553623 -0.9891765099647809 2.0848633384480764e-19
    outer loop
      vertex -11.284321450385079 6.016792015122974 2
      vertex -11.073187280216795 5.985473219487972 2
      vertex -11.073187280216795 5.985473219487972 4.8
    endloop
  endfacet
  facet normal -0.04906767432741463 -0.9987954562051726 2.490841251631315e-19
    outer loop
      vertex -11.073187280216795 5.985473219487972 2
      vertex -10.86 5.9750000000000005 2
      vertex -10.86 5.9750000000000005 4.8
    endloop
  endfacet
  facet normal 0.04906767432741463 -0.9987954562051726 -2.490841251631315e-19
    outer loop
      vertex -10.86 5.9750000000000005 2
      vertex -10.646812719783204 5.985473219487972 2
      vertex -10.646812719783204 5.985473219487972 4.8
    endloop
  endfacet
  facet normal 0.1467304744553623 -0.9891765099647809 -2.0848633384480764e-19
    outer loop
      vertex -10.646812719783204 5.985473219487972 2
      vertex -10.43567854961492 6.016792015122974 2
      vertex -10.43567854961492 6.016792015122974 4.8
    endloop
  endfacet
  facet normal 0.24298017990326776 -0.970031253194543 8.118087602236523e-19
    outer loop
      vertex -10.43567854961492 6.016792015122974 2
      vertex -10.228630826971544 6.068654769782446 2
      vertex -10.228630826971544 6.068654769782446 4.8
    endloop
  endfacet
  facet normal 0.3368898533922188 -0.9415440651830213 7.305765006376511e-19
    outer loop
      vertex -10.228630826971544 6.068654769782446 2
      vertex -10.02766353460593 6.1405620167879515 2
      vertex -10.02766353460593 6.1405620167879515 4.8
    endloop
  endfacet
  facet normal 0.4275550934302805 -0.903989293123444 1.5506074315925563e-19
    outer loop
      vertex -10.02766353460593 6.1405620167879515 2
      vertex -9.834712097403454 6.231821250042328 2
      vertex -9.834712097403454 6.231821250042328 4.8
    endloop
  endfacet
  facet normal 0.514102744193226 -0.8577286100002695 2.3389924263616932e-18
    outer loop
      vertex -9.834712097403454 6.231821250042328 2
      vertex -9.651634743182365 6.341553593241965 2
      vertex -9.651634743182365 6.341553593241965 4.8
    endloop
  endfacet
  facet normal 0.5956993044924321 -0.8032075314806458 2.8119246833342835e-18
    outer loop
      vertex -9.651634743182365 6.341553593241965 2
      vertex -9.480194606944071 6.468702263936048 2
      vertex -9.480194606944071 6.468702263936048 4.8
    endloop
  endfacet
  facet normal 0.6715589548470186 -0.740951125354959 7.458114997198285e-19
    outer loop
      vertex -9.480194606944071 6.468702263936048 2
      vertex -9.322042750919259 6.61204275091926 2
      vertex -9.322042750919259 6.61204275091926 4.8
    endloop
  endfacet
  facet normal 0.7409511253549569 -0.6715589548470208 0
    outer loop
      vertex -9.322042750919259 6.61204275091926 2
      vertex -9.178702263936046 6.770194606944072 2
      vertex -9.322042750919259 6.61204275091926 4.8
    endloop
  endfacet
  facet normal 0.8032075314806477 -0.5956993044924295 0
    outer loop
      vertex -9.178702263936046 6.770194606944072 2
      vertex -9.051553593241964 6.941634743182366 2
      vertex -9.178702263936046 6.770194606944072 4.8
    endloop
  endfacet
  facet normal 0.8577286100002706 -0.5141027441932242 0
    outer loop
      vertex -9.051553593241964 6.941634743182366 2
      vertex -8.941821250042327 7.124712097403456 2
      vertex -9.051553593241964 6.941634743182366 4.8
    endloop
  endfacet
  facet normal 0.9039892931234426 -0.4275550934302837 0
    outer loop
      vertex -8.941821250042327 7.124712097403456 2
      vertex -8.85056201678795 7.31766353460593 2
      vertex -8.941821250042327 7.124712097403456 4.8
    endloop
  endfacet
  facet normal 0.9415440651830213 -0.3368898533922188 0
    outer loop
      vertex -8.85056201678795 7.31766353460593 2
      vertex -8.778654769782445 7.5186308269715445 2
      vertex -8.85056201678795 7.31766353460593 4.8
    endloop
  endfacet
  facet normal -0.514102744193226 -0.8577286100002695 0
    outer loop
      vertex -12.068365256817634 6.341553593241965 2
      vertex -11.885287902596545 6.231821250042328 4.8
      vertex -12.068365256817634 6.341553593241965 4.8
    endloop
  endfacet
  facet normal -0.5956993044924321 -0.8032075314806458 0
    outer loop
      vertex -12.239805393055928 6.468702263936048 2
      vertex -12.068365256817634 6.341553593241965 4.8
      vertex -12.239805393055928 6.468702263936048 4.8
    endloop
  endfacet
  facet normal -0.4275550934302805 -0.903989293123444 0
    outer loop
      vertex -11.885287902596545 6.231821250042328 2
      vertex -11.69233646539407 6.1405620167879515 4.8
      vertex -11.885287902596545 6.231821250042328 4.8
    endloop
  endfacet
  facet normal -0.8577286100002706 -0.5141027441932242 0
    outer loop
      vertex -12.668446406758035 6.941634743182366 2
      vertex -12.668446406758035 6.941634743182366 4.8
      vertex -12.778178749957672 7.124712097403456 4.8
    endloop
  endfacet
  facet normal -0.8032075314806477 -0.5956993044924295 0
    outer loop
      vertex -12.541297736063953 6.770194606944072 2
      vertex -12.541297736063953 6.770194606944072 4.8
      vertex -12.668446406758035 6.941634743182366 4.8
    endloop
  endfacet
  facet normal -0.7409511253549569 -0.6715589548470208 0
    outer loop
      vertex -12.39795724908074 6.61204275091926 2
      vertex -12.39795724908074 6.61204275091926 4.8
      vertex -12.541297736063953 6.770194606944072 4.8
    endloop
  endfacet
  facet normal -0.6715589548470186 -0.740951125354959 0
    outer loop
      vertex -12.39795724908074 6.61204275091926 2
      vertex -12.239805393055928 6.468702263936048 4.8
      vertex -12.39795724908074 6.61204275091926 4.8
    endloop
  endfacet
  facet normal -0.24298017990326776 -0.970031253194543 0
    outer loop
      vertex -11.491369173028454 6.068654769782446 2
      vertex -11.284321450385079 6.016792015122974 4.8
      vertex -11.491369173028454 6.068654769782446 4.8
    endloop
  endfacet
  facet normal -0.1467304744553623 -0.9891765099647809 0
    outer loop
      vertex -11.284321450385079 6.016792015122974 2
      vertex -11.073187280216795 5.985473219487972 4.8
      vertex -11.284321450385079 6.016792015122974 4.8
    endloop
  endfacet
  facet normal -0.3368898533922188 -0.9415440651830213 0
    outer loop
      vertex -11.69233646539407 6.1405620167879515 2
      vertex -11.491369173028454 6.068654769782446 4.8
      vertex -11.69233646539407 6.1405620167879515 4.8
    endloop
  endfacet
  facet normal -0.04906767432741463 -0.9987954562051726 0
    outer loop
      vertex -11.073187280216795 5.985473219487972 2
      vertex -10.86 5.9750000000000005 4.8
      vertex -11.073187280216795 5.985473219487972 4.8
    endloop
  endfacet
  facet normal 0.04906767432741463 -0.9987954562051726 0
    outer loop
      vertex -10.86 5.9750000000000005 2
      vertex -10.646812719783204 5.985473219487972 4.8
      vertex -10.86 5.9750000000000005 4.8
    endloop
  endfacet
  facet normal 0.1467304744553623 -0.9891765099647809 0
    outer loop
      vertex -10.646812719783204 5.985473219487972 2
      vertex -10.43567854961492 6.016792015122974 4.8
      vertex -10.646812719783204 5.985473219487972 4.8
    endloop
  endfacet
  facet normal 0.24298017990326776 -0.970031253194543 0
    outer loop
      vertex -10.43567854961492 6.016792015122974 2
      vertex -10.228630826971544 6.068654769782446 4.8
      vertex -10.43567854961492 6.016792015122974 4.8
    endloop
  endfacet
  facet normal 0.3368898533922188 -0.9415440651830213 0
    outer loop
      vertex -10.228630826971544 6.068654769782446 2
      vertex -10.02766353460593 6.1405620167879515 4.8
      vertex -10.228630826971544 6.068654769782446 4.8
    endloop
  endfacet
  facet normal 0.4275550934302805 -0.903989293123444 0
    outer loop
      vertex -10.02766353460593 6.1405620167879515 2
      vertex -9.834712097403454 6.231821250042328 4.8
      vertex -10.02766353460593 6.1405620167879515 4.8
    endloop
  endfacet
  facet normal 0.514102744193226 -0.8577286100002695 0
    outer loop
      vertex -9.834712097403454 6.231821250042328 2
      vertex -9.651634743182365 6.341553593241965 4.8
      vertex -9.834712097403454 6.231821250042328 4.8
    endloop
  endfacet
  facet normal 0.5956993044924321 -0.8032075314806458 0
    outer loop
      vertex -9.651634743182365 6.341553593241965 2
      vertex -9.480194606944071 6.468702263936048 4.8
      vertex -9.651634743182365 6.341553593241965 4.8
    endloop
  endfacet
  facet normal 0.6715589548470186 -0.740951125354959 0
    outer loop
      vertex -9.480194606944071 6.468702263936048 2
      vertex -9.322042750919259 6.61204275091926 4.8
      vertex -9.480194606944071 6.468702263936048 4.8
    endloop
  endfacet
  facet normal 0.7409511253549569 -0.6715589548470208 0
    outer loop
      vertex -9.178702263936046 6.770194606944072 2
      vertex -9.178702263936046 6.770194606944072 4.8
      vertex -9.322042750919259 6.61204275091926 4.8
    endloop
  endfacet
  facet normal 0.8032075314806477 -0.5956993044924295 0
    outer loop
      vertex -9.051553593241964 6.941634743182366 2
      vertex -9.051553593241964 6.941634743182366 4.8
      vertex -9.178702263936046 6.770194606944072 4.8
    endloop
  endfacet
  facet normal 0.8577286100002706 -0.5141027441932242 0
    outer loop
      vertex -8.941821250042327 7.124712097403456 2
      vertex -8.941821250042327 7.124712097403456 4.8
      vertex -9.051553593241964 6.941634743182366 4.8
    endloop
  endfacet
  facet normal 0.9039892931234426 -0.4275550934302837 0
    outer loop
      vertex -8.85056201678795 7.31766353460593 2
      vertex -8.85056201678795 7.31766353460593 4.8
      vertex -8.941821250042327 7.124712097403456 4.8
    endloop
  endfacet
  facet normal 0.9415440651830213 -0.3368898533922188 0
    outer loop
      vertex -8.778654769782445 7.5186308269715445 2
      vertex -8.778654769782445 7.5186308269715445 4.8
      vertex -8.85056201678795 7.31766353460593 4.8
    endloop
  endfacet
  facet normal -0.9700312531945434 -0.24298017990326576 -1.123724612254956e-18
    outer loop
      vertex -12.941345230217554 7.5186308269715445 2
      vertex -12.993207984877026 7.725678549614922 4.8
      vertex -12.993207984877026 7.725678549614922 2
    endloop
  endfacet
  facet normal -0.9891765099647809 -0.1467304744553623 0
    outer loop
      vertex -13.024526780512028 7.936812719783206 2
      vertex -12.993207984877026 7.725678549614922 2
      vertex -13.024526780512028 7.936812719783206 4.8
    endloop
  endfacet
  facet normal -0.9987954562051724 -0.04906767432741898 1.341437173057933e-19
    outer loop
      vertex -13.024526780512028 7.936812719783206 2
      vertex -13.035 8.15 4.8
      vertex -13.035 8.15 2
    endloop
  endfacet
  facet normal -0.9987954562051723 0.04906767432741877 1.9178475523374868e-19
    outer loop
      vertex -13.035 8.15 2
      vertex -13.024526780512028 8.363187280216795 4.8
      vertex -13.024526780512028 8.363187280216795 2
    endloop
  endfacet
  facet normal -0.9891765099647809 0.1467304744553623 -2.0848633384480764e-19
    outer loop
      vertex -13.024526780512028 8.363187280216795 2
      vertex -12.993207984877026 8.57432145038508 4.8
      vertex -12.993207984877026 8.57432145038508 2
    endloop
  endfacet
  facet normal -0.970031253194543 0.24298017990326776 8.118087602236523e-19
    outer loop
      vertex -12.993207984877026 8.57432145038508 2
      vertex -12.941345230217554 8.781369173028455 4.8
      vertex -12.941345230217554 8.781369173028455 2
    endloop
  endfacet
  facet normal -0.9415440651830213 0.3368898533922188 7.305765006376511e-19
    outer loop
      vertex -12.941345230217554 8.781369173028455 2
      vertex -12.869437983212048 8.98233646539407 4.8
      vertex -12.869437983212048 8.98233646539407 2
    endloop
  endfacet
  facet normal -0.903989293123444 0.4275550934302805 1.5506074315925563e-19
    outer loop
      vertex -12.869437983212048 8.98233646539407 2
      vertex -12.778178749957672 9.175287902596546 4.8
      vertex -12.778178749957672 9.175287902596546 2
    endloop
  endfacet
  facet normal -0.9700312531945434 -0.24298017990326576 0
    outer loop
      vertex -12.941345230217554 7.5186308269715445 2
      vertex -12.941345230217554 7.5186308269715445 4.8
      vertex -12.993207984877026 7.725678549614922 4.8
    endloop
  endfacet
  facet normal -0.9891765099647809 -0.1467304744553623 0
    outer loop
      vertex -12.993207984877026 7.725678549614922 2
      vertex -12.993207984877026 7.725678549614922 4.8
      vertex -13.024526780512028 7.936812719783206 4.8
    endloop
  endfacet
  facet normal -0.9987954562051724 -0.04906767432741898 0
    outer loop
      vertex -13.024526780512028 7.936812719783206 2
      vertex -13.024526780512028 7.936812719783206 4.8
      vertex -13.035 8.15 4.8
    endloop
  endfacet
  facet normal -0.9987954562051723 0.04906767432741877 0
    outer loop
      vertex -13.035 8.15 2
      vertex -13.035 8.15 4.8
      vertex -13.024526780512028 8.363187280216795 4.8
    endloop
  endfacet
  facet normal -0.9891765099647809 0.1467304744553623 0
    outer loop
      vertex -13.024526780512028 8.363187280216795 2
      vertex -13.024526780512028 8.363187280216795 4.8
      vertex -12.993207984877026 8.57432145038508 4.8
    endloop
  endfacet
  facet normal -0.970031253194543 0.24298017990326776 0
    outer loop
      vertex -12.993207984877026 8.57432145038508 2
      vertex -12.993207984877026 8.57432145038508 4.8
      vertex -12.941345230217554 8.781369173028455 4.8
    endloop
  endfacet
  facet normal -0.9415440651830213 0.3368898533922188 0
    outer loop
      vertex -12.941345230217554 8.781369173028455 2
      vertex -12.941345230217554 8.781369173028455 4.8
      vertex -12.869437983212048 8.98233646539407 4.8
    endloop
  endfacet
  facet normal -0.903989293123444 0.4275550934302805 0
    outer loop
      vertex -12.869437983212048 8.98233646539407 2
      vertex -12.869437983212048 8.98233646539407 4.8
      vertex -12.778178749957672 9.175287902596546 4.8
    endloop
  endfacet
  facet normal -0.8577286100002695 0.514102744193226 2.3389924263616932e-18
    outer loop
      vertex -12.778178749957672 9.175287902596546 2
      vertex -12.668446406758035 9.358365256817635 4.8
      vertex -12.668446406758035 9.358365256817635 2
    endloop
  endfacet
  facet normal -0.8032075314806477 0.5956993044924295 -2.3470143059598516e-18
    outer loop
      vertex -12.668446406758035 9.358365256817635 2
      vertex -12.541297736063953 9.529805393055929 4.8
      vertex -12.541297736063953 9.529805393055929 2
    endloop
  endfacet
  facet normal -0.7409511253549569 0.6715589548470208 -2.232982998695004e-18
    outer loop
      vertex -12.541297736063953 9.529805393055929 2
      vertex -12.39795724908074 9.68795724908074 4.8
      vertex -12.39795724908074 9.68795724908074 2
    endloop
  endfacet
  facet normal -0.6715589548470162 0.7409511253549611 0
    outer loop
      vertex -12.39795724908074 9.68795724908074 2
      vertex -12.39795724908074 9.68795724908074 4.8
      vertex -12.239805393055928 9.831297736063952 2
    endloop
  endfacet
  facet normal -0.5956993044924348 0.8032075314806437 0
    outer loop
      vertex -12.239805393055928 9.831297736063952 2
      vertex -12.239805393055928 9.831297736063952 4.8
      vertex -12.068365256817634 9.958446406758036 2
    endloop
  endfacet
  facet normal -0.514102744193226 0.8577286100002695 0
    outer loop
      vertex -12.068365256817634 9.958446406758036 2
      vertex -12.068365256817634 9.958446406758036 4.8
      vertex -11.885287902596545 10.068178749957672 2
    endloop
  endfacet
  facet normal -0.4275550934302805 0.903989293123444 0
    outer loop
      vertex -11.885287902596545 10.068178749957672 2
      vertex -11.885287902596545 10.068178749957672 4.8
      vertex -11.69233646539407 10.15943798321205 2
    endloop
  endfacet
  facet normal -0.3368898533922188 0.9415440651830213 0
    outer loop
      vertex -11.69233646539407 10.15943798321205 2
      vertex -11.69233646539407 10.15943798321205 4.8
      vertex -11.491369173028454 10.231345230217554 2
    endloop
  endfacet
  facet normal -0.24298017990326776 0.970031253194543 0
    outer loop
      vertex -11.491369173028454 10.231345230217554 2
      vertex -11.491369173028454 10.231345230217554 4.8
      vertex -11.284321450385079 10.283207984877027 2
    endloop
  endfacet
  facet normal -0.1467304744553623 0.9891765099647809 0
    outer loop
      vertex -11.284321450385079 10.283207984877027 2
      vertex -11.284321450385079 10.283207984877027 4.8
      vertex -11.073187280216795 10.314526780512029 2
    endloop
  endfacet
  facet normal -0.049067674327410465 0.9987954562051726 0
    outer loop
      vertex -11.073187280216795 10.314526780512029 2
      vertex -11.073187280216795 10.314526780512029 4.8
      vertex -10.86 10.325 2
    endloop
  endfacet
  facet normal 0.049067674327410465 0.9987954562051726 0
    outer loop
      vertex -10.86 10.325 2
      vertex -10.86 10.325 4.8
      vertex -10.646812719783204 10.314526780512029 2
    endloop
  endfacet
  facet normal 0.9700312531945434 -0.24298017990326576 0
    outer loop
      vertex -8.778654769782445 7.5186308269715445 2
      vertex -8.726792015122973 7.725678549614922 2
      vertex -8.778654769782445 7.5186308269715445 4.8
    endloop
  endfacet
  facet normal 0.9891765099647809 -0.1467304744553623 0
    outer loop
      vertex -8.726792015122973 7.725678549614922 2
      vertex -8.69547321948797 7.936812719783206 2
      vertex -8.726792015122973 7.725678549614922 4.8
    endloop
  endfacet
  facet normal 0.9987954562051724 -0.04906767432741898 0
    outer loop
      vertex -8.69547321948797 7.936812719783206 2
      vertex -8.684999999999999 8.15 2
      vertex -8.69547321948797 7.936812719783206 4.8
    endloop
  endfacet
  facet normal 0.9987954562051723 0.04906767432741877 0
    outer loop
      vertex -8.684999999999999 8.15 2
      vertex -8.69547321948797 8.363187280216795 2
      vertex -8.684999999999999 8.15 4.8
    endloop
  endfacet
  facet normal 0.9415440651830213 0.3368898533922188 0
    outer loop
      vertex -8.778654769782445 8.781369173028455 2
      vertex -8.85056201678795 8.98233646539407 2
      vertex -8.778654769782445 8.781369173028455 4.8
    endloop
  endfacet
  facet normal 0.9891765099647809 0.1467304744553623 0
    outer loop
      vertex -8.69547321948797 8.363187280216795 2
      vertex -8.726792015122973 8.57432145038508 2
      vertex -8.69547321948797 8.363187280216795 4.8
    endloop
  endfacet
  facet normal 0.970031253194543 0.24298017990326776 0
    outer loop
      vertex -8.726792015122973 8.57432145038508 2
      vertex -8.778654769782445 8.781369173028455 2
      vertex -8.726792015122973 8.57432145038508 4.8
    endloop
  endfacet
  facet normal 0.903989293123444 0.4275550934302805 0
    outer loop
      vertex -8.85056201678795 8.98233646539407 2
      vertex -8.941821250042327 9.175287902596546 2
      vertex -8.85056201678795 8.98233646539407 4.8
    endloop
  endfacet
  facet normal 0.8577286100002695 0.514102744193226 0
    outer loop
      vertex -8.941821250042327 9.175287902596546 2
      vertex -9.051553593241964 9.358365256817635 2
      vertex -8.941821250042327 9.175287902596546 4.8
    endloop
  endfacet
  facet normal 0.24298017990326776 0.970031253194543 0
    outer loop
      vertex -10.43567854961492 10.283207984877027 2
      vertex -10.43567854961492 10.283207984877027 4.8
      vertex -10.228630826971544 10.231345230217554 2
    endloop
  endfacet
  facet normal 0.3368898533922188 0.9415440651830213 0
    outer loop
      vertex -10.228630826971544 10.231345230217554 2
      vertex -10.228630826971544 10.231345230217554 4.8
      vertex -10.02766353460593 10.15943798321205 2
    endloop
  endfacet
  facet normal 0.4275550934302805 0.903989293123444 0
    outer loop
      vertex -10.02766353460593 10.15943798321205 2
      vertex -10.02766353460593 10.15943798321205 4.8
      vertex -9.834712097403454 10.068178749957672 2
    endloop
  endfacet
  facet normal 0.514102744193226 0.8577286100002695 -2.3389924263616932e-18
    outer loop
      vertex -9.651634743182365 9.958446406758036 2
      vertex -9.834712097403454 10.068178749957672 2
      vertex -9.834712097403454 10.068178749957672 4.8
    endloop
  endfacet
  facet normal 0.1467304744553623 0.9891765099647809 2.0848633384480764e-19
    outer loop
      vertex -10.43567854961492 10.283207984877027 2
      vertex -10.646812719783204 10.314526780512029 2
      vertex -10.646812719783204 10.314526780512029 4.8
    endloop
  endfacet
  facet normal 0.6715589548470162 0.7409511253549611 2.0805980453179383e-18
    outer loop
      vertex -9.322042750919259 9.68795724908074 2
      vertex -9.480194606944071 9.831297736063952 2
      vertex -9.480194606944071 9.831297736063952 4.8
    endloop
  endfacet
  facet normal 0.7409511253549569 0.6715589548470208 0
    outer loop
      vertex -9.178702263936046 9.529805393055929 2
      vertex -9.322042750919259 9.68795724908074 2
      vertex -9.178702263936046 9.529805393055929 4.8
    endloop
  endfacet
  facet normal 0.8032075314806477 0.5956993044924295 2.3470143059598516e-18
    outer loop
      vertex -9.178702263936046 9.529805393055929 2
      vertex -9.051553593241964 9.358365256817635 4.8
      vertex -9.051553593241964 9.358365256817635 2
    endloop
  endfacet
  facet normal 0.5956993044924348 0.8032075314806437 0
    outer loop
      vertex -9.651634743182365 9.958446406758036 2
      vertex -9.651634743182365 9.958446406758036 4.8
      vertex -9.480194606944071 9.831297736063952 2
    endloop
  endfacet
  facet normal -0.8577286100002695 0.514102744193226 0
    outer loop
      vertex -12.778178749957672 9.175287902596546 2
      vertex -12.778178749957672 9.175287902596546 4.8
      vertex -12.668446406758035 9.358365256817635 4.8
    endloop
  endfacet
  facet normal -0.8032075314806477 0.5956993044924295 0
    outer loop
      vertex -12.668446406758035 9.358365256817635 2
      vertex -12.668446406758035 9.358365256817635 4.8
      vertex -12.541297736063953 9.529805393055929 4.8
    endloop
  endfacet
  facet normal -0.7409511253549569 0.6715589548470208 0
    outer loop
      vertex -12.541297736063953 9.529805393055929 2
      vertex -12.541297736063953 9.529805393055929 4.8
      vertex -12.39795724908074 9.68795724908074 4.8
    endloop
  endfacet
  facet normal -0.6715589548470162 0.7409511253549611 0
    outer loop
      vertex -12.239805393055928 9.831297736063952 2
      vertex -12.39795724908074 9.68795724908074 4.8
      vertex -12.239805393055928 9.831297736063952 4.8
    endloop
  endfacet
  facet normal -0.5956993044924348 0.8032075314806437 0
    outer loop
      vertex -12.068365256817634 9.958446406758036 2
      vertex -12.239805393055928 9.831297736063952 4.8
      vertex -12.068365256817634 9.958446406758036 4.8
    endloop
  endfacet
  facet normal -0.514102744193226 0.8577286100002695 0
    outer loop
      vertex -11.885287902596545 10.068178749957672 2
      vertex -12.068365256817634 9.958446406758036 4.8
      vertex -11.885287902596545 10.068178749957672 4.8
    endloop
  endfacet
  facet normal -0.4275550934302805 0.903989293123444 0
    outer loop
      vertex -11.69233646539407 10.15943798321205 2
      vertex -11.885287902596545 10.068178749957672 4.8
      vertex -11.69233646539407 10.15943798321205 4.8
    endloop
  endfacet
  facet normal -0.3368898533922188 0.9415440651830213 0
    outer loop
      vertex -11.491369173028454 10.231345230217554 2
      vertex -11.69233646539407 10.15943798321205 4.8
      vertex -11.491369173028454 10.231345230217554 4.8
    endloop
  endfacet
  facet normal -0.24298017990326776 0.970031253194543 0
    outer loop
      vertex -11.284321450385079 10.283207984877027 2
      vertex -11.491369173028454 10.231345230217554 4.8
      vertex -11.284321450385079 10.283207984877027 4.8
    endloop
  endfacet
  facet normal -0.1467304744553623 0.9891765099647809 0
    outer loop
      vertex -11.073187280216795 10.314526780512029 2
      vertex -11.284321450385079 10.283207984877027 4.8
      vertex -11.073187280216795 10.314526780512029 4.8
    endloop
  endfacet
  facet normal -0.049067674327410465 0.9987954562051726 0
    outer loop
      vertex -10.86 10.325 2
      vertex -11.073187280216795 10.314526780512029 4.8
      vertex -10.86 10.325 4.8
    endloop
  endfacet
  facet normal 0.049067674327410465 0.9987954562051726 0
    outer loop
      vertex -10.646812719783204 10.314526780512029 2
      vertex -10.86 10.325 4.8
      vertex -10.646812719783204 10.314526780512029 4.8
    endloop
  endfacet
  facet normal 0.9700312531945434 -0.24298017990326576 0
    outer loop
      vertex -8.726792015122973 7.725678549614922 2
      vertex -8.726792015122973 7.725678549614922 4.8
      vertex -8.778654769782445 7.5186308269715445 4.8
    endloop
  endfacet
  facet normal 0.9891765099647809 -0.1467304744553623 0
    outer loop
      vertex -8.69547321948797 7.936812719783206 2
      vertex -8.69547321948797 7.936812719783206 4.8
      vertex -8.726792015122973 7.725678549614922 4.8
    endloop
  endfacet
  facet normal 0.9987954562051724 -0.04906767432741898 0
    outer loop
      vertex -8.684999999999999 8.15 2
      vertex -8.684999999999999 8.15 4.8
      vertex -8.69547321948797 7.936812719783206 4.8
    endloop
  endfacet
  facet normal 0.9987954562051723 0.04906767432741877 0
    outer loop
      vertex -8.69547321948797 8.363187280216795 2
      vertex -8.69547321948797 8.363187280216795 4.8
      vertex -8.684999999999999 8.15 4.8
    endloop
  endfacet
  facet normal 0.9891765099647809 0.1467304744553623 0
    outer loop
      vertex -8.726792015122973 8.57432145038508 2
      vertex -8.726792015122973 8.57432145038508 4.8
      vertex -8.69547321948797 8.363187280216795 4.8
    endloop
  endfacet
  facet normal 0.970031253194543 0.24298017990326776 0
    outer loop
      vertex -8.778654769782445 8.781369173028455 2
      vertex -8.778654769782445 8.781369173028455 4.8
      vertex -8.726792015122973 8.57432145038508 4.8
    endloop
  endfacet
  facet normal 0.9415440651830213 0.3368898533922188 0
    outer loop
      vertex -8.85056201678795 8.98233646539407 2
      vertex -8.85056201678795 8.98233646539407 4.8
      vertex -8.778654769782445 8.781369173028455 4.8
    endloop
  endfacet
  facet normal 0.903989293123444 0.4275550934302805 0
    outer loop
      vertex -8.941821250042327 9.175287902596546 2
      vertex -8.941821250042327 9.175287902596546 4.8
      vertex -8.85056201678795 8.98233646539407 4.8
    endloop
  endfacet
  facet normal 0.8577286100002695 0.514102744193226 0
    outer loop
      vertex -9.051553593241964 9.358365256817635 2
      vertex -9.051553593241964 9.358365256817635 4.8
      vertex -8.941821250042327 9.175287902596546 4.8
    endloop
  endfacet
  facet normal 0.24298017990326776 0.970031253194543 0
    outer loop
      vertex -10.228630826971544 10.231345230217554 2
      vertex -10.43567854961492 10.283207984877027 4.8
      vertex -10.228630826971544 10.231345230217554 4.8
    endloop
  endfacet
  facet normal 0.3368898533922188 0.9415440651830213 0
    outer loop
      vertex -10.02766353460593 10.15943798321205 2
      vertex -10.228630826971544 10.231345230217554 4.8
      vertex -10.02766353460593 10.15943798321205 4.8
    endloop
  endfacet
  facet normal 0.4275550934302805 0.903989293123444 0
    outer loop
      vertex -9.834712097403454 10.068178749957672 2
      vertex -10.02766353460593 10.15943798321205 4.8
      vertex -9.834712097403454 10.068178749957672 4.8
    endloop
  endfacet
  facet normal 0.514102744193226 0.8577286100002695 0
    outer loop
      vertex -9.651634743182365 9.958446406758036 2
      vertex -9.834712097403454 10.068178749957672 4.8
      vertex -9.651634743182365 9.958446406758036 4.8
    endloop
  endfacet
  facet normal 0.1467304744553623 0.9891765099647809 0
    outer loop
      vertex -10.43567854961492 10.283207984877027 2
      vertex -10.646812719783204 10.314526780512029 4.8
      vertex -10.43567854961492 10.283207984877027 4.8
    endloop
  endfacet
  facet normal 0.6715589548470162 0.7409511253549611 0
    outer loop
      vertex -9.322042750919259 9.68795724908074 2
      vertex -9.480194606944071 9.831297736063952 4.8
      vertex -9.322042750919259 9.68795724908074 4.8
    endloop
  endfacet
  facet normal 0.8032075314806477 0.5956993044924295 0
    outer loop
      vertex -9.178702263936046 9.529805393055929 2
      vertex -9.178702263936046 9.529805393055929 4.8
      vertex -9.051553593241964 9.358365256817635 4.8
    endloop
  endfacet
  facet normal 0.7409511253549569 0.6715589548470208 0
    outer loop
      vertex -9.322042750919259 9.68795724908074 2
      vertex -9.322042750919259 9.68795724908074 4.8
      vertex -9.178702263936046 9.529805393055929 4.8
    endloop
  endfacet
  facet normal 0.5956993044924348 0.8032075314806437 0
    outer loop
      vertex -9.480194606944071 9.831297736063952 2
      vertex -9.651634743182365 9.958446406758036 4.8
      vertex -9.480194606944071 9.831297736063952 4.8
    endloop
  endfacet
  facet normal 0 0 1
    outer loop
      vertex -11.885287902596545 6.231821250042328 4.8
      vertex -11.69233646539407 6.1405620167879515 4.8
      vertex -11.832271824131503 7.177728175868498 4.8
    endloop
  endfacet
  facet normal 0 0 1
    outer loop
      vertex -12.239805393055928 6.468702263936048 4.8
      vertex -12.068365256817634 6.341553593241965 4.8
      vertex -12.175792961631787 7.750858568775115 4.8
    endloop
  endfacet
  facet normal 0 0 1
    outer loop
      vertex -11.885287902596545 6.231821250042328 4.8
      vertex -12.003270716916 7.386090929598048 4.8
      vertex -12.068365256817634 6.341553593241965 4.8
    endloop
  endfacet
  facet normal 0 0 1
    outer loop
      vertex -11.885287902596545 6.231821250042328 4.8
      vertex -11.832271824131503 7.177728175868498 4.8
      vertex -11.922889373373764 7.277709234274988 4.8
    endloop
  endfacet
  facet normal 0 0 1
    outer loop
      vertex -11.885287902596545 6.231821250042328 4.8
      vertex -11.922889373373764 7.277709234274988 4.8
      vertex -12.003270716916 7.386090929598048 4.8
    endloop
  endfacet
  facet normal 0 0 1
    outer loop
      vertex -11.69233646539407 6.1405620167879515 4.8
      vertex -11.732290765725011 7.087110626626237 4.8
      vertex -11.832271824131503 7.177728175868498 4.8
    endloop
  endfacet
  facet normal 0 0 1
    outer loop
      vertex -12.068365256817634 6.341553593241965 4.8
      vertex -12.003270716916 7.386090929598048 4.8
      vertex -12.072641738478987 7.501829486864254 4.8
    endloop
  endfacet
  facet normal 0 0 1
    outer loop
      vertex -12.068365256817634 6.341553593241965 4.8
      vertex -12.072641738478987 7.501829486864254 4.8
      vertex -12.130334357203019 7.623810280498002 4.8
    endloop
  endfacet
  facet normal 0 0 1
    outer loop
      vertex -12.068365256817634 6.341553593241965 4.8
      vertex -12.130334357203019 7.623810280498002 4.8
      vertex -12.175792961631787 7.750858568775115 4.8
    endloop
  endfacet
  facet normal 0 0 1
    outer loop
      vertex -12.239805393055928 6.468702263936048 4.8
      vertex -12.175792961631787 7.750858568775115 4.8
      vertex -12.208579760554441 7.881750807227824 4.8
    endloop
  endfacet
  facet normal 0 0 1
    outer loop
      vertex -12.239805393055928 6.468702263936048 4.8
      vertex -12.208579760554441 7.881750807227824 4.8
      vertex -12.22837899917427 8.015226432046855 4.8
    endloop
  endfacet
  facet normal 0 0 1
    outer loop
      vertex -11.69233646539407 6.1405620167879515 4.8
      vertex -11.491369173028454 6.068654769782446 4.8
      vertex -11.623909070401952 7.006729283084001 4.8
    endloop
  endfacet
  facet normal 0 0 1
    outer loop
      vertex -11.491369173028454 6.068654769782446 4.8
      vertex -11.284321450385079 6.016792015122974 4.8
      vertex -11.386189719501997 6.879665642796981 4.8
    endloop
  endfacet
  facet normal 0 0 1
    outer loop
      vertex -11.284321450385079 6.016792015122974 4.8
      vertex -11.073187280216795 5.985473219487972 4.8
      vertex -11.128249192772175 6.801420239445559 4.8
    endloop
  endfacet
  facet normal 0 0 1
    outer loop
      vertex -11.073187280216795 5.985473219487972 4.8
      vertex -10.86 5.9750000000000005 4.8
      vertex -10.994773567953144 6.78162100082573 4.8
    endloop
  endfacet
  facet normal 0 0 1
    outer loop
      vertex -11.128249192772175 6.801420239445559 4.8
      vertex -11.073187280216795 5.985473219487972 4.8
      vertex -10.994773567953144 6.78162100082573 4.8
    endloop
  endfacet
  facet normal 0 0 1
    outer loop
      vertex -10.86 5.9750000000000005 4.8
      vertex -10.646812719783204 5.985473219487972 4.8
      vertex -10.725226432046854 6.78162100082573 4.8
    endloop
  endfacet
  facet normal 0 0 1
    outer loop
      vertex -10.86 5.9750000000000005 4.8
      vertex -10.86 6.775 4.8
      vertex -10.994773567953144 6.78162100082573 4.8
    endloop
  endfacet
  facet normal 0 0 1
    outer loop
      vertex -10.86 5.9750000000000005 4.8
      vertex -10.725226432046854 6.78162100082573 4.8
      vertex -10.86 6.775 4.8
    endloop
  endfacet
  facet normal 0 0 1
    outer loop
      vertex -11.69233646539407 6.1405620167879515 4.8
      vertex -11.623909070401952 7.006729283084001 4.8
      vertex -11.732290765725011 7.087110626626237 4.8
    endloop
  endfacet
  facet normal 0 0 1
    outer loop
      vertex -11.491369173028454 6.068654769782446 4.8
      vertex -11.508170513135747 6.9373582615210125 4.8
      vertex -11.623909070401952 7.006729283084001 4.8
    endloop
  endfacet
  facet normal 0 0 1
    outer loop
      vertex -11.491369173028454 6.068654769782446 4.8
      vertex -11.386189719501997 6.879665642796981 4.8
      vertex -11.508170513135747 6.9373582615210125 4.8
    endloop
  endfacet
  facet normal 0 0 1
    outer loop
      vertex -11.284321450385079 6.016792015122974 4.8
      vertex -11.259141431224885 6.834207038368213 4.8
      vertex -11.386189719501997 6.879665642796981 4.8
    endloop
  endfacet
  facet normal 0 0 1
    outer loop
      vertex -11.284321450385079 6.016792015122974 4.8
      vertex -11.128249192772175 6.801420239445559 4.8
      vertex -11.259141431224885 6.834207038368213 4.8
    endloop
  endfacet
  facet normal 0 0 1
    outer loop
      vertex -10.646812719783204 5.985473219487972 4.8
      vertex -10.43567854961492 6.016792015122974 4.8
      vertex -10.725226432046854 6.78162100082573 4.8
    endloop
  endfacet
  facet normal 0 0 1
    outer loop
      vertex -10.43567854961492 6.016792015122974 4.8
      vertex -10.591750807227823 6.801420239445559 4.8
      vertex -10.725226432046854 6.78162100082573 4.8
    endloop
  endfacet
  facet normal 0 0 1
    outer loop
      vertex -10.43567854961492 6.016792015122974 4.8
      vertex -10.228630826971544 6.068654769782446 4.8
      vertex -10.460858568775114 6.834207038368213 4.8
    endloop
  endfacet
  facet normal 0 0 1
    outer loop
      vertex -10.228630826971544 6.068654769782446 4.8
      vertex -10.02766353460593 6.1405620167879515 4.8
      vertex -10.333810280498001 6.879665642796981 4.8
    endloop
  endfacet
  facet normal 0 0 1
    outer loop
      vertex -10.02766353460593 6.1405620167879515 4.8
      vertex -9.834712097403454 6.231821250042328 4.8
      vertex -10.096090929598047 7.006729283084001 4.8
    endloop
  endfacet
  facet normal 0 0 1
    outer loop
      vertex -10.43567854961492 6.016792015122974 4.8
      vertex -10.460858568775114 6.834207038368213 4.8
      vertex -10.591750807227823 6.801420239445559 4.8
    endloop
  endfacet
  facet normal 0 0 1
    outer loop
      vertex -10.228630826971544 6.068654769782446 4.8
      vertex -10.333810280498001 6.879665642796981 4.8
      vertex -10.460858568775114 6.834207038368213 4.8
    endloop
  endfacet
  facet normal 0 0 1
    outer loop
      vertex -10.333810280498001 6.879665642796981 4.8
      vertex -10.02766353460593 6.1405620167879515 4.8
      vertex -10.211829486864252 6.9373582615210125 4.8
    endloop
  endfacet
  facet normal 0 0 1
    outer loop
      vertex -10.211829486864252 6.9373582615210125 4.8
      vertex -10.02766353460593 6.1405620167879515 4.8
      vertex -10.096090929598047 7.006729283084001 4.8
    endloop
  endfacet
  facet normal 0 0 1
    outer loop
      vertex -9.834712097403454 6.231821250042328 4.8
      vertex -9.987709234274988 7.087110626626237 4.8
      vertex -10.096090929598047 7.006729283084001 4.8
    endloop
  endfacet
  facet normal 0 0 1
    outer loop
      vertex -9.834712097403454 6.231821250042328 4.8
      vertex -9.887728175868496 7.177728175868498 4.8
      vertex -9.987709234274988 7.087110626626237 4.8
    endloop
  endfacet
  facet normal 0 0 1
    outer loop
      vertex -9.834712097403454 6.231821250042328 4.8
      vertex -9.651634743182365 6.341553593241965 4.8
      vertex -9.887728175868496 7.177728175868498 4.8
    endloop
  endfacet
  facet normal 0 0 1
    outer loop
      vertex -9.651634743182365 6.341553593241965 4.8
      vertex -9.480194606944071 6.468702263936048 4.8
      vertex -9.716729283084 7.386090929598048 4.8
    endloop
  endfacet
  facet normal 0 0 1
    outer loop
      vertex -9.651634743182365 6.341553593241965 4.8
      vertex -9.797110626626235 7.277709234274988 4.8
      vertex -9.887728175868496 7.177728175868498 4.8
    endloop
  endfacet
  facet normal 0 0 1
    outer loop
      vertex -9.651634743182365 6.341553593241965 4.8
      vertex -9.716729283084 7.386090929598048 4.8
      vertex -9.797110626626235 7.277709234274988 4.8
    endloop
  endfacet
  facet normal 0 0 1
    outer loop
      vertex -9.480194606944071 6.468702263936048 4.8
      vertex -9.647358261521012 7.501829486864254 4.8
      vertex -9.716729283084 7.386090929598048 4.8
    endloop
  endfacet
  facet normal 0 0 1
    outer loop
      vertex -9.480194606944071 6.468702263936048 4.8
      vertex -9.58966564279698 7.623810280498002 4.8
      vertex -9.647358261521012 7.501829486864254 4.8
    endloop
  endfacet
  facet normal 0 0 1
    outer loop
      vertex -9.480194606944071 6.468702263936048 4.8
      vertex -9.544207038368212 7.750858568775115 4.8
      vertex -9.58966564279698 7.623810280498002 4.8
    endloop
  endfacet
  facet normal 0 0 1
    outer loop
      vertex -9.480194606944071 6.468702263936048 4.8
      vertex -9.511420239445558 7.881750807227824 4.8
      vertex -9.544207038368212 7.750858568775115 4.8
    endloop
  endfacet
  facet normal 0 0 1
    outer loop
      vertex -9.480194606944071 6.468702263936048 4.8
      vertex -9.49162100082573 8.015226432046855 4.8
      vertex -9.511420239445558 7.881750807227824 4.8
    endloop
  endfacet
  facet normal 0 0 1
    outer loop
      vertex -12.941345230217554 7.5186308269715445 4.8
      vertex -12.993207984877026 8.57432145038508 4.8
      vertex -12.993207984877026 7.725678549614922 4.8
    endloop
  endfacet
  facet normal 0 0 1
    outer loop
      vertex -12.778178749957672 7.124712097403456 4.8
      vertex -12.869437983212048 8.98233646539407 4.8
      vertex -12.869437983212048 7.31766353460593 4.8
    endloop
  endfacet
  facet normal 0 0 1
    outer loop
      vertex -12.869437983212048 7.31766353460593 4.8
      vertex -12.941345230217554 8.781369173028455 4.8
      vertex -12.941345230217554 7.5186308269715445 4.8
    endloop
  endfacet
  facet normal 0 0 1
    outer loop
      vertex -13.024526780512028 7.936812719783206 4.8
      vertex -12.993207984877026 7.725678549614922 4.8
      vertex -13.024526780512028 8.363187280216795 4.8
    endloop
  endfacet
  facet normal 0 0 1
    outer loop
      vertex -13.024526780512028 7.936812719783206 4.8
      vertex -13.024526780512028 8.363187280216795 4.8
      vertex -13.035 8.15 4.8
    endloop
  endfacet
  facet normal 0 0 1
    outer loop
      vertex -12.993207984877026 7.725678549614922 4.8
      vertex -12.993207984877026 8.57432145038508 4.8
      vertex -13.024526780512028 8.363187280216795 4.8
    endloop
  endfacet
  facet normal 0 0 1
    outer loop
      vertex -12.941345230217554 7.5186308269715445 4.8
      vertex -12.941345230217554 8.781369173028455 4.8
      vertex -12.993207984877026 8.57432145038508 4.8
    endloop
  endfacet
  facet normal 0 0 1
    outer loop
      vertex -12.869437983212048 7.31766353460593 4.8
      vertex -12.869437983212048 8.98233646539407 4.8
      vertex -12.941345230217554 8.781369173028455 4.8
    endloop
  endfacet
  facet normal 0 0 1
    outer loop
      vertex -12.778178749957672 7.124712097403456 4.8
      vertex -12.778178749957672 9.175287902596546 4.8
      vertex -12.869437983212048 8.98233646539407 4.8
    endloop
  endfacet
  facet normal 0 0 1
    outer loop
      vertex -12.668446406758035 6.941634743182366 4.8
      vertex -12.541297736063953 6.770194606944072 4.8
      vertex -12.668446406758035 9.358365256817635 4.8
    endloop
  endfacet
  facet normal 0 0 1
    outer loop
      vertex -12.668446406758035 6.941634743182366 4.8
      vertex -12.778178749957672 9.175287902596546 4.8
      vertex -12.778178749957672 7.124712097403456 4.8
    endloop
  endfacet
  facet normal 0 0 1
    outer loop
      vertex -12.541297736063953 6.770194606944072 4.8
      vertex -12.39795724908074 6.61204275091926 4.8
      vertex -12.541297736063953 9.529805393055929 4.8
    endloop
  endfacet
  facet normal 0 0 1
    outer loop
      vertex -12.239805393055928 6.468702263936048 4.8
      vertex -12.39795724908074 9.68795724908074 4.8
      vertex -12.39795724908074 6.61204275091926 4.8
    endloop
  endfacet
  facet normal 0 0 1
    outer loop
      vertex -12.239805393055928 6.468702263936048 4.8
      vertex -12.22837899917427 8.015226432046855 4.8
      vertex -12.235 8.15 4.8
    endloop
  endfacet
  facet normal 0 0 1
    outer loop
      vertex -12.239805393055928 6.468702263936048 4.8
      vertex -12.235 8.15 4.8
      vertex -12.239805393055928 9.831297736063952 4.8
    endloop
  endfacet
  facet normal 0 0 1
    outer loop
      vertex -12.668446406758035 6.941634743182366 4.8
      vertex -12.668446406758035 9.358365256817635 4.8
      vertex -12.778178749957672 9.175287902596546 4.8
    endloop
  endfacet
  facet normal 0 0 1
    outer loop
      vertex -12.541297736063953 6.770194606944072 4.8
      vertex -12.541297736063953 9.529805393055929 4.8
      vertex -12.668446406758035 9.358365256817635 4.8
    endloop
  endfacet
  facet normal 0 0 1
    outer loop
      vertex -12.39795724908074 6.61204275091926 4.8
      vertex -12.39795724908074 9.68795724908074 4.8
      vertex -12.541297736063953 9.529805393055929 4.8
    endloop
  endfacet
  facet normal 0 0 1
    outer loop
      vertex -12.239805393055928 6.468702263936048 4.8
      vertex -12.239805393055928 9.831297736063952 4.8
      vertex -12.39795724908074 9.68795724908074 4.8
    endloop
  endfacet
  facet normal 0 0 1
    outer loop
      vertex -12.235 8.15 4.8
      vertex -12.22837899917427 8.284773567953145 4.8
      vertex -12.239805393055928 9.831297736063952 4.8
    endloop
  endfacet
  facet normal 0 0 1
    outer loop
      vertex -12.22837899917427 8.284773567953145 4.8
      vertex -12.208579760554441 8.418249192772176 4.8
      vertex -12.239805393055928 9.831297736063952 4.8
    endloop
  endfacet
  facet normal 0 0 1
    outer loop
      vertex -12.208579760554441 8.418249192772176 4.8
      vertex -12.175792961631787 8.549141431224886 4.8
      vertex -12.239805393055928 9.831297736063952 4.8
    endloop
  endfacet
  facet normal 0 0 1
    outer loop
      vertex -12.175792961631787 8.549141431224886 4.8
      vertex -12.130334357203019 8.676189719501998 4.8
      vertex -12.239805393055928 9.831297736063952 4.8
    endloop
  endfacet
  facet normal 0 0 1
    outer loop
      vertex -12.130334357203019 8.676189719501998 4.8
      vertex -12.072641738478987 8.798170513135748 4.8
      vertex -12.239805393055928 9.831297736063952 4.8
    endloop
  endfacet
  facet normal 0 0 1
    outer loop
      vertex -12.239805393055928 9.831297736063952 4.8
      vertex -12.072641738478987 8.798170513135748 4.8
      vertex -12.003270716916 8.913909070401953 4.8
    endloop
  endfacet
  facet normal 0 0 1
    outer loop
      vertex -12.003270716916 8.913909070401953 4.8
      vertex -11.922889373373764 9.022290765725012 4.8
      vertex -12.068365256817634 9.958446406758036 4.8
    endloop
  endfacet
  facet normal 0 0 1
    outer loop
      vertex -12.239805393055928 9.831297736063952 4.8
      vertex -12.003270716916 8.913909070401953 4.8
      vertex -12.068365256817634 9.958446406758036 4.8
    endloop
  endfacet
  facet normal 0 0 1
    outer loop
      vertex -11.922889373373764 9.022290765725012 4.8
      vertex -11.832271824131503 9.122271824131504 4.8
      vertex -12.068365256817634 9.958446406758036 4.8
    endloop
  endfacet
  facet normal 0 0 1
    outer loop
      vertex -11.832271824131503 9.122271824131504 4.8
      vertex -11.732290765725011 9.212889373373764 4.8
      vertex -11.885287902596545 10.068178749957672 4.8
    endloop
  endfacet
  facet normal 0 0 1
    outer loop
      vertex -11.732290765725011 9.212889373373764 4.8
      vertex -11.623909070401952 9.293270716916 4.8
      vertex -11.885287902596545 10.068178749957672 4.8
    endloop
  endfacet
  facet normal 0 0 1
    outer loop
      vertex -11.832271824131503 9.122271824131504 4.8
      vertex -11.885287902596545 10.068178749957672 4.8
      vertex -12.068365256817634 9.958446406758036 4.8
    endloop
  endfacet
  facet normal 0 0 1
    outer loop
      vertex -11.623909070401952 9.293270716916 4.8
      vertex -11.69233646539407 10.15943798321205 4.8
      vertex -11.885287902596545 10.068178749957672 4.8
    endloop
  endfacet
  facet normal 0 0 1
    outer loop
      vertex -11.623909070401952 9.293270716916 4.8
      vertex -11.508170513135747 9.362641738478988 4.8
      vertex -11.69233646539407 10.15943798321205 4.8
    endloop
  endfacet
  facet normal 0 0 1
    outer loop
      vertex -11.69233646539407 10.15943798321205 4.8
      vertex -11.508170513135747 9.362641738478988 4.8
      vertex -11.386189719501997 9.42033435720302 4.8
    endloop
  endfacet
  facet normal 0 0 1
    outer loop
      vertex -11.386189719501997 9.42033435720302 4.8
      vertex -11.259141431224885 9.465792961631788 4.8
      vertex -11.491369173028454 10.231345230217554 4.8
    endloop
  endfacet
  facet normal 0 0 1
    outer loop
      vertex -11.259141431224885 9.465792961631788 4.8
      vertex -11.128249192772175 9.498579760554442 4.8
      vertex -11.284321450385079 10.283207984877027 4.8
    endloop
  endfacet
  facet normal 0 0 1
    outer loop
      vertex -11.69233646539407 10.15943798321205 4.8
      vertex -11.386189719501997 9.42033435720302 4.8
      vertex -11.491369173028454 10.231345230217554 4.8
    endloop
  endfacet
  facet normal 0 0 1
    outer loop
      vertex -11.259141431224885 9.465792961631788 4.8
      vertex -11.284321450385079 10.283207984877027 4.8
      vertex -11.491369173028454 10.231345230217554 4.8
    endloop
  endfacet
  facet normal 0 0 1
    outer loop
      vertex -11.128249192772175 9.498579760554442 4.8
      vertex -10.994773567953144 9.51837899917427 4.8
      vertex -11.284321450385079 10.283207984877027 4.8
    endloop
  endfacet
  facet normal 0 0 1
    outer loop
      vertex -10.994773567953144 9.51837899917427 4.8
      vertex -10.86 9.525 4.8
      vertex -10.86 10.325 4.8
    endloop
  endfacet
  facet normal 0 0 1
    outer loop
      vertex -10.86 9.525 4.8
      vertex -10.725226432046854 9.51837899917427 4.8
      vertex -10.86 10.325 4.8
    endloop
  endfacet
  facet normal 0 0 1
    outer loop
      vertex -11.284321450385079 10.283207984877027 4.8
      vertex -10.994773567953144 9.51837899917427 4.8
      vertex -11.073187280216795 10.314526780512029 4.8
    endloop
  endfacet
  facet normal 0 0 1
    outer loop
      vertex -10.994773567953144 9.51837899917427 4.8
      vertex -10.86 10.325 4.8
      vertex -11.073187280216795 10.314526780512029 4.8
    endloop
  endfacet
  facet normal 0 0 1
    outer loop
      vertex -10.725226432046854 9.51837899917427 4.8
      vertex -10.646812719783204 10.314526780512029 4.8
      vertex -10.86 10.325 4.8
    endloop
  endfacet
  facet normal 0 0 1
    outer loop
      vertex -9.797110626626235 9.022290765725012 4.8
      vertex -9.716729283084 8.913909070401953 4.8
      vertex -9.834712097403454 10.068178749957672 4.8
    endloop
  endfacet
  facet normal 0 0 1
    outer loop
      vertex -9.647358261521012 8.798170513135748 4.8
      vertex -9.651634743182365 9.958446406758036 4.8
      vertex -9.716729283084 8.913909070401953 4.8
    endloop
  endfacet
  facet normal 0 0 1
    outer loop
      vertex -9.647358261521012 8.798170513135748 4.8
      vertex -9.58966564279698 8.676189719501998 4.8
      vertex -9.651634743182365 9.958446406758036 4.8
    endloop
  endfacet
  facet normal 0 0 1
    outer loop
      vertex -9.480194606944071 6.468702263936048 4.8
      vertex -9.485 8.15 4.8
      vertex -9.49162100082573 8.015226432046855 4.8
    endloop
  endfacet
  facet normal 0 0 1
    outer loop
      vertex -9.480194606944071 6.468702263936048 4.8
      vertex -9.322042750919259 6.61204275091926 4.8
      vertex -9.480194606944071 9.831297736063952 4.8
    endloop
  endfacet
  facet normal 0 0 1
    outer loop
      vertex -9.322042750919259 6.61204275091926 4.8
      vertex -9.178702263936046 6.770194606944072 4.8
      vertex -9.322042750919259 9.68795724908074 4.8
    endloop
  endfacet
  facet normal 0 0 1
    outer loop
      vertex -9.178702263936046 6.770194606944072 4.8
      vertex -9.051553593241964 6.941634743182366 4.8
      vertex -9.178702263936046 9.529805393055929 4.8
    endloop
  endfacet
  facet normal 0 0 1
    outer loop
      vertex -9.480194606944071 6.468702263936048 4.8
      vertex -9.480194606944071 9.831297736063952 4.8
      vertex -9.485 8.15 4.8
    endloop
  endfacet
  facet normal 0 0 1
    outer loop
      vertex -9.051553593241964 6.941634743182366 4.8
      vertex -8.941821250042327 7.124712097403456 4.8
      vertex -9.051553593241964 9.358365256817635 4.8
    endloop
  endfacet
  facet normal 0 0 1
    outer loop
      vertex -8.941821250042327 7.124712097403456 4.8
      vertex -8.85056201678795 7.31766353460593 4.8
      vertex -8.941821250042327 9.175287902596546 4.8
    endloop
  endfacet
  facet normal 0 0 1
    outer loop
      vertex -8.85056201678795 7.31766353460593 4.8
      vertex -8.778654769782445 7.5186308269715445 4.8
      vertex -8.85056201678795 8.98233646539407 4.8
    endloop
  endfacet
  facet normal 0 0 1
    outer loop
      vertex -8.778654769782445 7.5186308269715445 4.8
      vertex -8.726792015122973 7.725678549614922 4.8
      vertex -8.778654769782445 8.781369173028455 4.8
    endloop
  endfacet
  facet normal 0 0 1
    outer loop
      vertex -8.726792015122973 7.725678549614922 4.8
      vertex -8.69547321948797 7.936812719783206 4.8
      vertex -8.726792015122973 8.57432145038508 4.8
    endloop
  endfacet
  facet normal 0 0 1
    outer loop
      vertex -8.69547321948797 7.936812719783206 4.8
      vertex -8.684999999999999 8.15 4.8
      vertex -8.69547321948797 8.363187280216795 4.8
    endloop
  endfacet
  facet normal 0 0 1
    outer loop
      vertex -8.69547321948797 7.936812719783206 4.8
      vertex -8.69547321948797 8.363187280216795 4.8
      vertex -8.726792015122973 8.57432145038508 4.8
    endloop
  endfacet
  facet normal 0 0 1
    outer loop
      vertex -8.726792015122973 7.725678549614922 4.8
      vertex -8.726792015122973 8.57432145038508 4.8
      vertex -8.778654769782445 8.781369173028455 4.8
    endloop
  endfacet
  facet normal 0 0 1
    outer loop
      vertex -9.485 8.15 4.8
      vertex -9.480194606944071 9.831297736063952 4.8
      vertex -9.49162100082573 8.284773567953145 4.8
    endloop
  endfacet
  facet normal 0 0 1
    outer loop
      vertex -9.49162100082573 8.284773567953145 4.8
      vertex -9.480194606944071 9.831297736063952 4.8
      vertex -9.511420239445558 8.418249192772176 4.8
    endloop
  endfacet
  facet normal 0 0 1
    outer loop
      vertex -9.322042750919259 6.61204275091926 4.8
      vertex -9.322042750919259 9.68795724908074 4.8
      vertex -9.480194606944071 9.831297736063952 4.8
    endloop
  endfacet
  facet normal 0 0 1
    outer loop
      vertex -9.051553593241964 6.941634743182366 4.8
      vertex -9.051553593241964 9.358365256817635 4.8
      vertex -9.178702263936046 9.529805393055929 4.8
    endloop
  endfacet
  facet normal 0 0 1
    outer loop
      vertex -9.178702263936046 6.770194606944072 4.8
      vertex -9.178702263936046 9.529805393055929 4.8
      vertex -9.322042750919259 9.68795724908074 4.8
    endloop
  endfacet
  facet normal 0 0 1
    outer loop
      vertex -9.511420239445558 8.418249192772176 4.8
      vertex -9.480194606944071 9.831297736063952 4.8
      vertex -9.544207038368212 8.549141431224886 4.8
    endloop
  endfacet
  facet normal 0 0 1
    outer loop
      vertex -9.544207038368212 8.549141431224886 4.8
      vertex -9.651634743182365 9.958446406758036 4.8
      vertex -9.58966564279698 8.676189719501998 4.8
    endloop
  endfacet
  facet normal 0 0 1
    outer loop
      vertex -8.941821250042327 7.124712097403456 4.8
      vertex -8.941821250042327 9.175287902596546 4.8
      vertex -9.051553593241964 9.358365256817635 4.8
    endloop
  endfacet
  facet normal 0 0 1
    outer loop
      vertex -8.85056201678795 7.31766353460593 4.8
      vertex -8.85056201678795 8.98233646539407 4.8
      vertex -8.941821250042327 9.175287902596546 4.8
    endloop
  endfacet
  facet normal 0 0 1
    outer loop
      vertex -8.778654769782445 7.5186308269715445 4.8
      vertex -8.778654769782445 8.781369173028455 4.8
      vertex -8.85056201678795 8.98233646539407 4.8
    endloop
  endfacet
  facet normal 0 0 1
    outer loop
      vertex -10.725226432046854 9.51837899917427 4.8
      vertex -10.591750807227823 9.498579760554442 4.8
      vertex -10.646812719783204 10.314526780512029 4.8
    endloop
  endfacet
  facet normal 0 0 1
    outer loop
      vertex -10.591750807227823 9.498579760554442 4.8
      vertex -10.460858568775114 9.465792961631788 4.8
      vertex -10.43567854961492 10.283207984877027 4.8
    endloop
  endfacet
  facet normal 0 0 1
    outer loop
      vertex -10.460858568775114 9.465792961631788 4.8
      vertex -10.333810280498001 9.42033435720302 4.8
      vertex -10.43567854961492 10.283207984877027 4.8
    endloop
  endfacet
  facet normal 0 0 1
    outer loop
      vertex -10.333810280498001 9.42033435720302 4.8
      vertex -10.211829486864252 9.362641738478988 4.8
      vertex -10.228630826971544 10.231345230217554 4.8
    endloop
  endfacet
  facet normal 0 0 1
    outer loop
      vertex -10.211829486864252 9.362641738478988 4.8
      vertex -10.096090929598047 9.293270716916 4.8
      vertex -10.228630826971544 10.231345230217554 4.8
    endloop
  endfacet
  facet normal 0 0 1
    outer loop
      vertex -10.591750807227823 9.498579760554442 4.8
      vertex -10.43567854961492 10.283207984877027 4.8
      vertex -10.646812719783204 10.314526780512029 4.8
    endloop
  endfacet
  facet normal 0 0 1
    outer loop
      vertex -10.333810280498001 9.42033435720302 4.8
      vertex -10.228630826971544 10.231345230217554 4.8
      vertex -10.43567854961492 10.283207984877027 4.8
    endloop
  endfacet
  facet normal 0 0 1
    outer loop
      vertex -9.987709234274988 9.212889373373764 4.8
      vertex -10.02766353460593 10.15943798321205 4.8
      vertex -10.096090929598047 9.293270716916 4.8
    endloop
  endfacet
  facet normal 0 0 1
    outer loop
      vertex -9.987709234274988 9.212889373373764 4.8
      vertex -9.887728175868496 9.122271824131504 4.8
      vertex -10.02766353460593 10.15943798321205 4.8
    endloop
  endfacet
  facet normal 0 0 1
    outer loop
      vertex -9.887728175868496 9.122271824131504 4.8
      vertex -9.834712097403454 10.068178749957672 4.8
      vertex -10.02766353460593 10.15943798321205 4.8
    endloop
  endfacet
  facet normal 0 0 1
    outer loop
      vertex -9.887728175868496 9.122271824131504 4.8
      vertex -9.797110626626235 9.022290765725012 4.8
      vertex -9.834712097403454 10.068178749957672 4.8
    endloop
  endfacet
  facet normal 0 0 1
    outer loop
      vertex -9.716729283084 8.913909070401953 4.8
      vertex -9.651634743182365 9.958446406758036 4.8
      vertex -9.834712097403454 10.068178749957672 4.8
    endloop
  endfacet
  facet normal 0 0 1
    outer loop
      vertex -10.228630826971544 10.231345230217554 4.8
      vertex -10.096090929598047 9.293270716916 4.8
      vertex -10.02766353460593 10.15943798321205 4.8
    endloop
  endfacet
  facet normal 0 0 1
    outer loop
      vertex -9.544207038368212 8.549141431224886 4.8
      vertex -9.480194606944071 9.831297736063952 4.8
      vertex -9.651634743182365 9.958446406758036 4.8
    endloop
  endfacet
  facet normal -0.8577286100002726 -0.514102744193221 -1.7098512460482411e-18
    outer loop
      vertex -12.003270716916 7.386090929598048 4.8
      vertex -12.072641738478987 7.501829486864254 7.16
      vertex -12.072641738478987 7.501829486864254 4.8
    endloop
  endfacet
  facet normal -0.7409511253549579 -0.6715589548470197 8.104482078123242e-16
    outer loop
      vertex -11.922889373373764 7.277709234274988 4.8
      vertex -11.832271824131503 7.177728175868498 4.8
      vertex -11.922889373373762 7.2777092342749885 7.16
    endloop
  endfacet
  facet normal -0.6715589548470131 -0.7409511253549638 2.5772132417484596e-18
    outer loop
      vertex -11.832271824131503 7.177728175868498 4.8
      vertex -11.732290765725011 7.087110626626237 4.8
      vertex -11.732290765725011 7.087110626626237 7.16
    endloop
  endfacet
  facet normal -0.8032075314806493 -0.5956993044924275 0
    outer loop
      vertex -12.003270716916 7.386090929598048 4.8
      vertex -11.922889373373764 7.277709234274988 4.8
      vertex -12.003270716916 7.386090929598048 7.16
    endloop
  endfacet
  facet normal -0.5141027441932239 -0.8577286100002707 3.878778348039375e-16
    outer loop
      vertex -11.623909070401952 7.006729283084001 4.8
      vertex -11.508170513135747 6.9373582615210125 4.8
      vertex -11.508170513135745 6.9373582615210125 7.16
    endloop
  endfacet
  facet normal -0.4275550934302803 -0.9039892931234441 -3.0722866976220774e-19
    outer loop
      vertex -11.508170513135747 6.9373582615210125 4.8
      vertex -11.386189719501997 6.879665642796981 4.8
      vertex -11.386189719501997 6.879665642796981 7.16
    endloop
  endfacet
  facet normal -0.3368898533922231 -0.9415440651830196 3.5337013913466883e-16
    outer loop
      vertex -11.386189719501997 6.879665642796981 4.8
      vertex -11.259141431224885 6.834207038368213 4.8
      vertex -11.259141431224885 6.834207038368214 7.16
    endloop
  endfacet
  facet normal -0.5956993044924348 -0.8032075314806437 0
    outer loop
      vertex -11.623909070401952 7.006729283084001 4.8
      vertex -11.623909070401952 7.006729283084001 7.16
      vertex -11.732290765725011 7.087110626626237 4.8
    endloop
  endfacet
  facet normal -0.24298017990325932 -0.9700312531945452 -8.462003827248957e-19
    outer loop
      vertex -11.259141431224885 6.834207038368213 4.8
      vertex -11.128249192772175 6.801420239445559 4.8
      vertex -11.128249192772175 6.801420239445559 7.16
    endloop
  endfacet
  facet normal -0.1467304744553601 -0.9891765099647812 2.424897765579109e-19
    outer loop
      vertex -11.128249192772175 6.801420239445559 4.8
      vertex -10.994773567953144 6.78162100082573 4.8
      vertex -10.994773567953144 6.78162100082573 7.16
    endloop
  endfacet
  facet normal -0.04906767432742138 -0.9987954562051723 3.758934618203286e-16
    outer loop
      vertex -10.86 6.775 4.8
      vertex -10.86 6.775000000000001 7.16
      vertex -10.994773567953144 6.78162100082573 4.8
    endloop
  endfacet
  facet normal 0.04906767432742138 -0.9987954562051723 -3.6787155291295175e-17
    outer loop
      vertex -10.86 6.775 4.8
      vertex -10.725226432046854 6.78162100082573 4.8
      vertex -10.725226432046853 6.78162100082573 7.16
    endloop
  endfacet
  facet normal 0.1467304744553601 -0.9891765099647812 -2.424897765579109e-19
    outer loop
      vertex -10.725226432046854 6.78162100082573 4.8
      vertex -10.591750807227823 6.801420239445559 4.8
      vertex -10.591750807227823 6.801420239445559 7.16
    endloop
  endfacet
  facet normal 0.24298017990325932 -0.9700312531945452 3.6591434679037876e-16
    outer loop
      vertex -10.591750807227823 6.801420239445559 4.8
      vertex -10.460858568775114 6.834207038368213 4.8
      vertex -10.460858568775114 6.834207038368214 7.16
    endloop
  endfacet
  facet normal 0.3368898533922231 -0.9415440651830196 3.553240302655735e-16
    outer loop
      vertex -10.460858568775114 6.834207038368213 4.8
      vertex -10.333810280498001 6.879665642796981 4.8
      vertex -10.333810280498001 6.879665642796982 7.16
    endloop
  endfacet
  facet normal 0.4275550934302803 -0.9039892931234441 3.0722866976220774e-19
    outer loop
      vertex -10.333810280498001 6.879665642796981 4.8
      vertex -10.211829486864252 6.9373582615210125 4.8
      vertex -10.211829486864252 6.9373582615210125 7.16
    endloop
  endfacet
  facet normal 0.5141027441932239 -0.8577286100002707 3.216917014199399e-16
    outer loop
      vertex -10.211829486864252 6.9373582615210125 4.8
      vertex -10.096090929598047 7.006729283084001 4.8
      vertex -10.096090929598047 7.006729283084002 7.16
    endloop
  endfacet
  facet normal 0.5956993044924348 -0.8032075314806437 3.0144252710504364e-16
    outer loop
      vertex -10.096090929598047 7.006729283084001 4.8
      vertex -9.987709234274988 7.087110626626237 4.8
      vertex -9.987709234274988 7.087110626626238 7.16
    endloop
  endfacet
  facet normal 0.6715589548470131 -0.7409511253549638 2.7627736285689606e-16
    outer loop
      vertex -9.987709234274988 7.087110626626237 4.8
      vertex -9.887728175868496 7.177728175868498 4.8
      vertex -9.887728175868496 7.1777281758684985 7.16
    endloop
  endfacet
  facet normal 0.7409511253549579 -0.6715589548470197 2.5273905561503966e-16
    outer loop
      vertex -9.887728175868496 7.177728175868498 4.8
      vertex -9.797110626626235 7.277709234274988 4.8
      vertex -9.887728175868496 7.1777281758684985 7.16
    endloop
  endfacet
  facet normal 0.8032075314806493 -0.5956993044924275 2.241895198646389e-16
    outer loop
      vertex -9.797110626626235 7.277709234274988 4.8
      vertex -9.716729283084 7.386090929598048 4.8
      vertex -9.797110626626235 7.2777092342749885 7.16
    endloop
  endfacet
  facet normal 0.8577286100002726 -0.514102744193221 1.9348091648348843e-16
    outer loop
      vertex -9.716729283084 7.386090929598048 4.8
      vertex -9.647358261521012 7.501829486864254 4.8
      vertex -9.716729283084 7.386090929598049 7.16
    endloop
  endfacet
  facet normal -0.8577286100002726 -0.514102744193221 0
    outer loop
      vertex -12.003270716916 7.386090929598048 4.8
      vertex -12.003270716916 7.386090929598048 7.16
      vertex -12.072641738478987 7.501829486864254 7.16
    endloop
  endfacet
  facet normal -0.7409511253549609 -0.6715589548470164 5.577091521972868e-16
    outer loop
      vertex -11.832271824131503 7.177728175868498 4.8
      vertex -11.832271824131501 7.177728175868498 7.16
      vertex -11.922889373373762 7.2777092342749885 7.16
    endloop
  endfacet
  facet normal -0.6715589548470197 -0.7409511253549579 5.054781112300793e-16
    outer loop
      vertex -11.832271824131503 7.177728175868498 4.8
      vertex -11.732290765725011 7.087110626626237 7.16
      vertex -11.832271824131501 7.177728175868498 7.16
    endloop
  endfacet
  facet normal -0.8032075314806407 -0.5956993044924392 8.287586690186381e-16
    outer loop
      vertex -11.922889373373764 7.277709234274988 4.8
      vertex -11.922889373373762 7.2777092342749885 7.16
      vertex -12.003270716916 7.386090929598048 7.16
    endloop
  endfacet
  facet normal -0.5141027441932181 -0.8577286100002742 0
    outer loop
      vertex -11.623909070401952 7.006729283084001 4.8
      vertex -11.508170513135745 6.9373582615210125 7.16
      vertex -11.623909070401952 7.006729283084001 7.16
    endloop
  endfacet
  facet normal -0.42755509343028547 -0.9039892931234418 3.2181797221834766e-16
    outer loop
      vertex -11.508170513135747 6.9373582615210125 4.8
      vertex -11.386189719501997 6.879665642796981 7.16
      vertex -11.508170513135745 6.9373582615210125 7.16
    endloop
  endfacet
  facet normal -0.3368898533922173 -0.9415440651830218 0
    outer loop
      vertex -11.386189719501997 6.879665642796981 4.8
      vertex -11.259141431224885 6.834207038368214 7.16
      vertex -11.386189719501997 6.879665642796981 7.16
    endloop
  endfacet
  facet normal -0.24298017990326545 -0.9700312531945435 3.6506814640765323e-16
    outer loop
      vertex -11.259141431224885 6.834207038368213 4.8
      vertex -11.128249192772175 6.801420239445559 7.16
      vertex -11.259141431224885 6.834207038368214 7.16
    endloop
  endfacet
  facet normal -0.5956993044924348 -0.8032075314806437 0
    outer loop
      vertex -11.732290765725011 7.087110626626237 4.8
      vertex -11.623909070401952 7.006729283084001 7.16
      vertex -11.732290765725011 7.087110626626237 7.16
    endloop
  endfacet
  facet normal -0.0490676743274148 -0.9987954562051724 0
    outer loop
      vertex -10.994773567953144 6.78162100082573 4.8
      vertex -10.86 6.775000000000001 7.16
      vertex -10.994773567953144 6.78162100082573 7.16
    endloop
  endfacet
  facet normal -0.1467304744553601 -0.9891765099647812 0
    outer loop
      vertex -11.128249192772175 6.801420239445559 4.8
      vertex -10.994773567953144 6.78162100082573 7.16
      vertex -11.128249192772175 6.801420239445559 7.16
    endloop
  endfacet
  facet normal 0.04906767432741416 -0.9987954562051726 3.758934618203287e-16
    outer loop
      vertex -10.86 6.775 4.8
      vertex -10.725226432046853 6.78162100082573 7.16
      vertex -10.86 6.775000000000001 7.16
    endloop
  endfacet
  facet normal 0.14673047445536203 -0.9891765099647809 -1.1044308552848559e-16
    outer loop
      vertex -10.725226432046854 6.78162100082573 4.8
      vertex -10.591750807227823 6.801420239445559 7.16
      vertex -10.725226432046853 6.78162100082573 7.16
    endloop
  endfacet
  facet normal 0.24298017990326545 -0.9700312531945435 0
    outer loop
      vertex -10.591750807227823 6.801420239445559 4.8
      vertex -10.460858568775114 6.834207038368214 7.16
      vertex -10.591750807227823 6.801420239445559 7.16
    endloop
  endfacet
  facet normal 0.3368898533922231 -0.9415440651830196 3.5434708470012114e-16
    outer loop
      vertex -10.460858568775114 6.834207038368213 4.8
      vertex -10.333810280498001 6.879665642796982 7.16
      vertex -10.460858568775114 6.834207038368214 7.16
    endloop
  endfacet
  facet normal 0.42755509343027487 -0.9039892931234467 3.402134668611085e-16
    outer loop
      vertex -10.333810280498001 6.879665642796981 4.8
      vertex -10.211829486864252 6.9373582615210125 7.16
      vertex -10.333810280498001 6.879665642796982 7.16
    endloop
  endfacet
  facet normal 0.5141027441932287 -0.8577286100002679 0
    outer loop
      vertex -10.211829486864252 6.9373582615210125 4.8
      vertex -10.096090929598047 7.006729283084002 7.16
      vertex -10.211829486864252 6.9373582615210125 7.16
    endloop
  endfacet
  facet normal 0.5956993044924348 -0.8032075314806437 3.022845745769986e-16
    outer loop
      vertex -10.096090929598047 7.006729283084001 4.8
      vertex -9.987709234274988 7.087110626626238 7.16
      vertex -10.096090929598047 7.006729283084002 7.16
    endloop
  endfacet
  facet normal 0.6715589548470131 -0.7409511253549638 2.788545760986445e-16
    outer loop
      vertex -9.987709234274988 7.087110626626237 4.8
      vertex -9.887728175868496 7.1777281758684985 7.16
      vertex -9.987709234274988 7.087110626626238 7.16
    endloop
  endfacet
  facet normal 0.740951125354958 -0.6715589548470197 2.5273905561503966e-16
    outer loop
      vertex -9.797110626626235 7.277709234274988 4.8
      vertex -9.797110626626235 7.2777092342749885 7.16
      vertex -9.887728175868496 7.1777281758684985 7.16
    endloop
  endfacet
  facet normal 0.8032075314806493 -0.5956993044924275 2.241895198646389e-16
    outer loop
      vertex -9.716729283084 7.386090929598048 4.8
      vertex -9.716729283084 7.386090929598049 7.16
      vertex -9.797110626626235 7.2777092342749885 7.16
    endloop
  endfacet
  facet normal 0.8577286100002726 -0.514102744193221 1.9236921054680742e-16
    outer loop
      vertex -9.716729283084 7.386090929598049 7.16
      vertex -9.647358261521012 7.501829486864254 4.8
      vertex -9.647358261521012 7.5018294868642545 7.16
    endloop
  endfacet
  facet normal -0.9415440651830198 -0.33688985339222316 -9.769455654523285e-19
    outer loop
      vertex -12.130334357203019 7.623810280498002 4.8
      vertex -12.175792961631787 7.750858568775115 7.159999999999999
      vertex -12.175792961631787 7.750858568775115 4.8
    endloop
  endfacet
  facet normal -0.903989293123443 -0.4275550934302829 0
    outer loop
      vertex -12.130334357203019 7.623810280498002 4.8
      vertex -12.072641738478987 7.501829486864254 4.8
      vertex -12.130334357203019 7.623810280498002 7.16
    endloop
  endfacet
  facet normal -0.9700312531945452 -0.24298017990325932 -8.46200382724896e-19
    outer loop
      vertex -12.175792961631787 7.750858568775115 4.8
      vertex -12.208579760554441 7.881750807227824 7.159999999999999
      vertex -12.208579760554441 7.881750807227824 4.8
    endloop
  endfacet
  facet normal -0.9891765099647812 -0.14673047445536008 2.42489776557911e-19
    outer loop
      vertex -12.208579760554441 7.881750807227824 4.8
      vertex -12.22837899917427 8.015226432046855 7.159999999999999
      vertex -12.22837899917427 8.015226432046855 4.8
    endloop
  endfacet
  facet normal -0.9987954562051723 -0.04906767432742138 1.713599757723098e-20
    outer loop
      vertex -12.22837899917427 8.015226432046855 4.8
      vertex -12.235 8.15 7.159999999999999
      vertex -12.235 8.15 4.8
    endloop
  endfacet
  facet normal -0.9987954562051723 0.04906767432742138 -1.713599757723098e-20
    outer loop
      vertex -12.235 8.15 4.8
      vertex -12.22837899917427 8.284773567953145 7.159999999999999
      vertex -12.22837899917427 8.284773567953145 4.8
    endloop
  endfacet
  facet normal -0.9891765099647812 0.14673047445536008 -2.42489776557911e-19
    outer loop
      vertex -12.22837899917427 8.284773567953145 4.8
      vertex -12.208579760554441 8.418249192772176 7.159999999999999
      vertex -12.208579760554441 8.418249192772176 4.8
    endloop
  endfacet
  facet normal -0.9700312531945452 0.24298017990325932 8.46200382724896e-19
    outer loop
      vertex -12.208579760554441 8.418249192772176 4.8
      vertex -12.175792961631787 8.549141431224886 7.159999999999999
      vertex -12.175792961631787 8.549141431224886 4.8
    endloop
  endfacet
  facet normal -0.9415440651830198 0.33688985339222316 9.769455654523285e-19
    outer loop
      vertex -12.175792961631787 8.549141431224886 4.8
      vertex -12.130334357203019 8.676189719501998 7.159999999999999
      vertex -12.130334357203019 8.676189719501998 4.8
    endloop
  endfacet
  facet normal -0.9039892931234442 0.42755509343028036 3.072286697622079e-19
    outer loop
      vertex -12.130334357203019 8.676189719501998 4.8
      vertex -12.072641738478987 8.798170513135748 7.159999999999999
      vertex -12.072641738478987 8.798170513135748 4.8
    endloop
  endfacet
  facet normal -0.8577286100002708 0.5141027441932239 -1.1117059366810196e-18
    outer loop
      vertex -12.072641738478987 8.798170513135748 4.8
      vertex -12.003270716916 8.913909070401953 7.159999999999999
      vertex -12.003270716916 8.913909070401953 4.8
    endloop
  endfacet
  facet normal -0.8032075314806469 0.5956993044924307 1.9283528322605814e-18
    outer loop
      vertex -12.003270716916 8.913909070401953 4.8
      vertex -11.922889373373764 9.022290765725012 7.159999999999999
      vertex -11.922889373373764 9.022290765725012 4.8
    endloop
  endfacet
  facet normal -0.7409511253549638 0.6715589548470132 -2.5772132417484604e-18
    outer loop
      vertex -11.922889373373764 9.022290765725012 4.8
      vertex -11.832271824131503 9.122271824131504 7.159999999999999
      vertex -11.832271824131503 9.122271824131504 4.8
    endloop
  endfacet
  facet normal -0.6715589548470132 0.7409511253549638 0
    outer loop
      vertex -11.832271824131503 9.122271824131504 4.8
      vertex -11.832271824131503 9.122271824131504 7.159999999999999
      vertex -11.732290765725011 9.212889373373764 4.8
    endloop
  endfacet
  facet normal -0.5956993044924307 0.8032075314806469 0
    outer loop
      vertex -11.732290765725011 9.212889373373764 4.8
      vertex -11.732290765725011 9.212889373373764 7.16
      vertex -11.623909070401952 9.293270716916 4.8
    endloop
  endfacet
  facet normal -0.5141027441932239 0.8577286100002707 0
    outer loop
      vertex -11.623909070401952 9.293270716916 4.8
      vertex -11.623909070401952 9.293270716916 7.16
      vertex -11.508170513135747 9.362641738478988 4.8
    endloop
  endfacet
  facet normal -0.4275550934302803 0.9039892931234441 0
    outer loop
      vertex -11.508170513135747 9.362641738478988 4.8
      vertex -11.508170513135747 9.362641738478988 7.16
      vertex -11.386189719501997 9.42033435720302 4.8
    endloop
  endfacet
  facet normal -0.3368898533922231 0.9415440651830196 0
    outer loop
      vertex -11.386189719501997 9.42033435720302 4.8
      vertex -11.386189719501997 9.42033435720302 7.16
      vertex -11.259141431224885 9.465792961631788 4.8
    endloop
  endfacet
  facet normal -0.24298017990325932 0.9700312531945452 0
    outer loop
      vertex -11.259141431224885 9.465792961631788 4.8
      vertex -11.259141431224885 9.465792961631788 7.16
      vertex -11.128249192772175 9.498579760554442 4.8
    endloop
  endfacet
  facet normal -0.1467304744553601 0.9891765099647812 0
    outer loop
      vertex -11.128249192772175 9.498579760554442 4.8
      vertex -11.128249192772175 9.498579760554442 7.16
      vertex -10.994773567953144 9.51837899917427 4.8
    endloop
  endfacet
  facet normal -0.04906767432742138 0.9987954562051723 0
    outer loop
      vertex -10.994773567953144 9.51837899917427 4.8
      vertex -10.994773567953144 9.51837899917427 7.159999999999999
      vertex -10.86 9.525 4.8
    endloop
  endfacet
  facet normal 0.04906767432742138 0.9987954562051723 0
    outer loop
      vertex -10.86 9.525 4.8
      vertex -10.86 9.525 7.159999999999999
      vertex -10.725226432046854 9.51837899917427 4.8
    endloop
  endfacet
  facet normal 0.1467304744553601 0.9891765099647812 0
    outer loop
      vertex -10.725226432046854 9.51837899917427 4.8
      vertex -10.725226432046854 9.51837899917427 7.16
      vertex -10.591750807227823 9.498579760554442 4.8
    endloop
  endfacet
  facet normal 0.903989293123443 -0.4275550934302829 1.6090898610917287e-16
    outer loop
      vertex -9.647358261521012 7.501829486864254 4.8
      vertex -9.58966564279698 7.623810280498002 4.8
      vertex -9.647358261521012 7.5018294868642545 7.16
    endloop
  endfacet
  facet normal 0.5141027441932239 0.8577286100002707 0
    outer loop
      vertex -10.211829486864252 9.362641738478988 4.8
      vertex -10.211829486864252 9.362641738478988 7.16
      vertex -10.096090929598047 9.293270716916 4.8
    endloop
  endfacet
  facet normal 0.9039892931234442 0.42755509343028036 -3.072286697622079e-19
    outer loop
      vertex -9.647358261521012 8.798170513135748 4.8
      vertex -9.58966564279698 8.676189719501998 7.159999999999999
      vertex -9.58966564279698 8.676189719501998 4.8
    endloop
  endfacet
  facet normal 0.8577286100002708 0.5141027441932239 0
    outer loop
      vertex -9.647358261521012 8.798170513135748 4.8
      vertex -9.716729283084 8.913909070401953 4.8
      vertex -9.647358261521012 8.798170513135748 7.159999999999999
    endloop
  endfacet
  facet normal 0.5956993044924307 0.8032075314806469 -1.9283528322605806e-18
    outer loop
      vertex -9.987709234274988 9.212889373373764 4.8
      vertex -10.096090929598047 9.293270716916 4.8
      vertex -10.096090929598047 9.293270716916 7.16
    endloop
  endfacet
  facet normal 0.6715589548470131 0.7409511253549638 0
    outer loop
      vertex -9.987709234274988 9.212889373373764 4.8
      vertex -9.987709234274988 9.212889373373764 7.16
      vertex -9.887728175868496 9.122271824131504 4.8
    endloop
  endfacet
  facet normal 0.8032075314806469 0.5956993044924307 -1.9283528322605814e-18
    outer loop
      vertex -9.797110626626235 9.022290765725012 4.8
      vertex -9.716729283084 8.913909070401953 7.159999999999999
      vertex -9.716729283084 8.913909070401953 4.8
    endloop
  endfacet
  facet normal 0.7409511253549638 0.6715589548470132 2.5772132417484604e-18
    outer loop
      vertex -9.887728175868496 9.122271824131504 4.8
      vertex -9.797110626626235 9.022290765725012 7.159999999999999
      vertex -9.797110626626235 9.022290765725012 4.8
    endloop
  endfacet
  facet normal 0.9415440651830196 -0.3368898533922231 2.5357482847365386e-16
    outer loop
      vertex -9.58966564279698 7.623810280498002 4.8
      vertex -9.544207038368212 7.750858568775115 4.8
      vertex -9.58966564279698 7.623810280498004 7.16
    endloop
  endfacet
  facet normal 0.9700312531945452 -0.24298017990325932 1.8288962051265166e-16
    outer loop
      vertex -9.544207038368212 7.750858568775115 4.8
      vertex -9.511420239445558 7.881750807227824 4.8
      vertex -9.544207038368212 7.750858568775117 7.16
    endloop
  endfacet
  facet normal 0.9891765099647812 -0.1467304744553601 2.208861710569683e-16
    outer loop
      vertex -9.511420239445558 7.881750807227824 4.8
      vertex -9.49162100082573 8.015226432046855 4.8
      vertex -9.511420239445558 7.881750807227828 7.16
    endloop
  endfacet
  facet normal 0.9987954562051723 -0.04906767432742138 2.215975395380823e-16
    outer loop
      vertex -9.49162100082573 8.015226432046855 4.8
      vertex -9.485 8.15 4.8
      vertex -9.49162100082573 8.015226432046866 7.16
    endloop
  endfacet
  facet normal 0.9987954562051723 0.04906767432742138 0
    outer loop
      vertex -9.485 8.15 4.8
      vertex -9.49162100082573 8.284773567953145 4.8
      vertex -9.485 8.15 7.16
    endloop
  endfacet
  facet normal 0.9891765099647812 0.1467304744553601 -1.1044308552848415e-16
    outer loop
      vertex -9.49162100082573 8.284773567953145 4.8
      vertex -9.511420239445558 8.418249192772176 4.8
      vertex -9.49162100082573 8.284773567953147 7.16
    endloop
  endfacet
  facet normal 0.9700312531945452 0.24298017990325932 0
    outer loop
      vertex -9.511420239445558 8.418249192772176 4.8
      vertex -9.544207038368212 8.549141431224886 4.8
      vertex -9.511420239445558 8.418249192772176 7.16
    endloop
  endfacet
  facet normal 0.9415440651830196 0.3368898533922231 7.086941694002423e-16
    outer loop
      vertex -9.544207038368212 8.549141431224886 4.8
      vertex -9.58966564279698 8.676189719501998 4.8
      vertex -9.544207038368214 8.549141431224886 7.16
    endloop
  endfacet
  facet normal 0.24298017990325932 0.9700312531945452 0
    outer loop
      vertex -10.591750807227823 9.498579760554442 4.8
      vertex -10.591750807227823 9.498579760554442 7.16
      vertex -10.460858568775114 9.465792961631788 4.8
    endloop
  endfacet
  facet normal 0.3368898533922231 0.9415440651830196 0
    outer loop
      vertex -10.460858568775114 9.465792961631788 4.8
      vertex -10.460858568775114 9.465792961631788 7.16
      vertex -10.333810280498001 9.42033435720302 4.8
    endloop
  endfacet
  facet normal 0.4275550934302803 0.9039892931234441 0
    outer loop
      vertex -10.333810280498001 9.42033435720302 4.8
      vertex -10.333810280498001 9.42033435720302 7.16
      vertex -10.211829486864252 9.362641738478988 4.8
    endloop
  endfacet
  facet normal -0.9415440651830196 -0.3368898533922231 0
    outer loop
      vertex -12.130334357203019 7.623810280498002 4.8
      vertex -12.130334357203019 7.623810280498002 7.16
      vertex -12.175792961631787 7.750858568775115 7.159999999999999
    endloop
  endfacet
  facet normal -0.903989293123443 -0.4275550934302829 0
    outer loop
      vertex -12.072641738478987 7.501829486864254 4.8
      vertex -12.072641738478987 7.501829486864254 7.16
      vertex -12.130334357203019 7.623810280498002 7.16
    endloop
  endfacet
  facet normal -0.9700312531945452 -0.24298017990325932 0
    outer loop
      vertex -12.175792961631787 7.750858568775115 4.8
      vertex -12.175792961631787 7.750858568775115 7.159999999999999
      vertex -12.208579760554441 7.881750807227824 7.159999999999999
    endloop
  endfacet
  facet normal -0.9891765099647812 -0.14673047445536008 0
    outer loop
      vertex -12.208579760554441 7.881750807227824 4.8
      vertex -12.208579760554441 7.881750807227824 7.159999999999999
      vertex -12.22837899917427 8.015226432046855 7.159999999999999
    endloop
  endfacet
  facet normal -0.9987954562051723 -0.04906767432742138 0
    outer loop
      vertex -12.22837899917427 8.015226432046855 4.8
      vertex -12.22837899917427 8.015226432046855 7.159999999999999
      vertex -12.235 8.15 7.159999999999999
    endloop
  endfacet
  facet normal -0.9987954562051723 0.04906767432742138 0
    outer loop
      vertex -12.235 8.15 4.8
      vertex -12.235 8.15 7.159999999999999
      vertex -12.22837899917427 8.284773567953145 7.159999999999999
    endloop
  endfacet
  facet normal -0.9891765099647812 0.14673047445536008 0
    outer loop
      vertex -12.22837899917427 8.284773567953145 4.8
      vertex -12.22837899917427 8.284773567953145 7.159999999999999
      vertex -12.208579760554441 8.418249192772176 7.159999999999999
    endloop
  endfacet
  facet normal -0.9700312531945452 0.24298017990325932 0
    outer loop
      vertex -12.208579760554441 8.418249192772176 4.8
      vertex -12.208579760554441 8.418249192772176 7.159999999999999
      vertex -12.175792961631787 8.549141431224886 7.159999999999999
    endloop
  endfacet
  facet normal -0.9415440651830198 0.33688985339222316 0
    outer loop
      vertex -12.175792961631787 8.549141431224886 4.8
      vertex -12.175792961631787 8.549141431224886 7.159999999999999
      vertex -12.130334357203019 8.676189719501998 7.159999999999999
    endloop
  endfacet
  facet normal -0.9039892931234442 0.42755509343028036 0
    outer loop
      vertex -12.130334357203019 8.676189719501998 4.8
      vertex -12.130334357203019 8.676189719501998 7.159999999999999
      vertex -12.072641738478987 8.798170513135748 7.159999999999999
    endloop
  endfacet
  facet normal -0.8577286100002708 0.5141027441932239 0
    outer loop
      vertex -12.072641738478987 8.798170513135748 4.8
      vertex -12.072641738478987 8.798170513135748 7.159999999999999
      vertex -12.003270716916 8.913909070401953 7.159999999999999
    endloop
  endfacet
  facet normal -0.8032075314806469 0.5956993044924307 0
    outer loop
      vertex -12.003270716916 8.913909070401953 4.8
      vertex -12.003270716916 8.913909070401953 7.159999999999999
      vertex -11.922889373373764 9.022290765725012 7.159999999999999
    endloop
  endfacet
  facet normal -0.7409511253549638 0.6715589548470132 0
    outer loop
      vertex -11.922889373373764 9.022290765725012 4.8
      vertex -11.922889373373764 9.022290765725012 7.159999999999999
      vertex -11.832271824131503 9.122271824131504 7.159999999999999
    endloop
  endfacet
  facet normal -0.6715589548470131 0.7409511253549638 0
    outer loop
      vertex -11.732290765725011 9.212889373373764 4.8
      vertex -11.832271824131503 9.122271824131504 7.159999999999999
      vertex -11.732290765725011 9.212889373373764 7.16
    endloop
  endfacet
  facet normal -0.5956993044924307 0.8032075314806469 0
    outer loop
      vertex -11.623909070401952 9.293270716916 4.8
      vertex -11.732290765725011 9.212889373373764 7.16
      vertex -11.623909070401952 9.293270716916 7.16
    endloop
  endfacet
  facet normal -0.5141027441932239 0.8577286100002707 0
    outer loop
      vertex -11.508170513135747 9.362641738478988 4.8
      vertex -11.623909070401952 9.293270716916 7.16
      vertex -11.508170513135747 9.362641738478988 7.16
    endloop
  endfacet
  facet normal -0.4275550934302803 0.9039892931234441 0
    outer loop
      vertex -11.386189719501997 9.42033435720302 4.8
      vertex -11.508170513135747 9.362641738478988 7.16
      vertex -11.386189719501997 9.42033435720302 7.16
    endloop
  endfacet
  facet normal -0.3368898533922231 0.9415440651830196 0
    outer loop
      vertex -11.259141431224885 9.465792961631788 4.8
      vertex -11.386189719501997 9.42033435720302 7.16
      vertex -11.259141431224885 9.465792961631788 7.16
    endloop
  endfacet
  facet normal -0.24298017990325932 0.9700312531945452 0
    outer loop
      vertex -11.128249192772175 9.498579760554442 4.8
      vertex -11.259141431224885 9.465792961631788 7.16
      vertex -11.128249192772175 9.498579760554442 7.16
    endloop
  endfacet
  facet normal -0.14673047445536008 0.9891765099647812 0
    outer loop
      vertex -10.994773567953144 9.51837899917427 4.8
      vertex -11.128249192772175 9.498579760554442 7.16
      vertex -10.994773567953144 9.51837899917427 7.159999999999999
    endloop
  endfacet
  facet normal -0.04906767432742138 0.9987954562051723 0
    outer loop
      vertex -10.86 9.525 4.8
      vertex -10.994773567953144 9.51837899917427 7.159999999999999
      vertex -10.86 9.525 7.159999999999999
    endloop
  endfacet
  facet normal 0.04906767432742138 0.9987954562051723 0
    outer loop
      vertex -10.725226432046854 9.51837899917427 4.8
      vertex -10.86 9.525 7.159999999999999
      vertex -10.725226432046854 9.51837899917427 7.16
    endloop
  endfacet
  facet normal 0.9039892931234441 -0.4275550934302803 3.218179722183438e-16
    outer loop
      vertex -9.58966564279698 7.623810280498002 4.8
      vertex -9.58966564279698 7.623810280498004 7.16
      vertex -9.647358261521012 7.5018294868642545 7.16
    endloop
  endfacet
  facet normal 0.5141027441932239 0.8577286100002707 0
    outer loop
      vertex -10.096090929598047 9.293270716916 4.8
      vertex -10.211829486864252 9.362641738478988 7.16
      vertex -10.096090929598047 9.293270716916 7.16
    endloop
  endfacet
  facet normal 0.9039892931234442 0.42755509343028036 0
    outer loop
      vertex -9.647358261521012 8.798170513135748 4.8
      vertex -9.647358261521012 8.798170513135748 7.159999999999999
      vertex -9.58966564279698 8.676189719501998 7.159999999999999
    endloop
  endfacet
  facet normal 0.8577286100002708 0.5141027441932239 0
    outer loop
      vertex -9.716729283084 8.913909070401953 4.8
      vertex -9.716729283084 8.913909070401953 7.159999999999999
      vertex -9.647358261521012 8.798170513135748 7.159999999999999
    endloop
  endfacet
  facet normal 0.5956993044924307 0.8032075314806469 0
    outer loop
      vertex -9.987709234274988 9.212889373373764 4.8
      vertex -10.096090929598047 9.293270716916 7.16
      vertex -9.987709234274988 9.212889373373764 7.16
    endloop
  endfacet
  facet normal 0.6715589548470132 0.7409511253549638 0
    outer loop
      vertex -9.887728175868496 9.122271824131504 4.8
      vertex -9.987709234274988 9.212889373373764 7.16
      vertex -9.887728175868496 9.122271824131504 7.159999999999999
    endloop
  endfacet
  facet normal 0.8032075314806469 0.5956993044924307 0
    outer loop
      vertex -9.797110626626235 9.022290765725012 4.8
      vertex -9.797110626626235 9.022290765725012 7.159999999999999
      vertex -9.716729283084 8.913909070401953 7.159999999999999
    endloop
  endfacet
  facet normal 0.7409511253549638 0.6715589548470132 0
    outer loop
      vertex -9.887728175868496 9.122271824131504 4.8
      vertex -9.887728175868496 9.122271824131504 7.159999999999999
      vertex -9.797110626626235 9.022290765725012 7.159999999999999
    endloop
  endfacet
  facet normal 0.9415440651830196 -0.3368898533922231 2.5357482847365386e-16
    outer loop
      vertex -9.544207038368212 7.750858568775115 4.8
      vertex -9.544207038368212 7.750858568775117 7.16
      vertex -9.58966564279698 7.623810280498004 7.16
    endloop
  endfacet
  facet normal 0.970031253194546 -0.24298017990325618 3.657792410252986e-16
    outer loop
      vertex -9.511420239445558 7.881750807227824 4.8
      vertex -9.511420239445558 7.881750807227828 7.16
      vertex -9.544207038368212 7.750858568775117 7.16
    endloop
  endfacet
  facet normal 0.9891765099647823 -0.14673047445535245 6.626585131708704e-16
    outer loop
      vertex -9.49162100082573 8.015226432046855 4.8
      vertex -9.49162100082573 8.015226432046866 7.16
      vertex -9.511420239445558 7.881750807227828 7.16
    endloop
  endfacet
  facet normal 0.998795456205172 -0.049067674327425245 0
    outer loop
      vertex -9.485 8.15 4.8
      vertex -9.485 8.15 7.16
      vertex -9.49162100082573 8.015226432046866 7.16
    endloop
  endfacet
  facet normal 0.9987954562051723 0.049067674327420735 -3.693292325634656e-17
    outer loop
      vertex -9.49162100082573 8.284773567953145 4.8
      vertex -9.49162100082573 8.284773567953147 7.16
      vertex -9.485 8.15 7.16
    endloop
  endfacet
  facet normal 0.9891765099647809 0.14673047445536203 0
    outer loop
      vertex -9.511420239445558 8.418249192772176 4.8
      vertex -9.511420239445558 8.418249192772176 7.16
      vertex -9.49162100082573 8.284773567953147 7.16
    endloop
  endfacet
  facet normal 0.970031253194542 0.24298017990327167 7.301362928153053e-16
    outer loop
      vertex -9.544207038368212 8.549141431224886 4.8
      vertex -9.544207038368214 8.549141431224886 7.16
      vertex -9.511420239445558 8.418249192772176 7.16
    endloop
  endfacet
  facet normal 0.9415440651830239 0.33688985339221145 0
    outer loop
      vertex -9.58966564279698 8.676189719501998 4.8
      vertex -9.58966564279698 8.676189719501998 7.159999999999999
      vertex -9.544207038368214 8.549141431224886 7.16
    endloop
  endfacet
  facet normal 0.1467304744553601 0.9891765099647812 0
    outer loop
      vertex -10.591750807227823 9.498579760554442 4.8
      vertex -10.725226432046854 9.51837899917427 7.16
      vertex -10.591750807227823 9.498579760554442 7.16
    endloop
  endfacet
  facet normal 0.24298017990325932 0.9700312531945452 0
    outer loop
      vertex -10.460858568775114 9.465792961631788 4.8
      vertex -10.591750807227823 9.498579760554442 7.16
      vertex -10.460858568775114 9.465792961631788 7.16
    endloop
  endfacet
  facet normal 0.3368898533922231 0.9415440651830196 0
    outer loop
      vertex -10.333810280498001 9.42033435720302 4.8
      vertex -10.460858568775114 9.465792961631788 7.16
      vertex -10.333810280498001 9.42033435720302 7.16
    endloop
  endfacet
  facet normal 0.4275550934302803 0.9039892931234441 0
    outer loop
      vertex -10.211829486864252 9.362641738478988 4.8
      vertex -10.333810280498001 9.42033435720302 7.16
      vertex -10.211829486864252 9.362641738478988 7.16
    endloop
  endfacet
  facet normal -0.6167370871613507 -0.5589779129778023 0.5542373662274251
    outer loop
      vertex -11.922889373373762 7.2777092342749885 7.16
      vertex -11.832271824131501 7.177728175868498 7.16
      vertex -11.549429111656883 7.460570888343116 7.759999999999999
    endloop
  endfacet
  facet normal -0.6685567460527414 -0.4958354759238776 0.5542373662274244
    outer loop
      vertex -12.003270716916 7.386090929598048 7.16
      vertex -11.922889373373762 7.2777092342749885 7.16
      vertex -11.613685192028669 7.531466547940446 7.759999999999999
    endloop
  endfacet
  facet normal -0.28041318754431305 -0.7837023581236208 0.554237366227426
    outer loop
      vertex -11.386189719501997 6.879665642796981 7.16
      vertex -11.259141431224885 6.834207038368214 7.16
      vertex -11.233116346555962 7.249217455801496 7.759999999999999
    endloop
  endfacet
  facet normal -0.558977912977805 -0.6167370871613482 0.5542373662274254
    outer loop
      vertex -11.832271824131501 7.177728175868498 7.16
      vertex -11.732290765725011 7.087110626626237 7.16
      vertex -11.549429111656883 7.460570888343116 7.759999999999999
    endloop
  endfacet
  facet normal -0.4958354759238734 -0.6685567460527431 0.5542373662274261
    outer loop
      vertex -11.623909070401952 7.006729283084001 7.16
      vertex -11.478533452059553 7.396314807971332 7.759999999999999
      vertex -11.732290765725011 7.087110626626237 7.16
    endloop
  endfacet
  facet normal -0.4279178721855481 -0.7139378380093601 0.5542373662274257
    outer loop
      vertex -11.623909070401952 7.006729283084001 7.16
      vertex -11.508170513135745 6.9373582615210125 7.16
      vertex -11.401680977194111 7.3393171280050185 7.759999999999999
    endloop
  endfacet
  facet normal -0.35587918541438246 -0.7524433183078197 0.5542373662274251
    outer loop
      vertex -11.508170513135745 6.9373582615210125 7.16
      vertex -11.386189719501997 6.879665642796981 7.16
      vertex -11.319611818405347 7.290126767260354 7.759999999999999
    endloop
  endfacet
  facet normal -0.20224665738875988 -0.8074139158154012 0.5542373662274258
    outer loop
      vertex -11.259141431224885 6.834207038368214 7.16
      vertex -11.128249192772175 6.801420239445559 7.16
      vertex -11.1430275603231 7.216983172661097 7.759999999999999
    endloop
  endfacet
  facet normal -0.12213238136327756 -0.8233496361205377 0.5542373662274255
    outer loop
      vertex -11.128249192772175 6.801420239445559 7.16
      vertex -10.994773567953144 6.78162100082573 7.16
      vertex -11.050213063965725 7.19373435160685 7.759999999999999
    endloop
  endfacet
  facet normal -0.04084190374091721 -0.8313560493411378 0.5542373662274255
    outer loop
      vertex -10.86 6.775000000000001 7.16
      vertex -10.955566711821321 7.179694891494608 7.759999999999999
      vertex -10.994773567953144 6.78162100082573 7.16
    endloop
  endfacet
  facet normal 0.040841903740916674 -0.8313560493411378 0.5542373662274256
    outer loop
      vertex -10.86 6.775000000000001 7.16
      vertex -10.725226432046853 6.78162100082573 7.16
      vertex -10.764433288178678 7.179694891494608 7.759999999999999
    endloop
  endfacet
  facet normal -0.4958354759238761 -0.6685567460527413 0.5542373662274256
    outer loop
      vertex -11.623909070401952 7.006729283084001 7.16
      vertex -11.401680977194111 7.3393171280050185 7.759999999999999
      vertex -11.478533452059553 7.396314807971332 7.759999999999999
    endloop
  endfacet
  facet normal -0.6167370871613455 -0.558977912977809 0.5542373662274241
    outer loop
      vertex -11.922889373373762 7.2777092342749885 7.16
      vertex -11.549429111656883 7.460570888343116 7.759999999999999
      vertex -11.613685192028669 7.531466547940446 7.759999999999999
    endloop
  endfacet
  facet normal -0.5589779129777996 -0.6167370871613521 0.5542373662274263
    outer loop
      vertex -11.732290765725011 7.087110626626237 7.16
      vertex -11.478533452059553 7.396314807971332 7.759999999999999
      vertex -11.549429111656883 7.460570888343116 7.759999999999999
    endloop
  endfacet
  facet normal -0.4279178721855536 -0.7139378380093574 0.5542373662274248
    outer loop
      vertex -11.508170513135745 6.9373582615210125 7.16
      vertex -11.319611818405347 7.290126767260354 7.759999999999999
      vertex -11.401680977194111 7.3393171280050185 7.759999999999999
    endloop
  endfacet
  facet normal -0.2804131875443153 -0.7837023581236202 0.5542373662274257
    outer loop
      vertex -11.259141431224885 6.834207038368214 7.16
      vertex -11.1430275603231 7.216983172661097 7.759999999999999
      vertex -11.233116346555962 7.249217455801496 7.759999999999999
    endloop
  endfacet
  facet normal -0.35587918541437447 -0.7524433183078226 0.5542373662274261
    outer loop
      vertex -11.386189719501997 6.879665642796981 7.16
      vertex -11.233116346555962 7.249217455801496 7.759999999999999
      vertex -11.319611818405347 7.290126767260354 7.759999999999999
    endloop
  endfacet
  facet normal -0.2022466573887634 -0.8074139158154008 0.5542373662274253
    outer loop
      vertex -11.128249192772175 6.801420239445559 7.16
      vertex -11.050213063965725 7.19373435160685 7.759999999999999
      vertex -11.1430275603231 7.216983172661097 7.759999999999999
    endloop
  endfacet
  facet normal -0.12213238136327677 -0.8233496361205376 0.5542373662274255
    outer loop
      vertex -10.994773567953144 6.78162100082573 7.16
      vertex -10.955566711821321 7.179694891494608 7.759999999999999
      vertex -11.050213063965725 7.19373435160685 7.759999999999999
    endloop
  endfacet
  facet normal -0.04084190374091676 -0.8313560493411378 0.5542373662274256
    outer loop
      vertex -10.86 6.775000000000001 7.16
      vertex -10.86 7.175000000000001 7.759999999999999
      vertex -10.955566711821321 7.179694891494608 7.759999999999999
    endloop
  endfacet
  facet normal 0.04084190374091658 -0.8313560493411378 0.5542373662274256
    outer loop
      vertex -10.86 6.775000000000001 7.16
      vertex -10.764433288178678 7.179694891494608 7.759999999999999
      vertex -10.86 7.175000000000001 7.759999999999999
    endloop
  endfacet
  facet normal 0.12213238136327674 -0.8233496361205376 0.5542373662274258
    outer loop
      vertex -10.725226432046853 6.78162100082573 7.16
      vertex -10.669786936034274 7.19373435160685 7.759999999999999
      vertex -10.764433288178678 7.179694891494608 7.759999999999999
    endloop
  endfacet
  facet normal 0.12213238136327914 -0.8233496361205374 0.5542373662274255
    outer loop
      vertex -10.725226432046853 6.78162100082573 7.16
      vertex -10.591750807227823 6.801420239445559 7.16
      vertex -10.669786936034274 7.19373435160685 7.759999999999999
    endloop
  endfacet
  facet normal 0.20224665738875988 -0.8074139158154012 0.5542373662274258
    outer loop
      vertex -10.591750807227823 6.801420239445559 7.16
      vertex -10.460858568775114 6.834207038368214 7.16
      vertex -10.576972439676899 7.216983172661097 7.759999999999999
    endloop
  endfacet
  facet normal 0.28041318754431804 -0.7837023581236194 0.5542373662274253
    outer loop
      vertex -10.460858568775114 6.834207038368214 7.16
      vertex -10.333810280498001 6.879665642796982 7.16
      vertex -10.486883653444037 7.249217455801496 7.759999999999999
    endloop
  endfacet
  facet normal 0.3558791854143735 -0.7524433183078235 0.5542373662274256
    outer loop
      vertex -10.333810280498001 6.879665642796982 7.16
      vertex -10.211829486864252 6.9373582615210125 7.16
      vertex -10.400388181594652 7.290126767260354 7.759999999999999
    endloop
  endfacet
  facet normal 0.42791787218555716 -0.7139378380093551 0.5542373662274251
    outer loop
      vertex -10.211829486864252 6.9373582615210125 7.16
      vertex -10.096090929598047 7.006729283084002 7.16
      vertex -10.318319022805888 7.3393171280050185 7.759999999999999
    endloop
  endfacet
  facet normal 0.4958354759238736 -0.6685567460527434 0.5542373662274254
    outer loop
      vertex -10.241466547940446 7.396314807971332 7.759999999999999
      vertex -10.096090929598047 7.006729283084002 7.16
      vertex -9.987709234274988 7.087110626626238 7.16
    endloop
  endfacet
  facet normal 0.5589779129777993 -0.616737087161353 0.5542373662274257
    outer loop
      vertex -10.170570888343116 7.460570888343116 7.759999999999999
      vertex -9.987709234274988 7.087110626626238 7.16
      vertex -9.887728175868496 7.1777281758684985 7.16
    endloop
  endfacet
  facet normal 0.6167370871613479 -0.5589779129778047 0.554237366227426
    outer loop
      vertex -10.170570888343116 7.460570888343116 7.759999999999999
      vertex -9.887728175868496 7.1777281758684985 7.16
      vertex -9.797110626626235 7.2777092342749885 7.16
    endloop
  endfacet
  facet normal 0.6685567460527481 -0.49583547592386745 0.5542373662274254
    outer loop
      vertex -9.797110626626235 7.2777092342749885 7.16
      vertex -9.716729283084 7.386090929598049 7.16
      vertex -10.10631480797133 7.531466547940446 7.759999999999999
    endloop
  endfacet
  facet normal 0.20224665738876352 -0.8074139158154008 0.5542373662274253
    outer loop
      vertex -10.591750807227823 6.801420239445559 7.16
      vertex -10.576972439676899 7.216983172661097 7.759999999999999
      vertex -10.669786936034274 7.19373435160685 7.759999999999999
    endloop
  endfacet
  facet normal 0.28041318754431527 -0.7837023581236202 0.5542373662274257
    outer loop
      vertex -10.460858568775114 6.834207038368214 7.16
      vertex -10.486883653444037 7.249217455801496 7.759999999999999
      vertex -10.576972439676899 7.216983172661097 7.759999999999999
    endloop
  endfacet
  facet normal 0.3558791854143747 -0.7524433183078232 0.5542373662274254
    outer loop
      vertex -10.333810280498001 6.879665642796982 7.16
      vertex -10.400388181594652 7.290126767260354 7.759999999999999
      vertex -10.486883653444037 7.249217455801496 7.759999999999999
    endloop
  endfacet
  facet normal 0.42791787218555344 -0.7139378380093571 0.5542373662274258
    outer loop
      vertex -10.211829486864252 6.9373582615210125 7.16
      vertex -10.318319022805888 7.3393171280050185 7.759999999999999
      vertex -10.400388181594652 7.290126767260354 7.759999999999999
    endloop
  endfacet
  facet normal 0.49583547592387633 -0.6685567460527418 0.5542373662274249
    outer loop
      vertex -10.318319022805888 7.3393171280050185 7.759999999999999
      vertex -10.096090929598047 7.006729283084002 7.16
      vertex -10.241466547940446 7.396314807971332 7.759999999999999
    endloop
  endfacet
  facet normal 0.5589779129778001 -0.6167370871613524 0.5542373662274256
    outer loop
      vertex -10.241466547940446 7.396314807971332 7.759999999999999
      vertex -9.987709234274988 7.087110626626238 7.16
      vertex -10.170570888343116 7.460570888343116 7.759999999999999
    endloop
  endfacet
  facet normal 0.6167370871613449 -0.5589779129778086 0.5542373662274254
    outer loop
      vertex -10.170570888343116 7.460570888343116 7.759999999999999
      vertex -9.797110626626235 7.2777092342749885 7.16
      vertex -10.10631480797133 7.531466547940446 7.759999999999999
    endloop
  endfacet
  facet normal -0.7837023581236203 -0.2804131875443145 0.554237366227426
    outer loop
      vertex -12.130334357203019 7.623810280498002 7.16
      vertex -11.760782544198504 7.776883653444038 7.759999999999999
      vertex -12.175792961631787 7.750858568775115 7.159999999999999
    endloop
  endfacet
  facet normal -0.8074139158154024 -0.20224665738875472 0.5542373662274259
    outer loop
      vertex -12.175792961631787 7.750858568775115 7.159999999999999
      vertex -11.793016827338903 7.8669724396769 7.759999999999999
      vertex -12.208579760554441 7.881750807227824 7.159999999999999
    endloop
  endfacet
  facet normal -0.7139378380093582 -0.4279178721855503 0.5542373662274265
    outer loop
      vertex -12.003270716916 7.386090929598048 7.16
      vertex -11.67068287199498 7.608319022805889 7.759999999999999
      vertex -12.072641738478987 7.501829486864254 7.16
    endloop
  endfacet
  facet normal -0.7524433183078204 -0.3558791854143802 0.5542373662274254
    outer loop
      vertex -12.130334357203019 7.623810280498002 7.16
      vertex -12.072641738478987 7.501829486864254 7.16
      vertex -11.719873232739646 7.690388181594653 7.759999999999999
    endloop
  endfacet
  facet normal -0.8233496361205375 -0.12213238136327752 0.5542373662274257
    outer loop
      vertex -12.208579760554441 7.881750807227824 7.159999999999999
      vertex -11.816265648393149 7.959786936034275 7.759999999999999
      vertex -12.22837899917427 8.015226432046855 7.159999999999999
    endloop
  endfacet
  facet normal -0.8313560493411384 -0.04084190374092272 0.5542373662274243
    outer loop
      vertex -12.22837899917427 8.015226432046855 7.159999999999999
      vertex -11.830305108505392 8.054433288178679 7.759999999999999
      vertex -12.235 8.15 7.159999999999999
    endloop
  endfacet
  facet normal -0.8313560493411384 0.04084190374092272 0.5542373662274243
    outer loop
      vertex -12.235 8.15 7.159999999999999
      vertex -11.830305108505392 8.245566711821322 7.759999999999999
      vertex -12.22837899917427 8.284773567953145 7.159999999999999
    endloop
  endfacet
  facet normal -0.8233496361205375 0.12213238136327752 0.5542373662274257
    outer loop
      vertex -12.22837899917427 8.284773567953145 7.159999999999999
      vertex -11.816265648393149 8.340213063965725 7.759999999999999
      vertex -12.208579760554441 8.418249192772176 7.159999999999999
    endloop
  endfacet
  facet normal -0.7524433183078226 -0.35587918541437447 0.5542373662274261
    outer loop
      vertex -12.130334357203019 7.623810280498002 7.16
      vertex -11.719873232739646 7.690388181594653 7.759999999999999
      vertex -11.760782544198504 7.776883653444038 7.759999999999999
    endloop
  endfacet
  facet normal -0.6685567460527508 -0.4958354759238621 0.5542373662274268
    outer loop
      vertex -12.003270716916 7.386090929598048 7.16
      vertex -11.613685192028669 7.531466547940446 7.759999999999999
      vertex -11.67068287199498 7.608319022805889 7.759999999999999
    endloop
  endfacet
  facet normal -0.7139378380093538 -0.4279178721855592 0.5542373662274251
    outer loop
      vertex -12.072641738478987 7.501829486864254 7.16
      vertex -11.67068287199498 7.608319022805889 7.759999999999999
      vertex -11.719873232739646 7.690388181594653 7.759999999999999
    endloop
  endfacet
  facet normal -0.78370235812362 -0.28041318754431505 0.5542373662274259
    outer loop
      vertex -12.175792961631787 7.750858568775115 7.159999999999999
      vertex -11.760782544198504 7.776883653444038 7.759999999999999
      vertex -11.793016827338903 7.8669724396769 7.759999999999999
    endloop
  endfacet
  facet normal -0.8074139158154022 -0.20224665738875594 0.5542373662274256
    outer loop
      vertex -12.208579760554441 7.881750807227824 7.159999999999999
      vertex -11.793016827338903 7.8669724396769 7.759999999999999
      vertex -11.816265648393149 7.959786936034275 7.759999999999999
    endloop
  endfacet
  facet normal -0.8233496361205366 -0.12213238136329195 0.5542373662274238
    outer loop
      vertex -12.22837899917427 8.015226432046855 7.159999999999999
      vertex -11.816265648393149 7.959786936034275 7.759999999999999
      vertex -11.830305108505392 8.054433288178679 7.759999999999999
    endloop
  endfacet
  facet normal -0.8313560493411377 -0.04084190374090905 0.5542373662274259
    outer loop
      vertex -12.235 8.15 7.159999999999999
      vertex -11.830305108505392 8.054433288178679 7.759999999999999
      vertex -11.834999999999999 8.15 7.759999999999999
    endloop
  endfacet
  facet normal -0.8313560493411377 0.04084190374090885 0.5542373662274259
    outer loop
      vertex -12.235 8.15 7.159999999999999
      vertex -11.834999999999999 8.15 7.759999999999999
      vertex -11.830305108505392 8.245566711821322 7.759999999999999
    endloop
  endfacet
  facet normal -0.8233496361205365 0.12213238136329184 0.5542373662274237
    outer loop
      vertex -12.22837899917427 8.284773567953145 7.159999999999999
      vertex -11.830305108505392 8.245566711821322 7.759999999999999
      vertex -11.816265648393149 8.340213063965725 7.759999999999999
    endloop
  endfacet
  facet normal -0.8074139158154023 0.2022466573887561 0.5542373662274257
    outer loop
      vertex -12.208579760554441 8.418249192772176 7.159999999999999
      vertex -11.816265648393149 8.340213063965725 7.759999999999999
      vertex -11.793016827338903 8.4330275603231 7.759999999999999
    endloop
  endfacet
  facet normal -0.8074139158154024 0.20224665738875472 0.5542373662274259
    outer loop
      vertex -12.208579760554441 8.418249192772176 7.159999999999999
      vertex -11.793016827338903 8.4330275603231 7.759999999999999
      vertex -12.175792961631787 8.549141431224886 7.159999999999999
    endloop
  endfacet
  facet normal -0.7837023581236193 0.28041318754431804 0.5542373662274256
    outer loop
      vertex -12.175792961631787 8.549141431224886 7.159999999999999
      vertex -11.760782544198504 8.523116346555963 7.759999999999999
      vertex -12.130334357203019 8.676189719501998 7.159999999999999
    endloop
  endfacet
  facet normal -0.7524433183078216 0.35587918541437813 0.5542373662274251
    outer loop
      vertex -12.130334357203019 8.676189719501998 7.159999999999999
      vertex -11.719873232739646 8.609611818405348 7.759999999999999
      vertex -12.072641738478987 8.798170513135748 7.159999999999999
    endloop
  endfacet
  facet normal -0.7139378380093571 0.42791787218555283 0.5542373662274259
    outer loop
      vertex -12.072641738478987 8.798170513135748 7.159999999999999
      vertex -11.67068287199498 8.691680977194112 7.759999999999999
      vertex -12.003270716916 8.913909070401953 7.159999999999999
    endloop
  endfacet
  facet normal -0.6685567460527461 0.49583547592387006 0.5542373662274255
    outer loop
      vertex -12.003270716916 8.913909070401953 7.159999999999999
      vertex -11.613685192028669 8.768533452059554 7.759999999999999
      vertex -11.922889373373764 9.022290765725012 7.159999999999999
    endloop
  endfacet
  facet normal -0.6167370871613523 0.5589779129777988 0.554237366227427
    outer loop
      vertex -11.922889373373764 9.022290765725012 7.159999999999999
      vertex -11.549429111656883 8.839429111656884 7.759999999999999
      vertex -11.832271824131503 9.122271824131504 7.159999999999999
    endloop
  endfacet
  facet normal -0.7837023581236201 0.280413187544315 0.554237366227426
    outer loop
      vertex -12.175792961631787 8.549141431224886 7.159999999999999
      vertex -11.793016827338903 8.4330275603231 7.759999999999999
      vertex -11.760782544198504 8.523116346555963 7.759999999999999
    endloop
  endfacet
  facet normal -0.7524433183078229 0.3558791854143745 0.5542373662274254
    outer loop
      vertex -12.130334357203019 8.676189719501998 7.159999999999999
      vertex -11.760782544198504 8.523116346555963 7.759999999999999
      vertex -11.719873232739646 8.609611818405348 7.759999999999999
    endloop
  endfacet
  facet normal -0.7139378380093541 0.4279178721855591 0.5542373662274251
    outer loop
      vertex -12.072641738478987 8.798170513135748 7.159999999999999
      vertex -11.719873232739646 8.609611818405348 7.759999999999999
      vertex -11.67068287199498 8.691680977194112 7.759999999999999
    endloop
  endfacet
  facet normal -0.6685567460527486 0.4958354759238658 0.5542373662274263
    outer loop
      vertex -12.003270716916 8.913909070401953 7.159999999999999
      vertex -11.67068287199498 8.691680977194112 7.759999999999999
      vertex -11.613685192028669 8.768533452059554 7.759999999999999
    endloop
  endfacet
  facet normal -0.5589779129778014 0.6167370871613498 0.554237366227427
    outer loop
      vertex -11.832271824131503 9.122271824131504 7.159999999999999
      vertex -11.549429111656883 8.839429111656884 7.759999999999999
      vertex -11.732290765725011 9.212889373373764 7.16
    endloop
  endfacet
  facet normal -0.49583547592386984 0.6685567460527457 0.554237366227426
    outer loop
      vertex -11.732290765725011 9.212889373373764 7.16
      vertex -11.478533452059553 8.90368519202867 7.759999999999999
      vertex -11.623909070401952 9.293270716916 7.16
    endloop
  endfacet
  facet normal -0.42791787218555266 0.7139378380093567 0.5542373662274265
    outer loop
      vertex -11.623909070401952 9.293270716916 7.16
      vertex -11.401680977194111 8.960682871994981 7.759999999999999
      vertex -11.508170513135747 9.362641738478988 7.16
    endloop
  endfacet
  facet normal -0.3558791854143781 0.7524433183078213 0.5542373662274256
    outer loop
      vertex -11.319611818405347 9.009873232739647 7.759999999999999
      vertex -11.386189719501997 9.42033435720302 7.16
      vertex -11.508170513135747 9.362641738478988 7.16
    endloop
  endfacet
  facet normal -0.28041318754431777 0.783702358123619 0.5542373662274261
    outer loop
      vertex -11.233116346555962 9.050782544198505 7.759999999999999
      vertex -11.259141431224885 9.465792961631788 7.16
      vertex -11.386189719501997 9.42033435720302 7.16
    endloop
  endfacet
  facet normal -0.20224665738875475 0.807413915815402 0.5542373662274265
    outer loop
      vertex -11.1430275603231 9.083016827338904 7.759999999999999
      vertex -11.128249192772175 9.498579760554442 7.16
      vertex -11.259141431224885 9.465792961631788 7.16
    endloop
  endfacet
  facet normal -0.6167370871613448 0.5589779129778087 0.5542373662274254
    outer loop
      vertex -11.922889373373764 9.022290765725012 7.159999999999999
      vertex -11.613685192028669 8.768533452059554 7.759999999999999
      vertex -11.549429111656883 8.839429111656884 7.759999999999999
    endloop
  endfacet
  facet normal -0.5589779129778082 0.6167370871613448 0.554237366227426
    outer loop
      vertex -11.732290765725011 9.212889373373764 7.16
      vertex -11.549429111656883 8.839429111656884 7.759999999999999
      vertex -11.478533452059553 8.90368519202867 7.759999999999999
    endloop
  endfacet
  facet normal -0.4958354759238656 0.6685567460527484 0.5542373662274267
    outer loop
      vertex -11.623909070401952 9.293270716916 7.16
      vertex -11.478533452059553 8.90368519202867 7.759999999999999
      vertex -11.401680977194111 8.960682871994981 7.759999999999999
    endloop
  endfacet
  facet normal -0.42791787218555905 0.7139378380093537 0.5542373662274256
    outer loop
      vertex -11.401680977194111 8.960682871994981 7.759999999999999
      vertex -11.319611818405347 9.009873232739647 7.759999999999999
      vertex -11.508170513135747 9.362641738478988 7.16
    endloop
  endfacet
  facet normal -0.3558791854143743 0.7524433183078227 0.5542373662274261
    outer loop
      vertex -11.319611818405347 9.009873232739647 7.759999999999999
      vertex -11.233116346555962 9.050782544198505 7.759999999999999
      vertex -11.386189719501997 9.42033435720302 7.16
    endloop
  endfacet
  facet normal -0.280413187544315 0.7837023581236198 0.5542373662274265
    outer loop
      vertex -11.233116346555962 9.050782544198505 7.759999999999999
      vertex -11.1430275603231 9.083016827338904 7.759999999999999
      vertex -11.259141431224885 9.465792961631788 7.16
    endloop
  endfacet
  facet normal -0.2022466573887559 0.8074139158154019 0.5542373662274263
    outer loop
      vertex -11.1430275603231 9.083016827338904 7.759999999999999
      vertex -11.050213063965725 9.10626564839315 7.759999999999999
      vertex -11.128249192772175 9.498579760554442 7.16
    endloop
  endfacet
  facet normal -0.12213238136327655 0.8233496361205374 0.5542373662274257
    outer loop
      vertex -11.050213063965725 9.10626564839315 7.759999999999999
      vertex -10.955566711821321 9.120305108505391 7.759999999999999
      vertex -10.994773567953144 9.51837899917427 7.159999999999999
    endloop
  endfacet
  facet normal -0.04084190374092433 0.8313560493411374 0.5542373662274257
    outer loop
      vertex -10.955566711821321 9.120305108505391 7.759999999999999
      vertex -10.86 9.125 7.759999999999999
      vertex -10.86 9.525 7.159999999999999
    endloop
  endfacet
  facet normal 0.04084190374092433 0.8313560493411374 0.5542373662274257
    outer loop
      vertex -10.86 9.125 7.759999999999999
      vertex -10.764433288178678 9.120305108505391 7.759999999999999
      vertex -10.86 9.525 7.159999999999999
    endloop
  endfacet
  facet normal 0.12213238136327652 0.823349636120537 0.5542373662274264
    outer loop
      vertex -10.669786936034274 9.10626564839315 7.759999999999999
      vertex -10.725226432046854 9.51837899917427 7.16
      vertex -10.764433288178678 9.120305108505391 7.759999999999999
    endloop
  endfacet
  facet normal 0 0 1
    outer loop
      vertex -11.793016827338903 7.8669724396769 7.759999999999999
      vertex -11.816265648393149 8.340213063965725 7.759999999999999
      vertex -11.816265648393149 7.959786936034275 7.759999999999999
    endloop
  endfacet
  facet normal 0 0 1
    outer loop
      vertex -11.719873232739646 7.690388181594653 7.759999999999999
      vertex -11.760782544198504 8.523116346555963 7.759999999999999
      vertex -11.760782544198504 7.776883653444038 7.759999999999999
    endloop
  endfacet
  facet normal 0 0 1
    outer loop
      vertex -11.760782544198504 7.776883653444038 7.759999999999999
      vertex -11.793016827338903 8.4330275603231 7.759999999999999
      vertex -11.793016827338903 7.8669724396769 7.759999999999999
    endloop
  endfacet
  facet normal 0 0 1
    outer loop
      vertex -11.816265648393149 7.959786936034275 7.759999999999999
      vertex -11.830305108505392 8.245566711821322 7.759999999999999
      vertex -11.830305108505392 8.054433288178679 7.759999999999999
    endloop
  endfacet
  facet normal 0 0 1
    outer loop
      vertex -11.830305108505392 8.054433288178679 7.759999999999999
      vertex -11.830305108505392 8.245566711821322 7.759999999999999
      vertex -11.834999999999999 8.15 7.759999999999999
    endloop
  endfacet
  facet normal 0 0 1
    outer loop
      vertex -11.816265648393149 7.959786936034275 7.759999999999999
      vertex -11.816265648393149 8.340213063965725 7.759999999999999
      vertex -11.830305108505392 8.245566711821322 7.759999999999999
    endloop
  endfacet
  facet normal 0 0 1
    outer loop
      vertex -11.793016827338903 7.8669724396769 7.759999999999999
      vertex -11.793016827338903 8.4330275603231 7.759999999999999
      vertex -11.816265648393149 8.340213063965725 7.759999999999999
    endloop
  endfacet
  facet normal 0 0 1
    outer loop
      vertex -11.760782544198504 7.776883653444038 7.759999999999999
      vertex -11.760782544198504 8.523116346555963 7.759999999999999
      vertex -11.793016827338903 8.4330275603231 7.759999999999999
    endloop
  endfacet
  facet normal 0 0 1
    outer loop
      vertex -11.719873232739646 7.690388181594653 7.759999999999999
      vertex -11.719873232739646 8.609611818405348 7.759999999999999
      vertex -11.760782544198504 8.523116346555963 7.759999999999999
    endloop
  endfacet
  facet normal 0 0 1
    outer loop
      vertex -11.67068287199498 7.608319022805889 7.759999999999999
      vertex -11.613685192028669 7.531466547940446 7.759999999999999
      vertex -11.67068287199498 8.691680977194112 7.759999999999999
    endloop
  endfacet
  facet normal 0 0 1
    outer loop
      vertex -11.549429111656883 7.460570888343116 7.759999999999999
      vertex -11.613685192028669 8.768533452059554 7.759999999999999
      vertex -11.613685192028669 7.531466547940446 7.759999999999999
    endloop
  endfacet
  facet normal 0 0 1
    outer loop
      vertex -11.549429111656883 7.460570888343116 7.759999999999999
      vertex -11.478533452059553 7.396314807971332 7.759999999999999
      vertex -11.549429111656883 8.839429111656884 7.759999999999999
    endloop
  endfacet
  facet normal 0 0 1
    outer loop
      vertex -11.401680977194111 7.3393171280050185 7.759999999999999
      vertex -11.478533452059553 8.90368519202867 7.759999999999999
      vertex -11.478533452059553 7.396314807971332 7.759999999999999
    endloop
  endfacet
  facet normal 0 0 1
    outer loop
      vertex -11.401680977194111 7.3393171280050185 7.759999999999999
      vertex -11.319611818405347 7.290126767260354 7.759999999999999
      vertex -11.401680977194111 8.960682871994981 7.759999999999999
    endloop
  endfacet
  facet normal 0 0 1
    outer loop
      vertex -11.319611818405347 7.290126767260354 7.759999999999999
      vertex -11.233116346555962 7.249217455801496 7.759999999999999
      vertex -11.319611818405347 9.009873232739647 7.759999999999999
    endloop
  endfacet
  facet normal 0 0 1
    outer loop
      vertex -11.1430275603231 7.216983172661097 7.759999999999999
      vertex -11.233116346555962 9.050782544198505 7.759999999999999
      vertex -11.233116346555962 7.249217455801496 7.759999999999999
    endloop
  endfacet
  facet normal 0 0 1
    outer loop
      vertex -11.719873232739646 7.690388181594653 7.759999999999999
      vertex -11.67068287199498 7.608319022805889 7.759999999999999
      vertex -11.719873232739646 8.609611818405348 7.759999999999999
    endloop
  endfacet
  facet normal 0 0 1
    outer loop
      vertex -11.67068287199498 7.608319022805889 7.759999999999999
      vertex -11.67068287199498 8.691680977194112 7.759999999999999
      vertex -11.719873232739646 8.609611818405348 7.759999999999999
    endloop
  endfacet
  facet normal 0 0 1
    outer loop
      vertex -11.613685192028669 7.531466547940446 7.759999999999999
      vertex -11.613685192028669 8.768533452059554 7.759999999999999
      vertex -11.67068287199498 8.691680977194112 7.759999999999999
    endloop
  endfacet
  facet normal 0 0 1
    outer loop
      vertex -11.549429111656883 7.460570888343116 7.759999999999999
      vertex -11.549429111656883 8.839429111656884 7.759999999999999
      vertex -11.613685192028669 8.768533452059554 7.759999999999999
    endloop
  endfacet
  facet normal 0 0 1
    outer loop
      vertex -11.478533452059553 7.396314807971332 7.759999999999999
      vertex -11.478533452059553 8.90368519202867 7.759999999999999
      vertex -11.549429111656883 8.839429111656884 7.759999999999999
    endloop
  endfacet
  facet normal 0 0 1
    outer loop
      vertex -11.401680977194111 7.3393171280050185 7.759999999999999
      vertex -11.401680977194111 8.960682871994981 7.759999999999999
      vertex -11.478533452059553 8.90368519202867 7.759999999999999
    endloop
  endfacet
  facet normal 0 0 1
    outer loop
      vertex -11.1430275603231 7.216983172661097 7.759999999999999
      vertex -11.050213063965725 7.19373435160685 7.759999999999999
      vertex -11.1430275603231 9.083016827338904 7.759999999999999
    endloop
  endfacet
  facet normal 0 0 1
    outer loop
      vertex -11.050213063965725 7.19373435160685 7.759999999999999
      vertex -10.955566711821321 7.179694891494608 7.759999999999999
      vertex -11.050213063965725 9.10626564839315 7.759999999999999
    endloop
  endfacet
  facet normal 0 0 1
    outer loop
      vertex -10.955566711821321 7.179694891494608 7.759999999999999
      vertex -10.86 7.175000000000001 7.759999999999999
      vertex -10.955566711821321 9.120305108505391 7.759999999999999
    endloop
  endfacet
  facet normal 0 0 1
    outer loop
      vertex -10.86 7.175000000000001 7.759999999999999
      vertex -10.764433288178678 7.179694891494608 7.759999999999999
      vertex -10.86 9.125 7.759999999999999
    endloop
  endfacet
  facet normal 0 0 1
    outer loop
      vertex -10.764433288178678 7.179694891494608 7.759999999999999
      vertex -10.669786936034274 7.19373435160685 7.759999999999999
      vertex -10.764433288178678 9.120305108505391 7.759999999999999
    endloop
  endfacet
  facet normal 0 0 1
    outer loop
      vertex -11.319611818405347 7.290126767260354 7.759999999999999
      vertex -11.319611818405347 9.009873232739647 7.759999999999999
      vertex -11.401680977194111 8.960682871994981 7.759999999999999
    endloop
  endfacet
  facet normal 0 0 1
    outer loop
      vertex -11.233116346555962 7.249217455801496 7.759999999999999
      vertex -11.233116346555962 9.050782544198505 7.759999999999999
      vertex -11.319611818405347 9.009873232739647 7.759999999999999
    endloop
  endfacet
  facet normal 0 0 1
    outer loop
      vertex -11.1430275603231 7.216983172661097 7.759999999999999
      vertex -11.1430275603231 9.083016827338904 7.759999999999999
      vertex -11.233116346555962 9.050782544198505 7.759999999999999
    endloop
  endfacet
  facet normal 0 0 1
    outer loop
      vertex -11.050213063965725 7.19373435160685 7.759999999999999
      vertex -11.050213063965725 9.10626564839315 7.759999999999999
      vertex -11.1430275603231 9.083016827338904 7.759999999999999
    endloop
  endfacet
  facet normal 0 0 1
    outer loop
      vertex -10.955566711821321 7.179694891494608 7.759999999999999
      vertex -10.955566711821321 9.120305108505391 7.759999999999999
      vertex -11.050213063965725 9.10626564839315 7.759999999999999
    endloop
  endfacet
  facet normal 0 0 1
    outer loop
      vertex -10.86 7.175000000000001 7.759999999999999
      vertex -10.86 9.125 7.759999999999999
      vertex -10.955566711821321 9.120305108505391 7.759999999999999
    endloop
  endfacet
  facet normal 0 0 1
    outer loop
      vertex -10.764433288178678 7.179694891494608 7.759999999999999
      vertex -10.764433288178678 9.120305108505391 7.759999999999999
      vertex -10.86 9.125 7.759999999999999
    endloop
  endfacet
  facet normal 0 0 1
    outer loop
      vertex -10.669786936034274 7.19373435160685 7.759999999999999
      vertex -10.669786936034274 9.10626564839315 7.759999999999999
      vertex -10.764433288178678 9.120305108505391 7.759999999999999
    endloop
  endfacet
  facet normal -0.12213238136327391 0.8233496361205376 0.5542373662274261
    outer loop
      vertex -11.050213063965725 9.10626564839315 7.759999999999999
      vertex -10.994773567953144 9.51837899917427 7.159999999999999
      vertex -11.128249192772175 9.498579760554442 7.16
    endloop
  endfacet
  facet normal -0.040841903740922746 0.8313560493411372 0.5542373662274259
    outer loop
      vertex -10.955566711821321 9.120305108505391 7.759999999999999
      vertex -10.86 9.525 7.159999999999999
      vertex -10.994773567953144 9.51837899917427 7.159999999999999
    endloop
  endfacet
  facet normal 0.04084190374091898 0.831356049341137 0.5542373662274264
    outer loop
      vertex -10.764433288178678 9.120305108505391 7.759999999999999
      vertex -10.725226432046854 9.51837899917427 7.16
      vertex -10.86 9.525 7.159999999999999
    endloop
  endfacet
  facet normal 0.7139378380093585 -0.42791787218555044 0.554237366227426
    outer loop
      vertex -9.716729283084 7.386090929598049 7.16
      vertex -9.647358261521012 7.5018294868642545 7.16
      vertex -10.049317128005018 7.608319022805889 7.759999999999999
    endloop
  endfacet
  facet normal 0.7524433183078216 -0.3558791854143782 0.5542373662274249
    outer loop
      vertex -9.647358261521012 7.5018294868642545 7.16
      vertex -9.58966564279698 7.623810280498004 7.16
      vertex -10.000126767260353 7.690388181594653 7.759999999999999
    endloop
  endfacet
  facet normal 0.7837023581236193 -0.280413187544318 0.5542373662274255
    outer loop
      vertex -9.58966564279698 7.623810280498004 7.16
      vertex -9.544207038368212 7.750858568775117 7.16
      vertex -9.959217455801495 7.776883653444038 7.759999999999999
    endloop
  endfacet
  facet normal 0.8074139158154031 -0.20224665738875217 0.554237366227426
    outer loop
      vertex -9.544207038368212 7.750858568775117 7.16
      vertex -9.511420239445558 7.881750807227828 7.16
      vertex -9.926983172661096 7.8669724396769 7.759999999999999
    endloop
  endfacet
  facet normal 0.8233496361205384 -0.12213238136327116 0.5542373662274256
    outer loop
      vertex -9.511420239445558 7.881750807227828 7.16
      vertex -9.49162100082573 8.015226432046866 7.16
      vertex -9.90373435160685 7.959786936034275 7.759999999999999
    endloop
  endfacet
  facet normal 0.8313560493411382 -0.04084190374092593 0.5542373662274244
    outer loop
      vertex -9.49162100082573 8.015226432046866 7.16
      vertex -9.485 8.15 7.16
      vertex -9.889694891494607 8.054433288178679 7.759999999999999
    endloop
  endfacet
  facet normal 0.831356049341138 0.04084190374092216 0.5542373662274249
    outer loop
      vertex -9.485 8.15 7.16
      vertex -9.49162100082573 8.284773567953147 7.16
      vertex -9.889694891494607 8.245566711821322 7.759999999999999
    endloop
  endfacet
  facet normal 0.8233496361205368 0.12213238136327906 0.5542373662274264
    outer loop
      vertex -9.49162100082573 8.284773567953147 7.16
      vertex -9.511420239445558 8.418249192772176 7.16
      vertex -9.90373435160685 8.340213063965725 7.759999999999999
    endloop
  endfacet
  facet normal 0.6685567460527513 -0.4958354759238621 0.5542373662274264
    outer loop
      vertex -9.716729283084 7.386090929598049 7.16
      vertex -10.049317128005018 7.608319022805889 7.759999999999999
      vertex -10.10631480797133 7.531466547940446 7.759999999999999
    endloop
  endfacet
  facet normal 0.7139378380093541 -0.4279178721855594 0.5542373662274247
    outer loop
      vertex -9.647358261521012 7.5018294868642545 7.16
      vertex -10.000126767260353 7.690388181594653 7.759999999999999
      vertex -10.049317128005018 7.608319022805889 7.759999999999999
    endloop
  endfacet
  facet normal 0.7524433183078232 -0.35587918541437435 0.5542373662274256
    outer loop
      vertex -9.58966564279698 7.623810280498004 7.16
      vertex -9.959217455801495 7.776883653444038 7.759999999999999
      vertex -10.000126767260353 7.690388181594653 7.759999999999999
    endloop
  endfacet
  facet normal 0.78370235812362 -0.28041318754431527 0.5542373662274259
    outer loop
      vertex -9.544207038368212 7.750858568775117 7.16
      vertex -9.926983172661096 7.8669724396769 7.759999999999999
      vertex -9.959217455801495 7.776883653444038 7.759999999999999
    endloop
  endfacet
  facet normal 0.8074139158154026 -0.2022466573887559 0.5542373662274255
    outer loop
      vertex -9.511420239445558 7.881750807227828 7.16
      vertex -9.90373435160685 7.959786936034275 7.759999999999999
      vertex -9.926983172661096 7.8669724396769 7.759999999999999
    endloop
  endfacet
  facet normal 0.8233496361205372 -0.12213238136329206 0.5542373662274229
    outer loop
      vertex -9.49162100082573 8.015226432046866 7.16
      vertex -9.889694891494607 8.054433288178679 7.759999999999999
      vertex -9.90373435160685 7.959786936034275 7.759999999999999
    endloop
  endfacet
  facet normal 0.8313560493411375 -0.040841903740908916 0.5542373662274266
    outer loop
      vertex -9.485 8.15 7.16
      vertex -9.885 8.15 7.759999999999999
      vertex -9.889694891494607 8.054433288178679 7.759999999999999
    endloop
  endfacet
  facet normal 0.8313560493411375 0.040841903740909014 0.5542373662274266
    outer loop
      vertex -9.485 8.15 7.16
      vertex -9.889694891494607 8.245566711821322 7.759999999999999
      vertex -9.885 8.15 7.759999999999999
    endloop
  endfacet
  facet normal 0.823349636120536 0.12213238136329192 0.5542373662274246
    outer loop
      vertex -9.49162100082573 8.284773567953147 7.16
      vertex -9.90373435160685 8.340213063965725 7.759999999999999
      vertex -9.889694891494607 8.245566711821322 7.759999999999999
    endloop
  endfacet
  facet normal 0.8074139158154019 0.20224665738875597 0.5542373662274263
    outer loop
      vertex -9.511420239445558 8.418249192772176 7.16
      vertex -9.926983172661096 8.4330275603231 7.759999999999999
      vertex -9.90373435160685 8.340213063965725 7.759999999999999
    endloop
  endfacet
  facet normal 0.2022466573887547 0.8074139158154021 0.5542373662274266
    outer loop
      vertex -10.576972439676899 9.083016827338904 7.759999999999999
      vertex -10.460858568775114 9.465792961631788 7.16
      vertex -10.591750807227823 9.498579760554442 7.16
    endloop
  endfacet
  facet normal 0.28041318754431793 0.7837023581236189 0.554237366227426
    outer loop
      vertex -10.486883653444037 9.050782544198505 7.759999999999999
      vertex -10.333810280498001 9.42033435720302 7.16
      vertex -10.460858568775114 9.465792961631788 7.16
    endloop
  endfacet
  facet normal 0.355879185414378 0.7524433183078213 0.5542373662274256
    outer loop
      vertex -10.400388181594652 9.009873232739647 7.759999999999999
      vertex -10.211829486864252 9.362641738478988 7.16
      vertex -10.333810280498001 9.42033435720302 7.16
    endloop
  endfacet
  facet normal 0.4279178721855527 0.7139378380093567 0.5542373662274266
    outer loop
      vertex -10.318319022805888 8.960682871994981 7.759999999999999
      vertex -10.096090929598047 9.293270716916 7.16
      vertex -10.211829486864252 9.362641738478988 7.16
    endloop
  endfacet
  facet normal 0.8074139158154006 0.2022466573887652 0.554237366227425
    outer loop
      vertex -9.511420239445558 8.418249192772176 7.16
      vertex -9.544207038368214 8.549141431224886 7.16
      vertex -9.926983172661096 8.4330275603231 7.759999999999999
    endloop
  endfacet
  facet normal 0.7837023581236217 0.28041318754431177 0.5542373662274254
    outer loop
      vertex -9.544207038368214 8.549141431224886 7.16
      vertex -9.58966564279698 8.676189719501998 7.159999999999999
      vertex -9.959217455801495 8.523116346555963 7.759999999999999
    endloop
  endfacet
  facet normal 0.7524433183078216 0.35587918541437813 0.5542373662274251
    outer loop
      vertex -9.647358261521012 8.798170513135748 7.159999999999999
      vertex -10.000126767260353 8.609611818405348 7.759999999999999
      vertex -9.58966564279698 8.676189719501998 7.159999999999999
    endloop
  endfacet
  facet normal 0.7139378380093571 0.42791787218555283 0.5542373662274259
    outer loop
      vertex -9.647358261521012 8.798170513135748 7.159999999999999
      vertex -9.716729283084 8.913909070401953 7.159999999999999
      vertex -10.049317128005018 8.691680977194112 7.759999999999999
    endloop
  endfacet
  facet normal 0.5589779129778015 0.6167370871613498 0.554237366227427
    outer loop
      vertex -10.170570888343116 8.839429111656884 7.759999999999999
      vertex -9.887728175868496 9.122271824131504 7.159999999999999
      vertex -9.987709234274988 9.212889373373764 7.16
    endloop
  endfacet
  facet normal 0.6167370871613522 0.5589779129777988 0.554237366227427
    outer loop
      vertex -10.170570888343116 8.839429111656884 7.759999999999999
      vertex -9.797110626626235 9.022290765725012 7.159999999999999
      vertex -9.887728175868496 9.122271824131504 7.159999999999999
    endloop
  endfacet
  facet normal 0.6685567460527461 0.49583547592387 0.5542373662274254
    outer loop
      vertex -10.10631480797133 8.768533452059554 7.759999999999999
      vertex -9.716729283084 8.913909070401953 7.159999999999999
      vertex -9.797110626626235 9.022290765725012 7.159999999999999
    endloop
  endfacet
  facet normal 0.4958354759238699 0.6685567460527456 0.5542373662274259
    outer loop
      vertex -10.241466547940446 8.90368519202867 7.759999999999999
      vertex -9.987709234274988 9.212889373373764 7.16
      vertex -10.096090929598047 9.293270716916 7.16
    endloop
  endfacet
  facet normal 0.2022466573887559 0.8074139158154019 0.5542373662274263
    outer loop
      vertex -10.669786936034274 9.10626564839315 7.759999999999999
      vertex -10.576972439676899 9.083016827338904 7.759999999999999
      vertex -10.591750807227823 9.498579760554442 7.16
    endloop
  endfacet
  facet normal 0.280413187544315 0.7837023581236198 0.5542373662274265
    outer loop
      vertex -10.576972439676899 9.083016827338904 7.759999999999999
      vertex -10.486883653444037 9.050782544198505 7.759999999999999
      vertex -10.460858568775114 9.465792961631788 7.16
    endloop
  endfacet
  facet normal 0.3558791854143743 0.7524433183078227 0.5542373662274261
    outer loop
      vertex -10.486883653444037 9.050782544198505 7.759999999999999
      vertex -10.400388181594652 9.009873232739647 7.759999999999999
      vertex -10.333810280498001 9.42033435720302 7.16
    endloop
  endfacet
  facet normal 0.42791787218555905 0.7139378380093537 0.5542373662274256
    outer loop
      vertex -10.400388181594652 9.009873232739647 7.759999999999999
      vertex -10.318319022805888 8.960682871994981 7.759999999999999
      vertex -10.211829486864252 9.362641738478988 7.16
    endloop
  endfacet
  facet normal 0.5589779129778083 0.6167370871613446 0.5542373662274258
    outer loop
      vertex -10.170570888343116 8.839429111656884 7.759999999999999
      vertex -9.987709234274988 9.212889373373764 7.16
      vertex -10.241466547940446 8.90368519202867 7.759999999999999
    endloop
  endfacet
  facet normal 0.4958354759238657 0.6685567460527483 0.5542373662274266
    outer loop
      vertex -10.318319022805888 8.960682871994981 7.759999999999999
      vertex -10.241466547940446 8.90368519202867 7.759999999999999
      vertex -10.096090929598047 9.293270716916 7.16
    endloop
  endfacet
  facet normal 0.6167370871613448 0.5589779129778086 0.5542373662274253
    outer loop
      vertex -10.10631480797133 8.768533452059554 7.759999999999999
      vertex -9.797110626626235 9.022290765725012 7.159999999999999
      vertex -10.170570888343116 8.839429111656884 7.759999999999999
    endloop
  endfacet
  facet normal 0.713937838009354 0.4279178721855592 0.554237366227425
    outer loop
      vertex -9.647358261521012 8.798170513135748 7.159999999999999
      vertex -10.049317128005018 8.691680977194112 7.759999999999999
      vertex -10.000126767260353 8.609611818405348 7.759999999999999
    endloop
  endfacet
  facet normal 0.6685567460527486 0.4958354759238659 0.554237366227426
    outer loop
      vertex -10.10631480797133 8.768533452059554 7.759999999999999
      vertex -10.049317128005018 8.691680977194112 7.759999999999999
      vertex -9.716729283084 8.913909070401953 7.159999999999999
    endloop
  endfacet
  facet normal 0.7837023581236208 0.2804131875443152 0.5542373662274249
    outer loop
      vertex -9.544207038368214 8.549141431224886 7.16
      vertex -9.959217455801495 8.523116346555963 7.759999999999999
      vertex -9.926983172661096 8.4330275603231 7.759999999999999
    endloop
  endfacet
  facet normal 0.7524433183078229 0.35587918541437447 0.5542373662274255
    outer loop
      vertex -9.58966564279698 8.676189719501998 7.159999999999999
      vertex -10.000126767260353 8.609611818405348 7.759999999999999
      vertex -9.959217455801495 8.523116346555963 7.759999999999999
    endloop
  endfacet
  facet normal 0 0 1
    outer loop
      vertex -10.669786936034274 7.19373435160685 7.759999999999999
      vertex -10.576972439676899 7.216983172661097 7.759999999999999
      vertex -10.669786936034274 9.10626564839315 7.759999999999999
    endloop
  endfacet
  facet normal 0 0 1
    outer loop
      vertex -10.576972439676899 7.216983172661097 7.759999999999999
      vertex -10.486883653444037 7.249217455801496 7.759999999999999
      vertex -10.576972439676899 9.083016827338904 7.759999999999999
    endloop
  endfacet
  facet normal 0 0 1
    outer loop
      vertex -10.486883653444037 7.249217455801496 7.759999999999999
      vertex -10.400388181594652 7.290126767260354 7.759999999999999
      vertex -10.486883653444037 9.050782544198505 7.759999999999999
    endloop
  endfacet
  facet normal 0 0 1
    outer loop
      vertex -10.400388181594652 7.290126767260354 7.759999999999999
      vertex -10.318319022805888 7.3393171280050185 7.759999999999999
      vertex -10.400388181594652 9.009873232739647 7.759999999999999
    endloop
  endfacet
  facet normal 0 0 1
    outer loop
      vertex -10.318319022805888 7.3393171280050185 7.759999999999999
      vertex -10.241466547940446 7.396314807971332 7.759999999999999
      vertex -10.318319022805888 8.960682871994981 7.759999999999999
    endloop
  endfacet
  facet normal 0 0 1
    outer loop
      vertex -10.241466547940446 7.396314807971332 7.759999999999999
      vertex -10.170570888343116 7.460570888343116 7.759999999999999
      vertex -10.241466547940446 8.90368519202867 7.759999999999999
    endloop
  endfacet
  facet normal 0 0 1
    outer loop
      vertex -10.170570888343116 7.460570888343116 7.759999999999999
      vertex -10.10631480797133 7.531466547940446 7.759999999999999
      vertex -10.170570888343116 8.839429111656884 7.759999999999999
    endloop
  endfacet
  facet normal 0 0 1
    outer loop
      vertex -10.170570888343116 7.460570888343116 7.759999999999999
      vertex -10.170570888343116 8.839429111656884 7.759999999999999
      vertex -10.241466547940446 8.90368519202867 7.759999999999999
    endloop
  endfacet
  facet normal 0 0 1
    outer loop
      vertex -10.10631480797133 7.531466547940446 7.759999999999999
      vertex -10.049317128005018 7.608319022805889 7.759999999999999
      vertex -10.10631480797133 8.768533452059554 7.759999999999999
    endloop
  endfacet
  facet normal 0 0 1
    outer loop
      vertex -10.049317128005018 7.608319022805889 7.759999999999999
      vertex -10.000126767260353 7.690388181594653 7.759999999999999
      vertex -10.049317128005018 8.691680977194112 7.759999999999999
    endloop
  endfacet
  facet normal 0 0 1
    outer loop
      vertex -10.000126767260353 7.690388181594653 7.759999999999999
      vertex -9.959217455801495 7.776883653444038 7.759999999999999
      vertex -10.000126767260353 8.609611818405348 7.759999999999999
    endloop
  endfacet
  facet normal 0 0 1
    outer loop
      vertex -9.959217455801495 7.776883653444038 7.759999999999999
      vertex -9.926983172661096 7.8669724396769 7.759999999999999
      vertex -9.959217455801495 8.523116346555963 7.759999999999999
    endloop
  endfacet
  facet normal 0 0 1
    outer loop
      vertex -9.926983172661096 7.8669724396769 7.759999999999999
      vertex -9.90373435160685 7.959786936034275 7.759999999999999
      vertex -9.926983172661096 8.4330275603231 7.759999999999999
    endloop
  endfacet
  facet normal 0 0 1
    outer loop
      vertex -9.90373435160685 7.959786936034275 7.759999999999999
      vertex -9.889694891494607 8.054433288178679 7.759999999999999
      vertex -9.90373435160685 8.340213063965725 7.759999999999999
    endloop
  endfacet
  facet normal 0 0 1
    outer loop
      vertex -9.889694891494607 8.054433288178679 7.759999999999999
      vertex -9.885 8.15 7.759999999999999
      vertex -9.889694891494607 8.245566711821322 7.759999999999999
    endloop
  endfacet
  facet normal 0 0 1
    outer loop
      vertex -10.10631480797133 8.768533452059554 7.759999999999999
      vertex -10.049317128005018 7.608319022805889 7.759999999999999
      vertex -10.049317128005018 8.691680977194112 7.759999999999999
    endloop
  endfacet
  facet normal 0 0 1
    outer loop
      vertex -10.10631480797133 7.531466547940446 7.759999999999999
      vertex -10.10631480797133 8.768533452059554 7.759999999999999
      vertex -10.170570888343116 8.839429111656884 7.759999999999999
    endloop
  endfacet
  facet normal 0 0 1
    outer loop
      vertex -10.000126767260353 7.690388181594653 7.759999999999999
      vertex -10.000126767260353 8.609611818405348 7.759999999999999
      vertex -10.049317128005018 8.691680977194112 7.759999999999999
    endloop
  endfacet
  facet normal 0 0 1
    outer loop
      vertex -9.926983172661096 7.8669724396769 7.759999999999999
      vertex -9.926983172661096 8.4330275603231 7.759999999999999
      vertex -9.959217455801495 8.523116346555963 7.759999999999999
    endloop
  endfacet
  facet normal 0 0 1
    outer loop
      vertex -9.889694891494607 8.054433288178679 7.759999999999999
      vertex -9.889694891494607 8.245566711821322 7.759999999999999
      vertex -9.90373435160685 8.340213063965725 7.759999999999999
    endloop
  endfacet
  facet normal 0 0 1
    outer loop
      vertex -9.90373435160685 7.959786936034275 7.759999999999999
      vertex -9.90373435160685 8.340213063965725 7.759999999999999
      vertex -9.926983172661096 8.4330275603231 7.759999999999999
    endloop
  endfacet
  facet normal 0 0 1
    outer loop
      vertex -9.959217455801495 7.776883653444038 7.759999999999999
      vertex -9.959217455801495 8.523116346555963 7.759999999999999
      vertex -10.000126767260353 8.609611818405348 7.759999999999999
    endloop
  endfacet
  facet normal 0 0 1
    outer loop
      vertex -10.576972439676899 7.216983172661097 7.759999999999999
      vertex -10.576972439676899 9.083016827338904 7.759999999999999
      vertex -10.669786936034274 9.10626564839315 7.759999999999999
    endloop
  endfacet
  facet normal 0 0 1
    outer loop
      vertex -10.486883653444037 7.249217455801496 7.759999999999999
      vertex -10.486883653444037 9.050782544198505 7.759999999999999
      vertex -10.576972439676899 9.083016827338904 7.759999999999999
    endloop
  endfacet
  facet normal 0 0 1
    outer loop
      vertex -10.400388181594652 7.290126767260354 7.759999999999999
      vertex -10.400388181594652 9.009873232739647 7.759999999999999
      vertex -10.486883653444037 9.050782544198505 7.759999999999999
    endloop
  endfacet
  facet normal 0 0 1
    outer loop
      vertex -10.318319022805888 7.3393171280050185 7.759999999999999
      vertex -10.318319022805888 8.960682871994981 7.759999999999999
      vertex -10.400388181594652 9.009873232739647 7.759999999999999
    endloop
  endfacet
  facet normal 0 0 1
    outer loop
      vertex -10.241466547940446 7.396314807971332 7.759999999999999
      vertex -10.241466547940446 8.90368519202867 7.759999999999999
      vertex -10.318319022805888 8.960682871994981 7.759999999999999
    endloop
  endfacet
  facet normal 0.12213238136327753 0.823349636120537 0.5542373662274263
    outer loop
      vertex -10.669786936034274 9.10626564839315 7.759999999999999
      vertex -10.591750807227823 9.498579760554442 7.16
      vertex -10.725226432046854 9.51837899917427 7.16
    endloop
  endfacet
  facet normal -0.5956993044924348 -0.8032075314806437 -2.1656596291757904e-18
    outer loop
      vertex 9.480194606944071 -9.831297736063952 2
      vertex 9.651634743182365 -9.958446406758036 2
      vertex 9.651634743182365 -9.958446406758036 4.8
    endloop
  endfacet
  facet normal -0.8032075314806477 -0.5956993044924295 0
    outer loop
      vertex 9.051553593241964 -9.358365256817635 2
      vertex 9.178702263936046 -9.529805393055929 2
      vertex 9.051553593241964 -9.358365256817635 4.8
    endloop
  endfacet
  facet normal -0.7409511253549569 -0.6715589548470208 2.232982998695004e-18
    outer loop
      vertex 9.322042750919259 -9.68795724908074 2
      vertex 9.178702263936046 -9.529805393055929 4.8
      vertex 9.178702263936046 -9.529805393055929 2
    endloop
  endfacet
  facet normal -0.6715589548470162 -0.7409511253549611 0
    outer loop
      vertex 9.480194606944071 -9.831297736063952 2
      vertex 9.480194606944071 -9.831297736063952 4.8
      vertex 9.322042750919259 -9.68795724908074 2
    endloop
  endfacet
  facet normal -0.1467304744553623 -0.9891765099647809 0
    outer loop
      vertex 10.646812719783204 -10.314526780512029 2
      vertex 10.646812719783204 -10.314526780512029 4.8
      vertex 10.43567854961492 -10.283207984877027 2
    endloop
  endfacet
  facet normal -0.514102744193226 -0.8577286100002695 0
    outer loop
      vertex 9.834712097403454 -10.068178749957672 2
      vertex 9.834712097403454 -10.068178749957672 4.8
      vertex 9.651634743182365 -9.958446406758036 2
    endloop
  endfacet
  facet normal -0.4275550934302805 -0.903989293123444 -1.5506074315925563e-19
    outer loop
      vertex 9.834712097403454 -10.068178749957672 2
      vertex 10.02766353460593 -10.15943798321205 2
      vertex 10.02766353460593 -10.15943798321205 4.8
    endloop
  endfacet
  facet normal -0.3368898533922188 -0.9415440651830213 -7.305765006376511e-19
    outer loop
      vertex 10.02766353460593 -10.15943798321205 2
      vertex 10.228630826971544 -10.231345230217554 2
      vertex 10.228630826971544 -10.231345230217554 4.8
    endloop
  endfacet
  facet normal -0.24298017990326776 -0.970031253194543 -8.118087602236523e-19
    outer loop
      vertex 10.228630826971544 -10.231345230217554 2
      vertex 10.43567854961492 -10.283207984877027 2
      vertex 10.43567854961492 -10.283207984877027 4.8
    endloop
  endfacet
  facet normal -0.8577286100002695 -0.514102744193226 -2.3389924263616932e-18
    outer loop
      vertex 9.051553593241964 -9.358365256817635 2
      vertex 8.941821250042327 -9.175287902596546 4.8
      vertex 8.941821250042327 -9.175287902596546 2
    endloop
  endfacet
  facet normal -0.903989293123444 -0.4275550934302805 -1.5506074315925563e-19
    outer loop
      vertex 8.941821250042327 -9.175287902596546 2
      vertex 8.85056201678795 -8.98233646539407 4.8
      vertex 8.85056201678795 -8.98233646539407 2
    endloop
  endfacet
  facet normal -0.970031253194543 -0.24298017990326776 -8.118087602236523e-19
    outer loop
      vertex 8.778654769782445 -8.781369173028455 2
      vertex 8.726792015122973 -8.57432145038508 4.8
      vertex 8.726792015122973 -8.57432145038508 2
    endloop
  endfacet
  facet normal -0.9891765099647809 -0.1467304744553623 2.0848633384480764e-19
    outer loop
      vertex 8.726792015122973 -8.57432145038508 2
      vertex 8.69547321948797 -8.363187280216795 4.8
      vertex 8.69547321948797 -8.363187280216795 2
    endloop
  endfacet
  facet normal -0.9415440651830213 -0.3368898533922188 -7.305765006376511e-19
    outer loop
      vertex 8.85056201678795 -8.98233646539407 2
      vertex 8.778654769782445 -8.781369173028455 4.8
      vertex 8.778654769782445 -8.781369173028455 2
    endloop
  endfacet
  facet normal -0.9987954562051723 -0.04906767432741877 -1.9178475523374868e-19
    outer loop
      vertex 8.69547321948797 -8.363187280216795 2
      vertex 8.684999999999999 -8.15 4.8
      vertex 8.684999999999999 -8.15 2
    endloop
  endfacet
  facet normal -0.9987954562051724 0.04906767432741898 -1.341437173057933e-19
    outer loop
      vertex 8.684999999999999 -8.15 2
      vertex 8.69547321948797 -7.936812719783206 4.8
      vertex 8.69547321948797 -7.936812719783206 2
    endloop
  endfacet
  facet normal -0.9891765099647809 0.1467304744553623 -2.0848633384480764e-19
    outer loop
      vertex 8.69547321948797 -7.936812719783206 2
      vertex 8.726792015122973 -7.725678549614922 4.8
      vertex 8.726792015122973 -7.725678549614922 2
    endloop
  endfacet
  facet normal -0.9700312531945434 0.24298017990326576 1.123724612254956e-18
    outer loop
      vertex 8.726792015122973 -7.725678549614922 2
      vertex 8.778654769782445 -7.5186308269715445 4.8
      vertex 8.778654769782445 -7.5186308269715445 2
    endloop
  endfacet
  facet normal -0.049067674327410465 -0.9987954562051726 -3.569749987156156e-20
    outer loop
      vertex 10.646812719783204 -10.314526780512029 2
      vertex 10.86 -10.325 2
      vertex 10.86 -10.325 4.8
    endloop
  endfacet
  facet normal 0.049067674327410465 -0.9987954562051726 3.569749987156156e-20
    outer loop
      vertex 10.86 -10.325 2
      vertex 11.073187280216795 -10.314526780512029 2
      vertex 11.073187280216795 -10.314526780512029 4.8
    endloop
  endfacet
  facet normal 0.1467304744553623 -0.9891765099647809 -2.0848633384480764e-19
    outer loop
      vertex 11.073187280216795 -10.314526780512029 2
      vertex 11.284321450385079 -10.283207984877027 2
      vertex 11.284321450385079 -10.283207984877027 4.8
    endloop
  endfacet
  facet normal 0.24298017990326776 -0.970031253194543 8.118087602236523e-19
    outer loop
      vertex 11.284321450385079 -10.283207984877027 2
      vertex 11.491369173028454 -10.231345230217554 2
      vertex 11.491369173028454 -10.231345230217554 4.8
    endloop
  endfacet
  facet normal 0.3368898533922188 -0.9415440651830213 7.305765006376511e-19
    outer loop
      vertex 11.491369173028454 -10.231345230217554 2
      vertex 11.69233646539407 -10.15943798321205 2
      vertex 11.69233646539407 -10.15943798321205 4.8
    endloop
  endfacet
  facet normal 0.4275550934302805 -0.903989293123444 1.5506074315925563e-19
    outer loop
      vertex 11.69233646539407 -10.15943798321205 2
      vertex 11.885287902596545 -10.068178749957672 2
      vertex 11.885287902596545 -10.068178749957672 4.8
    endloop
  endfacet
  facet normal 0.514102744193226 -0.8577286100002695 2.3389924263616932e-18
    outer loop
      vertex 11.885287902596545 -10.068178749957672 2
      vertex 12.068365256817634 -9.958446406758036 2
      vertex 12.068365256817634 -9.958446406758036 4.8
    endloop
  endfacet
  facet normal 0.5956993044924348 -0.8032075314806437 2.1656596291757904e-18
    outer loop
      vertex 12.068365256817634 -9.958446406758036 2
      vertex 12.239805393055928 -9.831297736063952 2
      vertex 12.239805393055928 -9.831297736063952 4.8
    endloop
  endfacet
  facet normal 0.6715589548470162 -0.7409511253549611 -2.0805980453179383e-18
    outer loop
      vertex 12.239805393055928 -9.831297736063952 2
      vertex 12.39795724908074 -9.68795724908074 2
      vertex 12.39795724908074 -9.68795724908074 4.8
    endloop
  endfacet
  facet normal 0.7409511253549569 -0.6715589548470208 0
    outer loop
      vertex 12.39795724908074 -9.68795724908074 2
      vertex 12.541297736063953 -9.529805393055929 2
      vertex 12.39795724908074 -9.68795724908074 4.8
    endloop
  endfacet
  facet normal 0.8032075314806477 -0.5956993044924295 0
    outer loop
      vertex 12.541297736063953 -9.529805393055929 2
      vertex 12.668446406758035 -9.358365256817635 2
      vertex 12.541297736063953 -9.529805393055929 4.8
    endloop
  endfacet
  facet normal 0.8577286100002695 -0.514102744193226 0
    outer loop
      vertex 12.668446406758035 -9.358365256817635 2
      vertex 12.778178749957672 -9.175287902596546 2
      vertex 12.668446406758035 -9.358365256817635 4.8
    endloop
  endfacet
  facet normal -0.5956993044924348 -0.8032075314806437 0
    outer loop
      vertex 9.480194606944071 -9.831297736063952 2
      vertex 9.651634743182365 -9.958446406758036 4.8
      vertex 9.480194606944071 -9.831297736063952 4.8
    endloop
  endfacet
  facet normal -0.7409511253549569 -0.6715589548470208 0
    outer loop
      vertex 9.322042750919259 -9.68795724908074 2
      vertex 9.322042750919259 -9.68795724908074 4.8
      vertex 9.178702263936046 -9.529805393055929 4.8
    endloop
  endfacet
  facet normal -0.8032075314806477 -0.5956993044924295 0
    outer loop
      vertex 9.178702263936046 -9.529805393055929 2
      vertex 9.178702263936046 -9.529805393055929 4.8
      vertex 9.051553593241964 -9.358365256817635 4.8
    endloop
  endfacet
  facet normal -0.6715589548470162 -0.7409511253549611 0
    outer loop
      vertex 9.322042750919259 -9.68795724908074 2
      vertex 9.480194606944071 -9.831297736063952 4.8
      vertex 9.322042750919259 -9.68795724908074 4.8
    endloop
  endfacet
  facet normal -0.1467304744553623 -0.9891765099647809 0
    outer loop
      vertex 10.43567854961492 -10.283207984877027 2
      vertex 10.646812719783204 -10.314526780512029 4.8
      vertex 10.43567854961492 -10.283207984877027 4.8
    endloop
  endfacet
  facet normal -0.514102744193226 -0.8577286100002695 0
    outer loop
      vertex 9.651634743182365 -9.958446406758036 2
      vertex 9.834712097403454 -10.068178749957672 4.8
      vertex 9.651634743182365 -9.958446406758036 4.8
    endloop
  endfacet
  facet normal -0.4275550934302805 -0.903989293123444 0
    outer loop
      vertex 9.834712097403454 -10.068178749957672 2
      vertex 10.02766353460593 -10.15943798321205 4.8
      vertex 9.834712097403454 -10.068178749957672 4.8
    endloop
  endfacet
  facet normal -0.3368898533922188 -0.9415440651830213 0
    outer loop
      vertex 10.02766353460593 -10.15943798321205 2
      vertex 10.228630826971544 -10.231345230217554 4.8
      vertex 10.02766353460593 -10.15943798321205 4.8
    endloop
  endfacet
  facet normal -0.24298017990326776 -0.970031253194543 0
    outer loop
      vertex 10.228630826971544 -10.231345230217554 2
      vertex 10.43567854961492 -10.283207984877027 4.8
      vertex 10.228630826971544 -10.231345230217554 4.8
    endloop
  endfacet
  facet normal -0.8577286100002695 -0.514102744193226 0
    outer loop
      vertex 9.051553593241964 -9.358365256817635 2
      vertex 9.051553593241964 -9.358365256817635 4.8
      vertex 8.941821250042327 -9.175287902596546 4.8
    endloop
  endfacet
  facet normal -0.903989293123444 -0.4275550934302805 0
    outer loop
      vertex 8.941821250042327 -9.175287902596546 2
      vertex 8.941821250042327 -9.175287902596546 4.8
      vertex 8.85056201678795 -8.98233646539407 4.8
    endloop
  endfacet
  facet normal -0.9415440651830213 -0.3368898533922188 0
    outer loop
      vertex 8.85056201678795 -8.98233646539407 2
      vertex 8.85056201678795 -8.98233646539407 4.8
      vertex 8.778654769782445 -8.781369173028455 4.8
    endloop
  endfacet
  facet normal -0.970031253194543 -0.24298017990326776 0
    outer loop
      vertex 8.778654769782445 -8.781369173028455 2
      vertex 8.778654769782445 -8.781369173028455 4.8
      vertex 8.726792015122973 -8.57432145038508 4.8
    endloop
  endfacet
  facet normal -0.9891765099647809 -0.1467304744553623 0
    outer loop
      vertex 8.726792015122973 -8.57432145038508 2
      vertex 8.726792015122973 -8.57432145038508 4.8
      vertex 8.69547321948797 -8.363187280216795 4.8
    endloop
  endfacet
  facet normal -0.9987954562051723 -0.04906767432741877 0
    outer loop
      vertex 8.69547321948797 -8.363187280216795 2
      vertex 8.69547321948797 -8.363187280216795 4.8
      vertex 8.684999999999999 -8.15 4.8
    endloop
  endfacet
  facet normal -0.9987954562051724 0.04906767432741898 0
    outer loop
      vertex 8.684999999999999 -8.15 2
      vertex 8.684999999999999 -8.15 4.8
      vertex 8.69547321948797 -7.936812719783206 4.8
    endloop
  endfacet
  facet normal -0.9891765099647809 0.1467304744553623 0
    outer loop
      vertex 8.69547321948797 -7.936812719783206 2
      vertex 8.69547321948797 -7.936812719783206 4.8
      vertex 8.726792015122973 -7.725678549614922 4.8
    endloop
  endfacet
  facet normal -0.9700312531945434 0.24298017990326576 0
    outer loop
      vertex 8.726792015122973 -7.725678549614922 2
      vertex 8.726792015122973 -7.725678549614922 4.8
      vertex 8.778654769782445 -7.5186308269715445 4.8
    endloop
  endfacet
  facet normal -0.049067674327410465 -0.9987954562051726 0
    outer loop
      vertex 10.646812719783204 -10.314526780512029 2
      vertex 10.86 -10.325 4.8
      vertex 10.646812719783204 -10.314526780512029 4.8
    endloop
  endfacet
  facet normal 0.049067674327410465 -0.9987954562051726 0
    outer loop
      vertex 10.86 -10.325 2
      vertex 11.073187280216795 -10.314526780512029 4.8
      vertex 10.86 -10.325 4.8
    endloop
  endfacet
  facet normal 0.1467304744553623 -0.9891765099647809 0
    outer loop
      vertex 11.073187280216795 -10.314526780512029 2
      vertex 11.284321450385079 -10.283207984877027 4.8
      vertex 11.073187280216795 -10.314526780512029 4.8
    endloop
  endfacet
  facet normal 0.24298017990326776 -0.970031253194543 0
    outer loop
      vertex 11.284321450385079 -10.283207984877027 2
      vertex 11.491369173028454 -10.231345230217554 4.8
      vertex 11.284321450385079 -10.283207984877027 4.8
    endloop
  endfacet
  facet normal 0.3368898533922188 -0.9415440651830213 0
    outer loop
      vertex 11.491369173028454 -10.231345230217554 2
      vertex 11.69233646539407 -10.15943798321205 4.8
      vertex 11.491369173028454 -10.231345230217554 4.8
    endloop
  endfacet
  facet normal 0.4275550934302805 -0.903989293123444 0
    outer loop
      vertex 11.69233646539407 -10.15943798321205 2
      vertex 11.885287902596545 -10.068178749957672 4.8
      vertex 11.69233646539407 -10.15943798321205 4.8
    endloop
  endfacet
  facet normal 0.514102744193226 -0.8577286100002695 0
    outer loop
      vertex 11.885287902596545 -10.068178749957672 2
      vertex 12.068365256817634 -9.958446406758036 4.8
      vertex 11.885287902596545 -10.068178749957672 4.8
    endloop
  endfacet
  facet normal 0.5956993044924348 -0.8032075314806437 0
    outer loop
      vertex 12.068365256817634 -9.958446406758036 2
      vertex 12.239805393055928 -9.831297736063952 4.8
      vertex 12.068365256817634 -9.958446406758036 4.8
    endloop
  endfacet
  facet normal 0.6715589548470162 -0.7409511253549611 0
    outer loop
      vertex 12.239805393055928 -9.831297736063952 2
      vertex 12.39795724908074 -9.68795724908074 4.8
      vertex 12.239805393055928 -9.831297736063952 4.8
    endloop
  endfacet
  facet normal 0.7409511253549569 -0.6715589548470208 0
    outer loop
      vertex 12.541297736063953 -9.529805393055929 2
      vertex 12.541297736063953 -9.529805393055929 4.8
      vertex 12.39795724908074 -9.68795724908074 4.8
    endloop
  endfacet
  facet normal 0.8032075314806477 -0.5956993044924295 0
    outer loop
      vertex 12.668446406758035 -9.358365256817635 2
      vertex 12.668446406758035 -9.358365256817635 4.8
      vertex 12.541297736063953 -9.529805393055929 4.8
    endloop
  endfacet
  facet normal 0.8577286100002695 -0.514102744193226 0
    outer loop
      vertex 12.778178749957672 -9.175287902596546 2
      vertex 12.778178749957672 -9.175287902596546 4.8
      vertex 12.668446406758035 -9.358365256817635 4.8
    endloop
  endfacet
  facet normal 0.903989293123444 -0.4275550934302805 0
    outer loop
      vertex 12.778178749957672 -9.175287902596546 2
      vertex 12.869437983212048 -8.98233646539407 2
      vertex 12.778178749957672 -9.175287902596546 4.8
    endloop
  endfacet
  facet normal 0.9415440651830213 -0.3368898533922188 0
    outer loop
      vertex 12.869437983212048 -8.98233646539407 2
      vertex 12.941345230217554 -8.781369173028455 2
      vertex 12.869437983212048 -8.98233646539407 4.8
    endloop
  endfacet
  facet normal 0.970031253194543 -0.24298017990326776 0
    outer loop
      vertex 12.941345230217554 -8.781369173028455 2
      vertex 12.993207984877026 -8.57432145038508 2
      vertex 12.941345230217554 -8.781369173028455 4.8
    endloop
  endfacet
  facet normal 0.9891765099647809 -0.1467304744553623 0
    outer loop
      vertex 12.993207984877026 -8.57432145038508 2
      vertex 13.024526780512028 -8.363187280216795 2
      vertex 12.993207984877026 -8.57432145038508 4.8
    endloop
  endfacet
  facet normal 0.9987954562051723 -0.04906767432741877 0
    outer loop
      vertex 13.024526780512028 -8.363187280216795 2
      vertex 13.035 -8.15 2
      vertex 13.024526780512028 -8.363187280216795 4.8
    endloop
  endfacet
  facet normal 0.9987954562051724 0.04906767432741898 0
    outer loop
      vertex 13.035 -8.15 2
      vertex 13.024526780512028 -7.936812719783206 2
      vertex 13.035 -8.15 4.8
    endloop
  endfacet
  facet normal 0.9891765099647809 0.1467304744553623 2.0848633384480764e-19
    outer loop
      vertex 12.993207984877026 -7.725678549614922 2
      vertex 13.024526780512028 -7.936812719783206 4.8
      vertex 13.024526780512028 -7.936812719783206 2
    endloop
  endfacet
  facet normal 0.9700312531945434 0.24298017990326576 0
    outer loop
      vertex 12.993207984877026 -7.725678549614922 2
      vertex 12.941345230217554 -7.5186308269715445 2
      vertex 12.993207984877026 -7.725678549614922 4.8
    endloop
  endfacet
  facet normal 0.903989293123444 -0.4275550934302805 0
    outer loop
      vertex 12.869437983212048 -8.98233646539407 2
      vertex 12.869437983212048 -8.98233646539407 4.8
      vertex 12.778178749957672 -9.175287902596546 4.8
    endloop
  endfacet
  facet normal 0.9415440651830213 -0.3368898533922188 0
    outer loop
      vertex 12.941345230217554 -8.781369173028455 2
      vertex 12.941345230217554 -8.781369173028455 4.8
      vertex 12.869437983212048 -8.98233646539407 4.8
    endloop
  endfacet
  facet normal 0.970031253194543 -0.24298017990326776 0
    outer loop
      vertex 12.993207984877026 -8.57432145038508 2
      vertex 12.993207984877026 -8.57432145038508 4.8
      vertex 12.941345230217554 -8.781369173028455 4.8
    endloop
  endfacet
  facet normal 0.9891765099647809 -0.1467304744553623 0
    outer loop
      vertex 13.024526780512028 -8.363187280216795 2
      vertex 13.024526780512028 -8.363187280216795 4.8
      vertex 12.993207984877026 -8.57432145038508 4.8
    endloop
  endfacet
  facet normal 0.9987954562051723 -0.04906767432741877 0
    outer loop
      vertex 13.035 -8.15 2
      vertex 13.035 -8.15 4.8
      vertex 13.024526780512028 -8.363187280216795 4.8
    endloop
  endfacet
  facet normal 0.9987954562051724 0.04906767432741898 0
    outer loop
      vertex 13.024526780512028 -7.936812719783206 2
      vertex 13.024526780512028 -7.936812719783206 4.8
      vertex 13.035 -8.15 4.8
    endloop
  endfacet
  facet normal 0.9891765099647809 0.1467304744553623 0
    outer loop
      vertex 12.993207984877026 -7.725678549614922 2
      vertex 12.993207984877026 -7.725678549614922 4.8
      vertex 13.024526780512028 -7.936812719783206 4.8
    endloop
  endfacet
  facet normal 0.9700312531945434 0.24298017990326576 0
    outer loop
      vertex 12.941345230217554 -7.5186308269715445 2
      vertex 12.941345230217554 -7.5186308269715445 4.8
      vertex 12.993207984877026 -7.725678549614922 4.8
    endloop
  endfacet
  facet normal -0.9415440651830213 0.3368898533922188 7.305765006376511e-19
    outer loop
      vertex 8.778654769782445 -7.5186308269715445 2
      vertex 8.85056201678795 -7.31766353460593 4.8
      vertex 8.85056201678795 -7.31766353460593 2
    endloop
  endfacet
  facet normal -0.9039892931234426 0.4275550934302837 1.7530742013974197e-18
    outer loop
      vertex 8.85056201678795 -7.31766353460593 2
      vertex 8.941821250042327 -7.124712097403456 4.8
      vertex 8.941821250042327 -7.124712097403456 2
    endloop
  endfacet
  facet normal -0.8577286100002706 0.5141027441932242 2.8700516743443445e-18
    outer loop
      vertex 8.941821250042327 -7.124712097403456 2
      vertex 9.051553593241964 -6.941634743182366 4.8
      vertex 9.051553593241964 -6.941634743182366 2
    endloop
  endfacet
  facet normal -0.8032075314806477 0.5956993044924295 -2.3470143059598516e-18
    outer loop
      vertex 9.051553593241964 -6.941634743182366 2
      vertex 9.178702263936046 -6.770194606944072 4.8
      vertex 9.178702263936046 -6.770194606944072 2
    endloop
  endfacet
  facet normal -0.7409511253549569 0.6715589548470208 -2.232982998695004e-18
    outer loop
      vertex 9.178702263936046 -6.770194606944072 2
      vertex 9.322042750919259 -6.61204275091926 4.8
      vertex 9.322042750919259 -6.61204275091926 2
    endloop
  endfacet
  facet normal -0.6715589548470186 0.740951125354959 0
    outer loop
      vertex 9.322042750919259 -6.61204275091926 2
      vertex 9.322042750919259 -6.61204275091926 4.8
      vertex 9.480194606944071 -6.468702263936048 2
    endloop
  endfacet
  facet normal -0.5956993044924321 0.8032075314806458 0
    outer loop
      vertex 9.480194606944071 -6.468702263936048 2
      vertex 9.480194606944071 -6.468702263936048 4.8
      vertex 9.651634743182365 -6.341553593241965 2
    endloop
  endfacet
  facet normal -0.514102744193226 0.8577286100002695 0
    outer loop
      vertex 9.651634743182365 -6.341553593241965 2
      vertex 9.651634743182365 -6.341553593241965 4.8
      vertex 9.834712097403454 -6.231821250042328 2
    endloop
  endfacet
  facet normal -0.4275550934302805 0.903989293123444 0
    outer loop
      vertex 9.834712097403454 -6.231821250042328 2
      vertex 9.834712097403454 -6.231821250042328 4.8
      vertex 10.02766353460593 -6.1405620167879515 2
    endloop
  endfacet
  facet normal -0.3368898533922188 0.9415440651830213 0
    outer loop
      vertex 10.02766353460593 -6.1405620167879515 2
      vertex 10.02766353460593 -6.1405620167879515 4.8
      vertex 10.228630826971544 -6.068654769782446 2
    endloop
  endfacet
  facet normal -0.24298017990326776 0.970031253194543 0
    outer loop
      vertex 10.228630826971544 -6.068654769782446 2
      vertex 10.228630826971544 -6.068654769782446 4.8
      vertex 10.43567854961492 -6.016792015122974 2
    endloop
  endfacet
  facet normal -0.1467304744553623 0.9891765099647809 0
    outer loop
      vertex 10.43567854961492 -6.016792015122974 2
      vertex 10.43567854961492 -6.016792015122974 4.8
      vertex 10.646812719783204 -5.985473219487972 2
    endloop
  endfacet
  facet normal -0.04906767432741463 0.9987954562051726 0
    outer loop
      vertex 10.646812719783204 -5.985473219487972 2
      vertex 10.646812719783204 -5.985473219487972 4.8
      vertex 10.86 -5.9750000000000005 2
    endloop
  endfacet
  facet normal 0.04906767432741463 0.9987954562051726 0
    outer loop
      vertex 10.86 -5.9750000000000005 2
      vertex 10.86 -5.9750000000000005 4.8
      vertex 11.073187280216795 -5.985473219487972 2
    endloop
  endfacet
  facet normal 0.1467304744553623 0.9891765099647809 0
    outer loop
      vertex 11.073187280216795 -5.985473219487972 2
      vertex 11.073187280216795 -5.985473219487972 4.8
      vertex 11.284321450385079 -6.016792015122974 2
    endloop
  endfacet
  facet normal 0.3368898533922188 0.9415440651830213 0
    outer loop
      vertex 11.491369173028454 -6.068654769782446 2
      vertex 11.491369173028454 -6.068654769782446 4.8
      vertex 11.69233646539407 -6.1405620167879515 2
    endloop
  endfacet
  facet normal 0.24298017990326776 0.970031253194543 0
    outer loop
      vertex 11.284321450385079 -6.016792015122974 2
      vertex 11.284321450385079 -6.016792015122974 4.8
      vertex 11.491369173028454 -6.068654769782446 2
    endloop
  endfacet
  facet normal 0.8577286100002706 0.5141027441932242 0
    outer loop
      vertex 12.778178749957672 -7.124712097403456 2
      vertex 12.668446406758035 -6.941634743182366 2
      vertex 12.778178749957672 -7.124712097403456 4.8
    endloop
  endfacet
  facet normal 0.7409511253549569 0.6715589548470208 2.232982998695004e-18
    outer loop
      vertex 12.39795724908074 -6.61204275091926 2
      vertex 12.541297736063953 -6.770194606944072 4.8
      vertex 12.541297736063953 -6.770194606944072 2
    endloop
  endfacet
  facet normal 0.8032075314806477 0.5956993044924295 2.3470143059598516e-18
    outer loop
      vertex 12.541297736063953 -6.770194606944072 2
      vertex 12.668446406758035 -6.941634743182366 4.8
      vertex 12.668446406758035 -6.941634743182366 2
    endloop
  endfacet
  facet normal 0.4275550934302805 0.903989293123444 0
    outer loop
      vertex 11.69233646539407 -6.1405620167879515 2
      vertex 11.69233646539407 -6.1405620167879515 4.8
      vertex 11.885287902596545 -6.231821250042328 2
    endloop
  endfacet
  facet normal 0.514102744193226 0.8577286100002695 -2.3389924263616932e-18
    outer loop
      vertex 12.068365256817634 -6.341553593241965 2
      vertex 11.885287902596545 -6.231821250042328 2
      vertex 11.885287902596545 -6.231821250042328 4.8
    endloop
  endfacet
  facet normal 0.5956993044924321 0.8032075314806458 0
    outer loop
      vertex 12.068365256817634 -6.341553593241965 2
      vertex 12.068365256817634 -6.341553593241965 4.8
      vertex 12.239805393055928 -6.468702263936048 2
    endloop
  endfacet
  facet normal 0.6715589548470186 0.740951125354959 -7.458114997198285e-19
    outer loop
      vertex 12.39795724908074 -6.61204275091926 2
      vertex 12.239805393055928 -6.468702263936048 2
      vertex 12.239805393055928 -6.468702263936048 4.8
    endloop
  endfacet
  facet normal -0.9415440651830213 0.3368898533922188 0
    outer loop
      vertex 8.778654769782445 -7.5186308269715445 2
      vertex 8.778654769782445 -7.5186308269715445 4.8
      vertex 8.85056201678795 -7.31766353460593 4.8
    endloop
  endfacet
  facet normal -0.9039892931234426 0.4275550934302837 0
    outer loop
      vertex 8.85056201678795 -7.31766353460593 2
      vertex 8.85056201678795 -7.31766353460593 4.8
      vertex 8.941821250042327 -7.124712097403456 4.8
    endloop
  endfacet
  facet normal -0.8577286100002706 0.5141027441932242 0
    outer loop
      vertex 8.941821250042327 -7.124712097403456 2
      vertex 8.941821250042327 -7.124712097403456 4.8
      vertex 9.051553593241964 -6.941634743182366 4.8
    endloop
  endfacet
  facet normal -0.8032075314806477 0.5956993044924295 0
    outer loop
      vertex 9.051553593241964 -6.941634743182366 2
      vertex 9.051553593241964 -6.941634743182366 4.8
      vertex 9.178702263936046 -6.770194606944072 4.8
    endloop
  endfacet
  facet normal -0.7409511253549569 0.6715589548470208 0
    outer loop
      vertex 9.178702263936046 -6.770194606944072 2
      vertex 9.178702263936046 -6.770194606944072 4.8
      vertex 9.322042750919259 -6.61204275091926 4.8
    endloop
  endfacet
  facet normal -0.6715589548470186 0.740951125354959 0
    outer loop
      vertex 9.480194606944071 -6.468702263936048 2
      vertex 9.322042750919259 -6.61204275091926 4.8
      vertex 9.480194606944071 -6.468702263936048 4.8
    endloop
  endfacet
  facet normal -0.5956993044924321 0.8032075314806458 0
    outer loop
      vertex 9.651634743182365 -6.341553593241965 2
      vertex 9.480194606944071 -6.468702263936048 4.8
      vertex 9.651634743182365 -6.341553593241965 4.8
    endloop
  endfacet
  facet normal -0.514102744193226 0.8577286100002695 0
    outer loop
      vertex 9.834712097403454 -6.231821250042328 2
      vertex 9.651634743182365 -6.341553593241965 4.8
      vertex 9.834712097403454 -6.231821250042328 4.8
    endloop
  endfacet
  facet normal -0.4275550934302805 0.903989293123444 0
    outer loop
      vertex 10.02766353460593 -6.1405620167879515 2
      vertex 9.834712097403454 -6.231821250042328 4.8
      vertex 10.02766353460593 -6.1405620167879515 4.8
    endloop
  endfacet
  facet normal -0.3368898533922188 0.9415440651830213 0
    outer loop
      vertex 10.228630826971544 -6.068654769782446 2
      vertex 10.02766353460593 -6.1405620167879515 4.8
      vertex 10.228630826971544 -6.068654769782446 4.8
    endloop
  endfacet
  facet normal -0.24298017990326776 0.970031253194543 0
    outer loop
      vertex 10.43567854961492 -6.016792015122974 2
      vertex 10.228630826971544 -6.068654769782446 4.8
      vertex 10.43567854961492 -6.016792015122974 4.8
    endloop
  endfacet
  facet normal -0.1467304744553623 0.9891765099647809 0
    outer loop
      vertex 10.646812719783204 -5.985473219487972 2
      vertex 10.43567854961492 -6.016792015122974 4.8
      vertex 10.646812719783204 -5.985473219487972 4.8
    endloop
  endfacet
  facet normal -0.04906767432741463 0.9987954562051726 0
    outer loop
      vertex 10.86 -5.9750000000000005 2
      vertex 10.646812719783204 -5.985473219487972 4.8
      vertex 10.86 -5.9750000000000005 4.8
    endloop
  endfacet
  facet normal 0.04906767432741463 0.9987954562051726 0
    outer loop
      vertex 11.073187280216795 -5.985473219487972 2
      vertex 10.86 -5.9750000000000005 4.8
      vertex 11.073187280216795 -5.985473219487972 4.8
    endloop
  endfacet
  facet normal 0.3368898533922188 0.9415440651830213 0
    outer loop
      vertex 11.69233646539407 -6.1405620167879515 2
      vertex 11.491369173028454 -6.068654769782446 4.8
      vertex 11.69233646539407 -6.1405620167879515 4.8
    endloop
  endfacet
  facet normal 0.1467304744553623 0.9891765099647809 0
    outer loop
      vertex 11.284321450385079 -6.016792015122974 2
      vertex 11.073187280216795 -5.985473219487972 4.8
      vertex 11.284321450385079 -6.016792015122974 4.8
    endloop
  endfacet
  facet normal 0.24298017990326776 0.970031253194543 0
    outer loop
      vertex 11.491369173028454 -6.068654769782446 2
      vertex 11.284321450385079 -6.016792015122974 4.8
      vertex 11.491369173028454 -6.068654769782446 4.8
    endloop
  endfacet
  facet normal 0.6715589548470186 0.740951125354959 0
    outer loop
      vertex 12.39795724908074 -6.61204275091926 2
      vertex 12.239805393055928 -6.468702263936048 4.8
      vertex 12.39795724908074 -6.61204275091926 4.8
    endloop
  endfacet
  facet normal 0.7409511253549569 0.6715589548470208 0
    outer loop
      vertex 12.39795724908074 -6.61204275091926 2
      vertex 12.39795724908074 -6.61204275091926 4.8
      vertex 12.541297736063953 -6.770194606944072 4.8
    endloop
  endfacet
  facet normal 0.8032075314806477 0.5956993044924295 0
    outer loop
      vertex 12.541297736063953 -6.770194606944072 2
      vertex 12.541297736063953 -6.770194606944072 4.8
      vertex 12.668446406758035 -6.941634743182366 4.8
    endloop
  endfacet
  facet normal 0.8577286100002706 0.5141027441932242 0
    outer loop
      vertex 12.668446406758035 -6.941634743182366 2
      vertex 12.668446406758035 -6.941634743182366 4.8
      vertex 12.778178749957672 -7.124712097403456 4.8
    endloop
  endfacet
  facet normal 0.4275550934302805 0.903989293123444 0
    outer loop
      vertex 11.885287902596545 -6.231821250042328 2
      vertex 11.69233646539407 -6.1405620167879515 4.8
      vertex 11.885287902596545 -6.231821250042328 4.8
    endloop
  endfacet
  facet normal 0.5956993044924321 0.8032075314806458 0
    outer loop
      vertex 12.239805393055928 -6.468702263936048 2
      vertex 12.068365256817634 -6.341553593241965 4.8
      vertex 12.239805393055928 -6.468702263936048 4.8
    endloop
  endfacet
  facet normal 0.514102744193226 0.8577286100002695 0
    outer loop
      vertex 12.068365256817634 -6.341553593241965 2
      vertex 11.885287902596545 -6.231821250042328 4.8
      vertex 12.068365256817634 -6.341553593241965 4.8
    endloop
  endfacet
  facet normal 0.9415440651830213 0.3368898533922188 0
    outer loop
      vertex 12.941345230217554 -7.5186308269715445 2
      vertex 12.869437983212048 -7.31766353460593 2
      vertex 12.941345230217554 -7.5186308269715445 4.8
    endloop
  endfacet
  facet normal 0.9039892931234426 0.4275550934302837 0
    outer loop
      vertex 12.869437983212048 -7.31766353460593 2
      vertex 12.778178749957672 -7.124712097403456 2
      vertex 12.869437983212048 -7.31766353460593 4.8
    endloop
  endfacet
  facet normal 0.9415440651830213 0.3368898533922188 0
    outer loop
      vertex 12.869437983212048 -7.31766353460593 2
      vertex 12.869437983212048 -7.31766353460593 4.8
      vertex 12.941345230217554 -7.5186308269715445 4.8
    endloop
  endfacet
  facet normal 0.9039892931234426 0.4275550934302837 0
    outer loop
      vertex 12.778178749957672 -7.124712097403456 2
      vertex 12.778178749957672 -7.124712097403456 4.8
      vertex 12.869437983212048 -7.31766353460593 4.8
    endloop
  endfacet
  facet normal 0 0 1
    outer loop
      vertex 9.480194606944071 -9.831297736063952 4.8
      vertex 9.651634743182365 -9.958446406758036 4.8
      vertex 9.544207038368212 -8.549141431224886 4.8
    endloop
  endfacet
  facet normal 0 0 1
    outer loop
      vertex 10.02766353460593 -10.15943798321205 4.8
      vertex 10.228630826971544 -10.231345230217554 4.8
      vertex 10.096090929598047 -9.293270716916 4.8
    endloop
  endfacet
  facet normal 0 0 1
    outer loop
      vertex 9.834712097403454 -10.068178749957672 4.8
      vertex 9.716729283084 -8.913909070401953 4.8
      vertex 9.651634743182365 -9.958446406758036 4.8
    endloop
  endfacet
  facet normal 0 0 1
    outer loop
      vertex 9.834712097403454 -10.068178749957672 4.8
      vertex 9.887728175868496 -9.122271824131504 4.8
      vertex 9.797110626626235 -9.022290765725012 4.8
    endloop
  endfacet
  facet normal 0 0 1
    outer loop
      vertex 9.834712097403454 -10.068178749957672 4.8
      vertex 10.02766353460593 -10.15943798321205 4.8
      vertex 9.887728175868496 -9.122271824131504 4.8
    endloop
  endfacet
  facet normal 0 0 1
    outer loop
      vertex 10.02766353460593 -10.15943798321205 4.8
      vertex 9.987709234274988 -9.212889373373764 4.8
      vertex 9.887728175868496 -9.122271824131504 4.8
    endloop
  endfacet
  facet normal 0 0 1
    outer loop
      vertex 10.02766353460593 -10.15943798321205 4.8
      vertex 10.096090929598047 -9.293270716916 4.8
      vertex 9.987709234274988 -9.212889373373764 4.8
    endloop
  endfacet
  facet normal 0 0 1
    outer loop
      vertex 10.228630826971544 -10.231345230217554 4.8
      vertex 10.43567854961492 -10.283207984877027 4.8
      vertex 10.333810280498001 -9.42033435720302 4.8
    endloop
  endfacet
  facet normal 0 0 1
    outer loop
      vertex 10.646812719783204 -10.314526780512029 4.8
      vertex 10.591750807227823 -9.498579760554442 4.8
      vertex 10.43567854961492 -10.283207984877027 4.8
    endloop
  endfacet
  facet normal 0 0 1
    outer loop
      vertex 10.096090929598047 -9.293270716916 4.8
      vertex 10.228630826971544 -10.231345230217554 4.8
      vertex 10.211829486864252 -9.362641738478988 4.8
    endloop
  endfacet
  facet normal 0 0 1
    outer loop
      vertex 10.228630826971544 -10.231345230217554 4.8
      vertex 10.333810280498001 -9.42033435720302 4.8
      vertex 10.211829486864252 -9.362641738478988 4.8
    endloop
  endfacet
  facet normal 0 0 1
    outer loop
      vertex 10.43567854961492 -10.283207984877027 4.8
      vertex 10.460858568775114 -9.465792961631788 4.8
      vertex 10.333810280498001 -9.42033435720302 4.8
    endloop
  endfacet
  facet normal 0 0 1
    outer loop
      vertex 10.43567854961492 -10.283207984877027 4.8
      vertex 10.591750807227823 -9.498579760554442 4.8
      vertex 10.460858568775114 -9.465792961631788 4.8
    endloop
  endfacet
  facet normal 0 0 1
    outer loop
      vertex 10.646812719783204 -10.314526780512029 4.8
      vertex 10.725226432046854 -9.51837899917427 4.8
      vertex 10.591750807227823 -9.498579760554442 4.8
    endloop
  endfacet
  facet normal 0 0 1
    outer loop
      vertex 8.85056201678795 -8.98233646539407 4.8
      vertex 8.778654769782445 -7.5186308269715445 4.8
      vertex 8.778654769782445 -8.781369173028455 4.8
    endloop
  endfacet
  facet normal 0 0 1
    outer loop
      vertex 8.941821250042327 -9.175287902596546 4.8
      vertex 8.85056201678795 -7.31766353460593 4.8
      vertex 8.85056201678795 -8.98233646539407 4.8
    endloop
  endfacet
  facet normal 0 0 1
    outer loop
      vertex 9.051553593241964 -9.358365256817635 4.8
      vertex 8.941821250042327 -7.124712097403456 4.8
      vertex 8.941821250042327 -9.175287902596546 4.8
    endloop
  endfacet
  facet normal 0 0 1
    outer loop
      vertex 9.651634743182365 -9.958446406758036 4.8
      vertex 9.58966564279698 -8.676189719501998 4.8
      vertex 9.544207038368212 -8.549141431224886 4.8
    endloop
  endfacet
  facet normal 0 0 1
    outer loop
      vertex 9.480194606944071 -9.831297736063952 4.8
      vertex 9.544207038368212 -8.549141431224886 4.8
      vertex 9.511420239445558 -8.418249192772176 4.8
    endloop
  endfacet
  facet normal 0 0 1
    outer loop
      vertex 9.322042750919259 -9.68795724908074 4.8
      vertex 9.178702263936046 -6.770194606944072 4.8
      vertex 9.178702263936046 -9.529805393055929 4.8
    endloop
  endfacet
  facet normal 0 0 1
    outer loop
      vertex 9.051553593241964 -9.358365256817635 4.8
      vertex 9.178702263936046 -9.529805393055929 4.8
      vertex 9.051553593241964 -6.941634743182366 4.8
    endloop
  endfacet
  facet normal 0 0 1
    outer loop
      vertex 9.480194606944071 -9.831297736063952 4.8
      vertex 9.322042750919259 -6.61204275091926 4.8
      vertex 9.322042750919259 -9.68795724908074 4.8
    endloop
  endfacet
  facet normal 0 0 1
    outer loop
      vertex 9.480194606944071 -9.831297736063952 4.8
      vertex 9.511420239445558 -8.418249192772176 4.8
      vertex 9.49162100082573 -8.284773567953145 4.8
    endloop
  endfacet
  facet normal 0 0 1
    outer loop
      vertex 9.480194606944071 -9.831297736063952 4.8
      vertex 9.49162100082573 -8.284773567953145 4.8
      vertex 9.485 -8.15 4.8
    endloop
  endfacet
  facet normal 0 0 1
    outer loop
      vertex 8.778654769782445 -8.781369173028455 4.8
      vertex 8.726792015122973 -7.725678549614922 4.8
      vertex 8.726792015122973 -8.57432145038508 4.8
    endloop
  endfacet
  facet normal 0 0 1
    outer loop
      vertex 8.726792015122973 -8.57432145038508 4.8
      vertex 8.69547321948797 -7.936812719783206 4.8
      vertex 8.69547321948797 -8.363187280216795 4.8
    endloop
  endfacet
  facet normal 0 0 1
    outer loop
      vertex 8.69547321948797 -8.363187280216795 4.8
      vertex 8.69547321948797 -7.936812719783206 4.8
      vertex 8.684999999999999 -8.15 4.8
    endloop
  endfacet
  facet normal 0 0 1
    outer loop
      vertex 8.726792015122973 -8.57432145038508 4.8
      vertex 8.726792015122973 -7.725678549614922 4.8
      vertex 8.69547321948797 -7.936812719783206 4.8
    endloop
  endfacet
  facet normal 0 0 1
    outer loop
      vertex 8.778654769782445 -8.781369173028455 4.8
      vertex 8.778654769782445 -7.5186308269715445 4.8
      vertex 8.726792015122973 -7.725678549614922 4.8
    endloop
  endfacet
  facet normal 0 0 1
    outer loop
      vertex 8.85056201678795 -8.98233646539407 4.8
      vertex 8.85056201678795 -7.31766353460593 4.8
      vertex 8.778654769782445 -7.5186308269715445 4.8
    endloop
  endfacet
  facet normal 0 0 1
    outer loop
      vertex 8.941821250042327 -9.175287902596546 4.8
      vertex 8.941821250042327 -7.124712097403456 4.8
      vertex 8.85056201678795 -7.31766353460593 4.8
    endloop
  endfacet
  facet normal 0 0 1
    outer loop
      vertex 9.051553593241964 -9.358365256817635 4.8
      vertex 9.051553593241964 -6.941634743182366 4.8
      vertex 8.941821250042327 -7.124712097403456 4.8
    endloop
  endfacet
  facet normal 0 0 1
    outer loop
      vertex 9.480194606944071 -9.831297736063952 4.8
      vertex 9.485 -8.15 4.8
      vertex 9.480194606944071 -6.468702263936048 4.8
    endloop
  endfacet
  facet normal 0 0 1
    outer loop
      vertex 9.178702263936046 -9.529805393055929 4.8
      vertex 9.178702263936046 -6.770194606944072 4.8
      vertex 9.051553593241964 -6.941634743182366 4.8
    endloop
  endfacet
  facet normal 0 0 1
    outer loop
      vertex 9.322042750919259 -9.68795724908074 4.8
      vertex 9.322042750919259 -6.61204275091926 4.8
      vertex 9.178702263936046 -6.770194606944072 4.8
    endloop
  endfacet
  facet normal 0 0 1
    outer loop
      vertex 9.480194606944071 -9.831297736063952 4.8
      vertex 9.480194606944071 -6.468702263936048 4.8
      vertex 9.322042750919259 -6.61204275091926 4.8
    endloop
  endfacet
  facet normal 0 0 1
    outer loop
      vertex 9.485 -8.15 4.8
      vertex 9.49162100082573 -8.015226432046855 4.8
      vertex 9.480194606944071 -6.468702263936048 4.8
    endloop
  endfacet
  facet normal 0 0 1
    outer loop
      vertex 9.651634743182365 -9.958446406758036 4.8
      vertex 9.647358261521012 -8.798170513135748 4.8
      vertex 9.58966564279698 -8.676189719501998 4.8
    endloop
  endfacet
  facet normal 0 0 1
    outer loop
      vertex 9.651634743182365 -9.958446406758036 4.8
      vertex 9.716729283084 -8.913909070401953 4.8
      vertex 9.647358261521012 -8.798170513135748 4.8
    endloop
  endfacet
  facet normal 0 0 1
    outer loop
      vertex 9.834712097403454 -10.068178749957672 4.8
      vertex 9.797110626626235 -9.022290765725012 4.8
      vertex 9.716729283084 -8.913909070401953 4.8
    endloop
  endfacet
  facet normal 0 0 1
    outer loop
      vertex 10.646812719783204 -10.314526780512029 4.8
      vertex 10.86 -10.325 4.8
      vertex 10.725226432046854 -9.51837899917427 4.8
    endloop
  endfacet
  facet normal 0 0 1
    outer loop
      vertex 10.86 -10.325 4.8
      vertex 11.073187280216795 -10.314526780512029 4.8
      vertex 10.994773567953144 -9.51837899917427 4.8
    endloop
  endfacet
  facet normal 0 0 1
    outer loop
      vertex 11.073187280216795 -10.314526780512029 4.8
      vertex 11.284321450385079 -10.283207984877027 4.8
      vertex 10.994773567953144 -9.51837899917427 4.8
    endloop
  endfacet
  facet normal 0 0 1
    outer loop
      vertex 10.86 -10.325 4.8
      vertex 10.86 -9.525 4.8
      vertex 10.725226432046854 -9.51837899917427 4.8
    endloop
  endfacet
  facet normal 0 0 1
    outer loop
      vertex 10.86 -10.325 4.8
      vertex 10.994773567953144 -9.51837899917427 4.8
      vertex 10.86 -9.525 4.8
    endloop
  endfacet
  facet normal 0 0 1
    outer loop
      vertex 10.994773567953144 -9.51837899917427 4.8
      vertex 11.284321450385079 -10.283207984877027 4.8
      vertex 11.128249192772175 -9.498579760554442 4.8
    endloop
  endfacet
  facet normal 0 0 1
    outer loop
      vertex 11.284321450385079 -10.283207984877027 4.8
      vertex 11.491369173028454 -10.231345230217554 4.8
      vertex 11.259141431224885 -9.465792961631788 4.8
    endloop
  endfacet
  facet normal 0 0 1
    outer loop
      vertex 11.491369173028454 -10.231345230217554 4.8
      vertex 11.69233646539407 -10.15943798321205 4.8
      vertex 11.386189719501997 -9.42033435720302 4.8
    endloop
  endfacet
  facet normal 0 0 1
    outer loop
      vertex 11.284321450385079 -10.283207984877027 4.8
      vertex 11.259141431224885 -9.465792961631788 4.8
      vertex 11.128249192772175 -9.498579760554442 4.8
    endloop
  endfacet
  facet normal 0 0 1
    outer loop
      vertex 11.491369173028454 -10.231345230217554 4.8
      vertex 11.386189719501997 -9.42033435720302 4.8
      vertex 11.259141431224885 -9.465792961631788 4.8
    endloop
  endfacet
  facet normal 0 0 1
    outer loop
      vertex 11.386189719501997 -9.42033435720302 4.8
      vertex 11.69233646539407 -10.15943798321205 4.8
      vertex 11.508170513135747 -9.362641738478988 4.8
    endloop
  endfacet
  facet normal 0 0 1
    outer loop
      vertex 11.508170513135747 -9.362641738478988 4.8
      vertex 11.69233646539407 -10.15943798321205 4.8
      vertex 11.623909070401952 -9.293270716916 4.8
    endloop
  endfacet
  facet normal 0 0 1
    outer loop
      vertex 11.69233646539407 -10.15943798321205 4.8
      vertex 11.885287902596545 -10.068178749957672 4.8
      vertex 11.623909070401952 -9.293270716916 4.8
    endloop
  endfacet
  facet normal 0 0 1
    outer loop
      vertex 11.885287902596545 -10.068178749957672 4.8
      vertex 12.068365256817634 -9.958446406758036 4.8
      vertex 11.832271824131503 -9.122271824131504 4.8
    endloop
  endfacet
  facet normal 0 0 1
    outer loop
      vertex 11.885287902596545 -10.068178749957672 4.8
      vertex 11.732290765725011 -9.212889373373764 4.8
      vertex 11.623909070401952 -9.293270716916 4.8
    endloop
  endfacet
  facet normal 0 0 1
    outer loop
      vertex 11.885287902596545 -10.068178749957672 4.8
      vertex 11.832271824131503 -9.122271824131504 4.8
      vertex 11.732290765725011 -9.212889373373764 4.8
    endloop
  endfacet
  facet normal 0 0 1
    outer loop
      vertex 12.068365256817634 -9.958446406758036 4.8
      vertex 11.922889373373764 -9.022290765725012 4.8
      vertex 11.832271824131503 -9.122271824131504 4.8
    endloop
  endfacet
  facet normal 0 0 1
    outer loop
      vertex 12.068365256817634 -9.958446406758036 4.8
      vertex 12.239805393055928 -9.831297736063952 4.8
      vertex 12.003270716916 -8.913909070401953 4.8
    endloop
  endfacet
  facet normal 0 0 1
    outer loop
      vertex 12.068365256817634 -9.958446406758036 4.8
      vertex 12.003270716916 -8.913909070401953 4.8
      vertex 11.922889373373764 -9.022290765725012 4.8
    endloop
  endfacet
  facet normal 0 0 1
    outer loop
      vertex 12.003270716916 -8.913909070401953 4.8
      vertex 12.239805393055928 -9.831297736063952 4.8
      vertex 12.072641738478987 -8.798170513135748 4.8
    endloop
  endfacet
  facet normal 0 0 1
    outer loop
      vertex 12.072641738478987 -8.798170513135748 4.8
      vertex 12.239805393055928 -9.831297736063952 4.8
      vertex 12.130334357203019 -8.676189719501998 4.8
    endloop
  endfacet
  facet normal 0 0 1
    outer loop
      vertex 12.239805393055928 -9.831297736063952 4.8
      vertex 12.175792961631787 -8.549141431224886 4.8
      vertex 12.130334357203019 -8.676189719501998 4.8
    endloop
  endfacet
  facet normal 0 0 1
    outer loop
      vertex 12.239805393055928 -9.831297736063952 4.8
      vertex 12.208579760554441 -8.418249192772176 4.8
      vertex 12.175792961631787 -8.549141431224886 4.8
    endloop
  endfacet
  facet normal 0 0 1
    outer loop
      vertex 12.239805393055928 -9.831297736063952 4.8
      vertex 12.22837899917427 -8.284773567953145 4.8
      vertex 12.208579760554441 -8.418249192772176 4.8
    endloop
  endfacet
  facet normal 0 0 1
    outer loop
      vertex 12.239805393055928 -9.831297736063952 4.8
      vertex 12.235 -8.15 4.8
      vertex 12.22837899917427 -8.284773567953145 4.8
    endloop
  endfacet
  facet normal 0 0 1
    outer loop
      vertex 12.239805393055928 -9.831297736063952 4.8
      vertex 12.39795724908074 -9.68795724908074 4.8
      vertex 12.239805393055928 -6.468702263936048 4.8
    endloop
  endfacet
  facet normal 0 0 1
    outer loop
      vertex 12.39795724908074 -9.68795724908074 4.8
      vertex 12.541297736063953 -9.529805393055929 4.8
      vertex 12.39795724908074 -6.61204275091926 4.8
    endloop
  endfacet
  facet normal 0 0 1
    outer loop
      vertex 12.541297736063953 -9.529805393055929 4.8
      vertex 12.668446406758035 -9.358365256817635 4.8
      vertex 12.541297736063953 -6.770194606944072 4.8
    endloop
  endfacet
  facet normal 0 0 1
    outer loop
      vertex 12.668446406758035 -9.358365256817635 4.8
      vertex 12.778178749957672 -9.175287902596546 4.8
      vertex 12.668446406758035 -6.941634743182366 4.8
    endloop
  endfacet
  facet normal 0 0 1
    outer loop
      vertex 12.239805393055928 -9.831297736063952 4.8
      vertex 12.239805393055928 -6.468702263936048 4.8
      vertex 12.235 -8.15 4.8
    endloop
  endfacet
  facet normal 0 0 1
    outer loop
      vertex 12.235 -8.15 4.8
      vertex 12.239805393055928 -6.468702263936048 4.8
      vertex 12.22837899917427 -8.015226432046855 4.8
    endloop
  endfacet
  facet normal 0 0 1
    outer loop
      vertex 12.39795724908074 -9.68795724908074 4.8
      vertex 12.39795724908074 -6.61204275091926 4.8
      vertex 12.239805393055928 -6.468702263936048 4.8
    endloop
  endfacet
  facet normal 0 0 1
    outer loop
      vertex 12.541297736063953 -9.529805393055929 4.8
      vertex 12.541297736063953 -6.770194606944072 4.8
      vertex 12.39795724908074 -6.61204275091926 4.8
    endloop
  endfacet
  facet normal 0 0 1
    outer loop
      vertex 12.778178749957672 -9.175287902596546 4.8
      vertex 12.778178749957672 -7.124712097403456 4.8
      vertex 12.668446406758035 -6.941634743182366 4.8
    endloop
  endfacet
  facet normal 0 0 1
    outer loop
      vertex 12.668446406758035 -9.358365256817635 4.8
      vertex 12.668446406758035 -6.941634743182366 4.8
      vertex 12.541297736063953 -6.770194606944072 4.8
    endloop
  endfacet
  facet normal 0 0 1
    outer loop
      vertex 12.778178749957672 -9.175287902596546 4.8
      vertex 12.869437983212048 -8.98233646539407 4.8
      vertex 12.778178749957672 -7.124712097403456 4.8
    endloop
  endfacet
  facet normal 0 0 1
    outer loop
      vertex 12.869437983212048 -8.98233646539407 4.8
      vertex 12.941345230217554 -8.781369173028455 4.8
      vertex 12.869437983212048 -7.31766353460593 4.8
    endloop
  endfacet
  facet normal 0 0 1
    outer loop
      vertex 12.941345230217554 -8.781369173028455 4.8
      vertex 12.993207984877026 -8.57432145038508 4.8
      vertex 12.941345230217554 -7.5186308269715445 4.8
    endloop
  endfacet
  facet normal 0 0 1
    outer loop
      vertex 12.993207984877026 -8.57432145038508 4.8
      vertex 13.024526780512028 -8.363187280216795 4.8
      vertex 12.993207984877026 -7.725678549614922 4.8
    endloop
  endfacet
  facet normal 0 0 1
    outer loop
      vertex 13.024526780512028 -8.363187280216795 4.8
      vertex 13.035 -8.15 4.8
      vertex 13.024526780512028 -7.936812719783206 4.8
    endloop
  endfacet
  facet normal 0 0 1
    outer loop
      vertex 13.024526780512028 -8.363187280216795 4.8
      vertex 13.024526780512028 -7.936812719783206 4.8
      vertex 12.993207984877026 -7.725678549614922 4.8
    endloop
  endfacet
  facet normal 0 0 1
    outer loop
      vertex 12.941345230217554 -8.781369173028455 4.8
      vertex 12.941345230217554 -7.5186308269715445 4.8
      vertex 12.869437983212048 -7.31766353460593 4.8
    endloop
  endfacet
  facet normal 0 0 1
    outer loop
      vertex 12.869437983212048 -8.98233646539407 4.8
      vertex 12.869437983212048 -7.31766353460593 4.8
      vertex 12.778178749957672 -7.124712097403456 4.8
    endloop
  endfacet
  facet normal 0 0 1
    outer loop
      vertex 12.993207984877026 -8.57432145038508 4.8
      vertex 12.993207984877026 -7.725678549614922 4.8
      vertex 12.941345230217554 -7.5186308269715445 4.8
    endloop
  endfacet
  facet normal 0 0 1
    outer loop
      vertex 9.49162100082573 -8.015226432046855 4.8
      vertex 9.511420239445558 -7.881750807227824 4.8
      vertex 9.480194606944071 -6.468702263936048 4.8
    endloop
  endfacet
  facet normal 0 0 1
    outer loop
      vertex 9.511420239445558 -7.881750807227824 4.8
      vertex 9.544207038368212 -7.750858568775115 4.8
      vertex 9.480194606944071 -6.468702263936048 4.8
    endloop
  endfacet
  facet normal 0 0 1
    outer loop
      vertex 9.544207038368212 -7.750858568775115 4.8
      vertex 9.58966564279698 -7.623810280498002 4.8
      vertex 9.480194606944071 -6.468702263936048 4.8
    endloop
  endfacet
  facet normal 0 0 1
    outer loop
      vertex 9.58966564279698 -7.623810280498002 4.8
      vertex 9.647358261521012 -7.501829486864254 4.8
      vertex 9.480194606944071 -6.468702263936048 4.8
    endloop
  endfacet
  facet normal 0 0 1
    outer loop
      vertex 9.647358261521012 -7.501829486864254 4.8
      vertex 9.716729283084 -7.386090929598048 4.8
      vertex 9.480194606944071 -6.468702263936048 4.8
    endloop
  endfacet
  facet normal 0 0 1
    outer loop
      vertex 9.716729283084 -7.386090929598048 4.8
      vertex 9.797110626626235 -7.277709234274988 4.8
      vertex 9.651634743182365 -6.341553593241965 4.8
    endloop
  endfacet
  facet normal 0 0 1
    outer loop
      vertex 9.797110626626235 -7.277709234274988 4.8
      vertex 9.887728175868496 -7.177728175868498 4.8
      vertex 9.651634743182365 -6.341553593241965 4.8
    endloop
  endfacet
  facet normal 0 0 1
    outer loop
      vertex 9.716729283084 -7.386090929598048 4.8
      vertex 9.651634743182365 -6.341553593241965 4.8
      vertex 9.480194606944071 -6.468702263936048 4.8
    endloop
  endfacet
  facet normal 0 0 1
    outer loop
      vertex 9.887728175868496 -7.177728175868498 4.8
      vertex 9.834712097403454 -6.231821250042328 4.8
      vertex 9.651634743182365 -6.341553593241965 4.8
    endloop
  endfacet
  facet normal 0 0 1
    outer loop
      vertex 9.887728175868496 -7.177728175868498 4.8
      vertex 9.987709234274988 -7.087110626626237 4.8
      vertex 9.834712097403454 -6.231821250042328 4.8
    endloop
  endfacet
  facet normal 0 0 1
    outer loop
      vertex 9.987709234274988 -7.087110626626237 4.8
      vertex 10.096090929598047 -7.006729283084001 4.8
      vertex 9.834712097403454 -6.231821250042328 4.8
    endloop
  endfacet
  facet normal 0 0 1
    outer loop
      vertex 10.096090929598047 -7.006729283084001 4.8
      vertex 10.211829486864252 -6.9373582615210125 4.8
      vertex 10.02766353460593 -6.1405620167879515 4.8
    endloop
  endfacet
  facet normal 0 0 1
    outer loop
      vertex 10.02766353460593 -6.1405620167879515 4.8
      vertex 10.211829486864252 -6.9373582615210125 4.8
      vertex 10.333810280498001 -6.879665642796981 4.8
    endloop
  endfacet
  facet normal 0 0 1
    outer loop
      vertex 10.333810280498001 -6.879665642796981 4.8
      vertex 10.460858568775114 -6.834207038368213 4.8
      vertex 10.228630826971544 -6.068654769782446 4.8
    endloop
  endfacet
  facet normal 0 0 1
    outer loop
      vertex 10.460858568775114 -6.834207038368213 4.8
      vertex 10.591750807227823 -6.801420239445559 4.8
      vertex 10.43567854961492 -6.016792015122974 4.8
    endloop
  endfacet
  facet normal 0 0 1
    outer loop
      vertex 10.096090929598047 -7.006729283084001 4.8
      vertex 10.02766353460593 -6.1405620167879515 4.8
      vertex 9.834712097403454 -6.231821250042328 4.8
    endloop
  endfacet
  facet normal 0 0 1
    outer loop
      vertex 10.02766353460593 -6.1405620167879515 4.8
      vertex 10.333810280498001 -6.879665642796981 4.8
      vertex 10.228630826971544 -6.068654769782446 4.8
    endloop
  endfacet
  facet normal 0 0 1
    outer loop
      vertex 10.460858568775114 -6.834207038368213 4.8
      vertex 10.43567854961492 -6.016792015122974 4.8
      vertex 10.228630826971544 -6.068654769782446 4.8
    endloop
  endfacet
  facet normal 0 0 1
    outer loop
      vertex 10.591750807227823 -6.801420239445559 4.8
      vertex 10.725226432046854 -6.78162100082573 4.8
      vertex 10.43567854961492 -6.016792015122974 4.8
    endloop
  endfacet
  facet normal 0 0 1
    outer loop
      vertex 10.725226432046854 -6.78162100082573 4.8
      vertex 10.646812719783204 -5.985473219487972 4.8
      vertex 10.43567854961492 -6.016792015122974 4.8
    endloop
  endfacet
  facet normal 0 0 1
    outer loop
      vertex 11.128249192772175 -6.801420239445559 4.8
      vertex 11.259141431224885 -6.834207038368213 4.8
      vertex 11.284321450385079 -6.016792015122974 4.8
    endloop
  endfacet
  facet normal 0 0 1
    outer loop
      vertex 11.259141431224885 -6.834207038368213 4.8
      vertex 11.386189719501997 -6.879665642796981 4.8
      vertex 11.284321450385079 -6.016792015122974 4.8
    endloop
  endfacet
  facet normal 0 0 1
    outer loop
      vertex 11.386189719501997 -6.879665642796981 4.8
      vertex 11.508170513135747 -6.9373582615210125 4.8
      vertex 11.491369173028454 -6.068654769782446 4.8
    endloop
  endfacet
  facet normal 0 0 1
    outer loop
      vertex 11.508170513135747 -6.9373582615210125 4.8
      vertex 11.623909070401952 -7.006729283084001 4.8
      vertex 11.491369173028454 -6.068654769782446 4.8
    endloop
  endfacet
  facet normal 0 0 1
    outer loop
      vertex 11.732290765725011 -7.087110626626237 4.8
      vertex 11.69233646539407 -6.1405620167879515 4.8
      vertex 11.623909070401952 -7.006729283084001 4.8
    endloop
  endfacet
  facet normal 0 0 1
    outer loop
      vertex 10.725226432046854 -6.78162100082573 4.8
      vertex 10.86 -6.775 4.8
      vertex 10.86 -5.9750000000000005 4.8
    endloop
  endfacet
  facet normal 0 0 1
    outer loop
      vertex 10.994773567953144 -6.78162100082573 4.8
      vertex 10.86 -5.9750000000000005 4.8
      vertex 10.86 -6.775 4.8
    endloop
  endfacet
  facet normal 0 0 1
    outer loop
      vertex 10.725226432046854 -6.78162100082573 4.8
      vertex 10.86 -5.9750000000000005 4.8
      vertex 10.646812719783204 -5.985473219487972 4.8
    endloop
  endfacet
  facet normal 0 0 1
    outer loop
      vertex 10.994773567953144 -6.78162100082573 4.8
      vertex 11.128249192772175 -6.801420239445559 4.8
      vertex 11.073187280216795 -5.985473219487972 4.8
    endloop
  endfacet
  facet normal 0 0 1
    outer loop
      vertex 10.994773567953144 -6.78162100082573 4.8
      vertex 11.073187280216795 -5.985473219487972 4.8
      vertex 10.86 -5.9750000000000005 4.8
    endloop
  endfacet
  facet normal 0 0 1
    outer loop
      vertex 11.073187280216795 -5.985473219487972 4.8
      vertex 11.128249192772175 -6.801420239445559 4.8
      vertex 11.284321450385079 -6.016792015122974 4.8
    endloop
  endfacet
  facet normal 0 0 1
    outer loop
      vertex 11.386189719501997 -6.879665642796981 4.8
      vertex 11.491369173028454 -6.068654769782446 4.8
      vertex 11.284321450385079 -6.016792015122974 4.8
    endloop
  endfacet
  facet normal 0 0 1
    outer loop
      vertex 11.623909070401952 -7.006729283084001 4.8
      vertex 11.69233646539407 -6.1405620167879515 4.8
      vertex 11.491369173028454 -6.068654769782446 4.8
    endloop
  endfacet
  facet normal 0 0 1
    outer loop
      vertex 12.22837899917427 -8.015226432046855 4.8
      vertex 12.239805393055928 -6.468702263936048 4.8
      vertex 12.208579760554441 -7.881750807227824 4.8
    endloop
  endfacet
  facet normal 0 0 1
    outer loop
      vertex 12.208579760554441 -7.881750807227824 4.8
      vertex 12.239805393055928 -6.468702263936048 4.8
      vertex 12.175792961631787 -7.750858568775115 4.8
    endloop
  endfacet
  facet normal 0 0 1
    outer loop
      vertex 12.175792961631787 -7.750858568775115 4.8
      vertex 12.068365256817634 -6.341553593241965 4.8
      vertex 12.130334357203019 -7.623810280498002 4.8
    endloop
  endfacet
  facet normal 0 0 1
    outer loop
      vertex 12.072641738478987 -7.501829486864254 4.8
      vertex 12.130334357203019 -7.623810280498002 4.8
      vertex 12.068365256817634 -6.341553593241965 4.8
    endloop
  endfacet
  facet normal 0 0 1
    outer loop
      vertex 12.072641738478987 -7.501829486864254 4.8
      vertex 12.068365256817634 -6.341553593241965 4.8
      vertex 12.003270716916 -7.386090929598048 4.8
    endloop
  endfacet
  facet normal 0 0 1
    outer loop
      vertex 11.732290765725011 -7.087110626626237 4.8
      vertex 11.832271824131503 -7.177728175868498 4.8
      vertex 11.69233646539407 -6.1405620167879515 4.8
    endloop
  endfacet
  facet normal 0 0 1
    outer loop
      vertex 11.922889373373764 -7.277709234274988 4.8
      vertex 12.003270716916 -7.386090929598048 4.8
      vertex 11.885287902596545 -6.231821250042328 4.8
    endloop
  endfacet
  facet normal 0 0 1
    outer loop
      vertex 11.832271824131503 -7.177728175868498 4.8
      vertex 11.922889373373764 -7.277709234274988 4.8
      vertex 11.885287902596545 -6.231821250042328 4.8
    endloop
  endfacet
  facet normal 0 0 1
    outer loop
      vertex 12.003270716916 -7.386090929598048 4.8
      vertex 12.068365256817634 -6.341553593241965 4.8
      vertex 11.885287902596545 -6.231821250042328 4.8
    endloop
  endfacet
  facet normal 0 0 1
    outer loop
      vertex 12.175792961631787 -7.750858568775115 4.8
      vertex 12.239805393055928 -6.468702263936048 4.8
      vertex 12.068365256817634 -6.341553593241965 4.8
    endloop
  endfacet
  facet normal 0 0 1
    outer loop
      vertex 11.832271824131503 -7.177728175868498 4.8
      vertex 11.885287902596545 -6.231821250042328 4.8
      vertex 11.69233646539407 -6.1405620167879515 4.8
    endloop
  endfacet
  facet normal -0.4275550934302803 -0.9039892931234441 -3.0722866976220774e-19
    outer loop
      vertex 10.211829486864252 -9.362641738478988 4.8
      vertex 10.333810280498001 -9.42033435720302 4.8
      vertex 10.333810280498001 -9.42033435720302 7.16
    endloop
  endfacet
  facet normal -0.3368898533922231 -0.9415440651830196 7.0771722383479e-16
    outer loop
      vertex 10.333810280498001 -9.42033435720302 4.8
      vertex 10.460858568775114 -9.465792961631788 4.8
      vertex 10.460858568775114 -9.465792961631786 7.16
    endloop
  endfacet
  facet normal -0.24298017990325932 -0.9700312531945452 -8.462003827248957e-19
    outer loop
      vertex 10.460858568775114 -9.465792961631788 4.8
      vertex 10.591750807227823 -9.498579760554442 4.8
      vertex 10.591750807227823 -9.498579760554442 7.16
    endloop
  endfacet
  facet normal -0.9415440651830198 -0.33688985339222316 -9.769455654523285e-19
    outer loop
      vertex 9.58966564279698 -8.676189719501998 4.8
      vertex 9.544207038368212 -8.549141431224886 7.159999999999999
      vertex 9.544207038368212 -8.549141431224886 4.8
    endloop
  endfacet
  facet normal -0.9700312531945452 -0.24298017990325932 -8.46200382724896e-19
    outer loop
      vertex 9.544207038368212 -8.549141431224886 4.8
      vertex 9.511420239445558 -8.418249192772176 7.159999999999999
      vertex 9.511420239445558 -8.418249192772176 4.8
    endloop
  endfacet
  facet normal -0.9891765099647812 -0.14673047445536008 2.42489776557911e-19
    outer loop
      vertex 9.511420239445558 -8.418249192772176 4.8
      vertex 9.49162100082573 -8.284773567953145 7.159999999999999
      vertex 9.49162100082573 -8.284773567953145 4.8
    endloop
  endfacet
  facet normal -0.9987954562051723 -0.04906767432742138 1.713599757723098e-20
    outer loop
      vertex 9.49162100082573 -8.284773567953145 4.8
      vertex 9.485 -8.15 7.159999999999999
      vertex 9.485 -8.15 4.8
    endloop
  endfacet
  facet normal -0.9987954562051723 0.04906767432742138 -1.713599757723098e-20
    outer loop
      vertex 9.485 -8.15 4.8
      vertex 9.49162100082573 -8.015226432046855 7.159999999999999
      vertex 9.49162100082573 -8.015226432046855 4.8
    endloop
  endfacet
  facet normal -0.9891765099647812 0.14673047445536008 -2.42489776557911e-19
    outer loop
      vertex 9.49162100082573 -8.015226432046855 4.8
      vertex 9.511420239445558 -7.881750807227824 7.159999999999999
      vertex 9.511420239445558 -7.881750807227824 4.8
    endloop
  endfacet
  facet normal -0.9700312531945452 0.24298017990325932 8.46200382724896e-19
    outer loop
      vertex 9.511420239445558 -7.881750807227824 4.8
      vertex 9.544207038368212 -7.750858568775115 7.159999999999999
      vertex 9.544207038368212 -7.750858568775115 4.8
    endloop
  endfacet
  facet normal -0.9415440651830198 0.33688985339222316 9.769455654523285e-19
    outer loop
      vertex 9.544207038368212 -7.750858568775115 4.8
      vertex 9.58966564279698 -7.623810280498002 7.159999999999999
      vertex 9.58966564279698 -7.623810280498002 4.8
    endloop
  endfacet
  facet normal -0.7409511253549638 -0.6715589548470131 5.57709152197289e-16
    outer loop
      vertex 9.797110626626235 -9.022290765725012 4.8
      vertex 9.887728175868496 -9.122271824131504 4.8
      vertex 9.797110626626237 -9.022290765725012 7.16
    endloop
  endfacet
  facet normal -0.8032075314806469 -0.5956993044924307 0
    outer loop
      vertex 9.716729283084 -8.913909070401953 4.8
      vertex 9.797110626626235 -9.022290765725012 4.8
      vertex 9.716729283084 -8.913909070401953 7.16
    endloop
  endfacet
  facet normal -0.6715589548470131 -0.7409511253549638 5.602863654390375e-16
    outer loop
      vertex 9.887728175868496 -9.122271824131504 4.8
      vertex 9.987709234274988 -9.212889373373764 4.8
      vertex 9.987709234274988 -9.212889373373763 7.16
    endloop
  endfacet
  facet normal -0.5956993044924307 -0.8032075314806469 0
    outer loop
      vertex 10.096090929598047 -9.293270716916 4.8
      vertex 10.096090929598047 -9.293270716916 7.16
      vertex 9.987709234274988 -9.212889373373764 4.8
    endloop
  endfacet
  facet normal -0.8577286100002707 -0.5141027441932239 1.111705936681019e-18
    outer loop
      vertex 9.716729283084 -8.913909070401953 4.8
      vertex 9.647358261521012 -8.798170513135748 7.16
      vertex 9.647358261521012 -8.798170513135748 4.8
    endloop
  endfacet
  facet normal -0.9039892931234441 -0.4275550934302803 0
    outer loop
      vertex 9.58966564279698 -8.676189719501998 4.8
      vertex 9.647358261521012 -8.798170513135748 4.8
      vertex 9.58966564279698 -8.676189719501998 7.16
    endloop
  endfacet
  facet normal -0.5141027441932239 -0.8577286100002707 3.878778348039375e-16
    outer loop
      vertex 10.096090929598047 -9.293270716916 4.8
      vertex 10.211829486864252 -9.362641738478988 4.8
      vertex 10.211829486864254 -9.362641738478988 7.16
    endloop
  endfacet
  facet normal -0.903989293123443 0.42755509343028286 9.684539979956995e-20
    outer loop
      vertex 9.58966564279698 -7.623810280498002 4.8
      vertex 9.647358261521012 -7.501829486864254 7.159999999999999
      vertex 9.647358261521012 -7.501829486864254 4.8
    endloop
  endfacet
  facet normal -0.1467304744553601 -0.9891765099647812 2.424897765579109e-19
    outer loop
      vertex 10.591750807227823 -9.498579760554442 4.8
      vertex 10.725226432046854 -9.51837899917427 4.8
      vertex 10.725226432046854 -9.51837899917427 7.16
    endloop
  endfacet
  facet normal -0.04906767432742138 -0.9987954562051723 1.7135997577230973e-20
    outer loop
      vertex 10.725226432046854 -9.51837899917427 4.8
      vertex 10.86 -9.525 4.8
      vertex 10.86 -9.525 7.16
    endloop
  endfacet
  facet normal 0.04906767432742138 -0.9987954562051723 -3.6787155291295175e-17
    outer loop
      vertex 10.86 -9.525 4.8
      vertex 10.994773567953144 -9.51837899917427 4.8
      vertex 10.994773567953146 -9.51837899917427 7.16
    endloop
  endfacet
  facet normal 0.1467304744553601 -0.9891765099647812 -2.424897765579109e-19
    outer loop
      vertex 10.994773567953144 -9.51837899917427 4.8
      vertex 11.128249192772175 -9.498579760554442 4.8
      vertex 11.128249192772175 -9.498579760554442 7.16
    endloop
  endfacet
  facet normal 0.24298017990325932 -0.9700312531945452 7.309824931980326e-16
    outer loop
      vertex 11.128249192772175 -9.498579760554442 4.8
      vertex 11.259141431224885 -9.465792961631788 4.8
      vertex 11.259141431224885 -9.465792961631786 7.16
    endloop
  endfacet
  facet normal 0.3368898533922231 -0.9415440651830196 9.769455654523279e-19
    outer loop
      vertex 11.259141431224885 -9.465792961631788 4.8
      vertex 11.386189719501997 -9.42033435720302 4.8
      vertex 11.386189719501997 -9.42033435720302 7.16
    endloop
  endfacet
  facet normal 0.4275550934302803 -0.9039892931234441 3.0722866976220774e-19
    outer loop
      vertex 11.386189719501997 -9.42033435720302 4.8
      vertex 11.508170513135747 -9.362641738478988 4.8
      vertex 11.508170513135747 -9.362641738478988 7.16
    endloop
  endfacet
  facet normal 0.5141027441932239 -0.8577286100002707 -1.111705936681019e-18
    outer loop
      vertex 11.508170513135747 -9.362641738478988 4.8
      vertex 11.623909070401952 -9.293270716916 4.8
      vertex 11.623909070401952 -9.293270716916 7.16
    endloop
  endfacet
  facet normal 0.5956993044924307 -0.8032075314806469 6.064975019862602e-16
    outer loop
      vertex 11.623909070401952 -9.293270716916 4.8
      vertex 11.732290765725011 -9.212889373373764 4.8
      vertex 11.732290765725011 -9.212889373373763 7.16
    endloop
  endfacet
  facet normal 0.6715589548470131 -0.7409511253549638 5.551319389555406e-16
    outer loop
      vertex 11.732290765725011 -9.212889373373764 4.8
      vertex 11.832271824131503 -9.122271824131504 4.8
      vertex 11.832271824131503 -9.122271824131502 7.16
    endloop
  endfacet
  facet normal 0.7409511253549638 -0.6715589548470131 5.054781112300744e-16
    outer loop
      vertex 11.832271824131503 -9.122271824131504 4.8
      vertex 11.922889373373764 -9.022290765725012 4.8
      vertex 11.832271824131503 -9.122271824131502 7.16
    endloop
  endfacet
  facet normal 0.8032075314806469 -0.5956993044924307 0
    outer loop
      vertex 11.922889373373764 -9.022290765725012 4.8
      vertex 12.003270716916 -8.913909070401953 4.8
      vertex 11.922889373373764 -9.022290765725012 7.16
    endloop
  endfacet
  facet normal 0.8577286100002707 -0.5141027441932239 0
    outer loop
      vertex 12.003270716916 -8.913909070401953 4.8
      vertex 12.072641738478987 -8.798170513135748 4.8
      vertex 12.003270716916 -8.913909070401953 7.16
    endloop
  endfacet
  facet normal 0.9039892931234441 -0.4275550934302803 3.218179722183438e-16
    outer loop
      vertex 12.072641738478987 -8.798170513135748 4.8
      vertex 12.130334357203019 -8.676189719501998 4.8
      vertex 12.072641738478987 -8.798170513135746 7.16
    endloop
  endfacet
  facet normal 0.9415440651830196 -0.3368898533922231 2.5357482847365386e-16
    outer loop
      vertex 12.130334357203019 -8.676189719501998 4.8
      vertex 12.175792961631787 -8.549141431224886 4.8
      vertex 12.130334357203019 -8.676189719501997 7.16
    endloop
  endfacet
  facet normal 0.9700312531945452 -0.24298017990325932 1.8288962051265166e-16
    outer loop
      vertex 12.175792961631787 -8.549141431224886 4.8
      vertex 12.208579760554441 -8.418249192772176 4.8
      vertex 12.175792961631787 -8.549141431224884 7.16
    endloop
  endfacet
  facet normal 0.9891765099647812 -0.1467304744553601 2.208861710569683e-16
    outer loop
      vertex 12.208579760554441 -8.418249192772176 4.8
      vertex 12.22837899917427 -8.284773567953145 4.8
      vertex 12.208579760554441 -8.418249192772173 7.16
    endloop
  endfacet
  facet normal 0.9987954562051723 -0.04906767432742138 2.215975395380823e-16
    outer loop
      vertex 12.22837899917427 -8.284773567953145 4.8
      vertex 12.235 -8.15 4.8
      vertex 12.22837899917427 -8.284773567953135 7.16
    endloop
  endfacet
  facet normal 0.9987954562051723 0.04906767432742138 0
    outer loop
      vertex 12.235 -8.15 4.8
      vertex 12.22837899917427 -8.015226432046855 4.8
      vertex 12.235 -8.15 7.16
    endloop
  endfacet
  facet normal 0.9891765099647812 0.1467304744553601 -1.1044308552848415e-16
    outer loop
      vertex 12.22837899917427 -8.015226432046855 4.8
      vertex 12.208579760554441 -7.881750807227824 4.8
      vertex 12.22837899917427 -8.015226432046854 7.16
    endloop
  endfacet
  facet normal 0.9700312531945452 0.24298017990325932 0
    outer loop
      vertex 12.208579760554441 -7.881750807227824 4.8
      vertex 12.175792961631787 -7.750858568775115 4.8
      vertex 12.208579760554441 -7.881750807227824 7.16
    endloop
  endfacet
  facet normal 0.903989293123443 0.42755509343028286 -9.684539979956995e-20
    outer loop
      vertex 12.072641738478987 -7.501829486864254 4.8
      vertex 12.130334357203019 -7.623810280498002 7.159999999999999
      vertex 12.130334357203019 -7.623810280498002 4.8
    endloop
  endfacet
  facet normal 0.9415440651830196 0.3368898533922231 7.086941694002423e-16
    outer loop
      vertex 12.175792961631787 -7.750858568775115 4.8
      vertex 12.130334357203019 -7.623810280498002 4.8
      vertex 12.175792961631785 -7.750858568775115 7.16
    endloop
  endfacet
  facet normal -0.42755509343028547 -0.9039892931234418 3.2181797221834766e-16
    outer loop
      vertex 10.211829486864252 -9.362641738478988 4.8
      vertex 10.333810280498001 -9.42033435720302 7.16
      vertex 10.211829486864254 -9.362641738478988 7.16
    endloop
  endfacet
  facet normal -0.3368898533922115 -0.9415440651830239 0
    outer loop
      vertex 10.333810280498001 -9.42033435720302 4.8
      vertex 10.460858568775114 -9.465792961631786 7.16
      vertex 10.333810280498001 -9.42033435720302 7.16
    endloop
  endfacet
  facet normal -0.24298017990327167 -0.970031253194542 7.301362928153053e-16
    outer loop
      vertex 10.460858568775114 -9.465792961631788 4.8
      vertex 10.591750807227823 -9.498579760554442 7.16
      vertex 10.460858568775114 -9.465792961631786 7.16
    endloop
  endfacet
  facet normal -0.1467304744553601 -0.9891765099647812 0
    outer loop
      vertex 10.591750807227823 -9.498579760554442 4.8
      vertex 10.725226432046854 -9.51837899917427 7.16
      vertex 10.591750807227823 -9.498579760554442 7.16
    endloop
  endfacet
  facet normal -0.9415440651830196 -0.3368898533922231 0
    outer loop
      vertex 9.58966564279698 -8.676189719501998 4.8
      vertex 9.58966564279698 -8.676189719501998 7.16
      vertex 9.544207038368212 -8.549141431224886 7.159999999999999
    endloop
  endfacet
  facet normal -0.9700312531945452 -0.24298017990325932 0
    outer loop
      vertex 9.544207038368212 -8.549141431224886 4.8
      vertex 9.544207038368212 -8.549141431224886 7.159999999999999
      vertex 9.511420239445558 -8.418249192772176 7.159999999999999
    endloop
  endfacet
  facet normal -0.9891765099647812 -0.14673047445536008 0
    outer loop
      vertex 9.511420239445558 -8.418249192772176 4.8
      vertex 9.511420239445558 -8.418249192772176 7.159999999999999
      vertex 9.49162100082573 -8.284773567953145 7.159999999999999
    endloop
  endfacet
  facet normal -0.9987954562051723 -0.04906767432742138 0
    outer loop
      vertex 9.49162100082573 -8.284773567953145 4.8
      vertex 9.49162100082573 -8.284773567953145 7.159999999999999
      vertex 9.485 -8.15 7.159999999999999
    endloop
  endfacet
  facet normal -0.9987954562051723 0.04906767432742138 0
    outer loop
      vertex 9.485 -8.15 4.8
      vertex 9.485 -8.15 7.159999999999999
      vertex 9.49162100082573 -8.015226432046855 7.159999999999999
    endloop
  endfacet
  facet normal -0.9891765099647812 0.14673047445536008 0
    outer loop
      vertex 9.49162100082573 -8.015226432046855 4.8
      vertex 9.49162100082573 -8.015226432046855 7.159999999999999
      vertex 9.511420239445558 -7.881750807227824 7.159999999999999
    endloop
  endfacet
  facet normal -0.9700312531945452 0.24298017990325932 0
    outer loop
      vertex 9.511420239445558 -7.881750807227824 4.8
      vertex 9.511420239445558 -7.881750807227824 7.159999999999999
      vertex 9.544207038368212 -7.750858568775115 7.159999999999999
    endloop
  endfacet
  facet normal -0.9415440651830198 0.33688985339222316 0
    outer loop
      vertex 9.544207038368212 -7.750858568775115 4.8
      vertex 9.544207038368212 -7.750858568775115 7.159999999999999
      vertex 9.58966564279698 -7.623810280498002 7.159999999999999
    endloop
  endfacet
  facet normal -0.7409511253549579 -0.6715589548470197 1.063187263427364e-15
    outer loop
      vertex 9.887728175868496 -9.122271824131504 4.8
      vertex 9.887728175868498 -9.122271824131502 7.16
      vertex 9.797110626626237 -9.022290765725012 7.16
    endloop
  endfacet
  facet normal -0.8032075314806407 -0.5956993044924392 6.045691491539948e-16
    outer loop
      vertex 9.797110626626235 -9.022290765725012 4.8
      vertex 9.797110626626237 -9.022290765725012 7.16
      vertex 9.716729283084 -8.913909070401953 7.16
    endloop
  endfacet
  facet normal -0.6715589548470197 -0.7409511253549579 1.063187263427364e-15
    outer loop
      vertex 9.887728175868496 -9.122271824131504 4.8
      vertex 9.987709234274988 -9.212889373373763 7.16
      vertex 9.887728175868498 -9.122271824131502 7.16
    endloop
  endfacet
  facet normal -0.5956993044924392 -0.8032075314806407 6.045691491539948e-16
    outer loop
      vertex 9.987709234274988 -9.212889373373764 4.8
      vertex 10.096090929598047 -9.293270716916 7.16
      vertex 9.987709234274988 -9.212889373373763 7.16
    endloop
  endfacet
  facet normal -0.8577286100002707 -0.5141027441932239 0
    outer loop
      vertex 9.716729283084 -8.913909070401953 4.8
      vertex 9.716729283084 -8.913909070401953 7.16
      vertex 9.647358261521012 -8.798170513135748 7.16
    endloop
  endfacet
  facet normal -0.9039892931234441 -0.4275550934302803 0
    outer loop
      vertex 9.647358261521012 -8.798170513135748 4.8
      vertex 9.647358261521012 -8.798170513135748 7.16
      vertex 9.58966564279698 -8.676189719501998 7.16
    endloop
  endfacet
  facet normal -0.5141027441932181 -0.8577286100002742 0
    outer loop
      vertex 10.096090929598047 -9.293270716916 4.8
      vertex 10.211829486864254 -9.362641738478988 7.16
      vertex 10.096090929598047 -9.293270716916 7.16
    endloop
  endfacet
  facet normal -0.903989293123443 0.42755509343028286 0
    outer loop
      vertex 9.58966564279698 -7.623810280498002 4.8
      vertex 9.58966564279698 -7.623810280498002 7.159999999999999
      vertex 9.647358261521012 -7.501829486864254 7.159999999999999
    endloop
  endfacet
  facet normal -0.04906767432742138 -0.9987954562051723 0
    outer loop
      vertex 10.725226432046854 -9.51837899917427 4.8
      vertex 10.86 -9.525 7.16
      vertex 10.725226432046854 -9.51837899917427 7.16
    endloop
  endfacet
  facet normal 0.049067674327420735 -0.9987954562051723 0
    outer loop
      vertex 10.86 -9.525 4.8
      vertex 10.994773567953146 -9.51837899917427 7.16
      vertex 10.86 -9.525 7.16
    endloop
  endfacet
  facet normal 0.14673047445536203 -0.9891765099647809 -1.1044308552848559e-16
    outer loop
      vertex 10.994773567953144 -9.51837899917427 4.8
      vertex 11.128249192772175 -9.498579760554442 7.16
      vertex 10.994773567953146 -9.51837899917427 7.16
    endloop
  endfacet
  facet normal 0.24298017990327167 -0.970031253194542 0
    outer loop
      vertex 11.128249192772175 -9.498579760554442 4.8
      vertex 11.259141431224885 -9.465792961631786 7.16
      vertex 11.128249192772175 -9.498579760554442 7.16
    endloop
  endfacet
  facet normal 0.3368898533922115 -0.9415440651830239 7.086941694002455e-16
    outer loop
      vertex 11.259141431224885 -9.465792961631788 4.8
      vertex 11.386189719501997 -9.42033435720302 7.16
      vertex 11.259141431224885 -9.465792961631786 7.16
    endloop
  endfacet
  facet normal 0.4275550934302803 -0.9039892931234441 0
    outer loop
      vertex 11.386189719501997 -9.42033435720302 4.8
      vertex 11.508170513135747 -9.362641738478988 7.16
      vertex 11.386189719501997 -9.42033435720302 7.16
    endloop
  endfacet
  facet normal 0.5141027441932239 -0.8577286100002707 0
    outer loop
      vertex 11.508170513135747 -9.362641738478988 4.8
      vertex 11.623909070401952 -9.293270716916 7.16
      vertex 11.508170513135747 -9.362641738478988 7.16
    endloop
  endfacet
  facet normal 0.5956993044924392 -0.8032075314806407 0
    outer loop
      vertex 11.623909070401952 -9.293270716916 4.8
      vertex 11.732290765725011 -9.212889373373763 7.16
      vertex 11.623909070401952 -9.293270716916 7.16
    endloop
  endfacet
  facet normal 0.6715589548470131 -0.7409511253549638 5.57709152197289e-16
    outer loop
      vertex 11.732290765725011 -9.212889373373764 4.8
      vertex 11.832271824131503 -9.122271824131502 7.16
      vertex 11.732290765725011 -9.212889373373763 7.16
    endloop
  endfacet
  facet normal 0.7409511253549579 -0.6715589548470197 0
    outer loop
      vertex 11.922889373373764 -9.022290765725012 4.8
      vertex 11.922889373373764 -9.022290765725012 7.16
      vertex 11.832271824131503 -9.122271824131502 7.16
    endloop
  endfacet
  facet normal 0.8032075314806469 -0.5956993044924307 0
    outer loop
      vertex 12.003270716916 -8.913909070401953 4.8
      vertex 12.003270716916 -8.913909070401953 7.16
      vertex 11.922889373373764 -9.022290765725012 7.16
    endloop
  endfacet
  facet normal 0.8577286100002742 -0.514102744193218 3.8696183296697464e-16
    outer loop
      vertex 12.072641738478987 -8.798170513135748 4.8
      vertex 12.072641738478987 -8.798170513135746 7.16
      vertex 12.003270716916 -8.913909070401953 7.16
    endloop
  endfacet
  facet normal 0.9039892931234441 -0.4275550934302803 3.218179722183438e-16
    outer loop
      vertex 12.130334357203019 -8.676189719501998 4.8
      vertex 12.130334357203019 -8.676189719501997 7.16
      vertex 12.072641738478987 -8.798170513135746 7.16
    endloop
  endfacet
  facet normal 0.9415440651830196 -0.3368898533922231 2.5357482847365386e-16
    outer loop
      vertex 12.175792961631787 -8.549141431224886 4.8
      vertex 12.175792961631787 -8.549141431224884 7.16
      vertex 12.130334357203019 -8.676189719501997 7.16
    endloop
  endfacet
  facet normal 0.970031253194546 -0.24298017990325618 3.657792410252986e-16
    outer loop
      vertex 12.208579760554441 -8.418249192772176 4.8
      vertex 12.208579760554441 -8.418249192772173 7.16
      vertex 12.175792961631787 -8.549141431224884 7.16
    endloop
  endfacet
  facet normal 0.9891765099647823 -0.14673047445535245 6.626585131708704e-16
    outer loop
      vertex 12.22837899917427 -8.284773567953145 4.8
      vertex 12.22837899917427 -8.284773567953135 7.16
      vertex 12.208579760554441 -8.418249192772173 7.16
    endloop
  endfacet
  facet normal 0.998795456205172 -0.049067674327425245 0
    outer loop
      vertex 12.235 -8.15 4.8
      vertex 12.235 -8.15 7.16
      vertex 12.22837899917427 -8.284773567953135 7.16
    endloop
  endfacet
  facet normal 0.9987954562051723 0.049067674327420735 -3.693292325634656e-17
    outer loop
      vertex 12.22837899917427 -8.015226432046855 4.8
      vertex 12.22837899917427 -8.015226432046854 7.16
      vertex 12.235 -8.15 7.16
    endloop
  endfacet
  facet normal 0.9891765099647809 0.14673047445536203 0
    outer loop
      vertex 12.208579760554441 -7.881750807227824 4.8
      vertex 12.208579760554441 -7.881750807227824 7.16
      vertex 12.22837899917427 -8.015226432046854 7.16
    endloop
  endfacet
  facet normal 0.970031253194542 0.24298017990327167 7.301362928153053e-16
    outer loop
      vertex 12.175792961631787 -7.750858568775115 4.8
      vertex 12.175792961631785 -7.750858568775115 7.16
      vertex 12.208579760554441 -7.881750807227824 7.16
    endloop
  endfacet
  facet normal 0.903989293123443 0.42755509343028286 0
    outer loop
      vertex 12.072641738478987 -7.501829486864254 4.8
      vertex 12.072641738478987 -7.501829486864254 7.159999999999999
      vertex 12.130334357203019 -7.623810280498002 7.159999999999999
    endloop
  endfacet
  facet normal 0.9415440651830239 0.33688985339221145 0
    outer loop
      vertex 12.130334357203019 -7.623810280498002 4.8
      vertex 12.130334357203019 -7.623810280498002 7.159999999999999
      vertex 12.175792961631785 -7.750858568775115 7.16
    endloop
  endfacet
  facet normal -0.8577286100002726 0.5141027441932209 1.7098512460482419e-18
    outer loop
      vertex 9.647358261521012 -7.501829486864254 4.8
      vertex 9.716729283084 -7.386090929598048 7.159999999999999
      vertex 9.716729283084 -7.386090929598048 4.8
    endloop
  endfacet
  facet normal -0.8032075314806492 0.5956993044924275 -2.673358464010756e-18
    outer loop
      vertex 9.716729283084 -7.386090929598048 4.8
      vertex 9.797110626626235 -7.277709234274988 7.159999999999999
      vertex 9.797110626626235 -7.277709234274988 4.8
    endloop
  endfacet
  facet normal -0.7409511253549579 0.6715589548470198 -1.4461697583829334e-18
    outer loop
      vertex 9.797110626626235 -7.277709234274988 4.8
      vertex 9.887728175868496 -7.177728175868498 7.159999999999999
      vertex 9.887728175868496 -7.177728175868498 4.8
    endloop
  endfacet
  facet normal -0.6715589548470132 0.7409511253549638 0
    outer loop
      vertex 9.887728175868496 -7.177728175868498 4.8
      vertex 9.887728175868496 -7.177728175868498 7.159999999999999
      vertex 9.987709234274988 -7.087110626626237 4.8
    endloop
  endfacet
  facet normal -0.5956993044924348 0.8032075314806437 0
    outer loop
      vertex 9.987709234274988 -7.087110626626237 4.8
      vertex 9.987709234274988 -7.087110626626237 7.16
      vertex 10.096090929598047 -7.006729283084001 4.8
    endloop
  endfacet
  facet normal -0.5141027441932239 0.8577286100002707 0
    outer loop
      vertex 10.096090929598047 -7.006729283084001 4.8
      vertex 10.096090929598047 -7.006729283084001 7.16
      vertex 10.211829486864252 -6.9373582615210125 4.8
    endloop
  endfacet
  facet normal -0.4275550934302803 0.9039892931234441 0
    outer loop
      vertex 10.211829486864252 -6.9373582615210125 4.8
      vertex 10.211829486864252 -6.9373582615210125 7.16
      vertex 10.333810280498001 -6.879665642796981 4.8
    endloop
  endfacet
  facet normal -0.3368898533922231 0.9415440651830196 0
    outer loop
      vertex 10.333810280498001 -6.879665642796981 4.8
      vertex 10.333810280498001 -6.879665642796981 7.16
      vertex 10.460858568775114 -6.834207038368213 4.8
    endloop
  endfacet
  facet normal -0.24298017990325932 0.9700312531945452 0
    outer loop
      vertex 10.460858568775114 -6.834207038368213 4.8
      vertex 10.460858568775114 -6.834207038368213 7.16
      vertex 10.591750807227823 -6.801420239445559 4.8
    endloop
  endfacet
  facet normal -0.1467304744553601 0.9891765099647812 0
    outer loop
      vertex 10.591750807227823 -6.801420239445559 4.8
      vertex 10.591750807227823 -6.801420239445559 7.16
      vertex 10.725226432046854 -6.78162100082573 4.8
    endloop
  endfacet
  facet normal -0.04906767432742138 0.9987954562051723 0
    outer loop
      vertex 10.725226432046854 -6.78162100082573 4.8
      vertex 10.725226432046854 -6.78162100082573 7.159999999999999
      vertex 10.86 -6.775 4.8
    endloop
  endfacet
  facet normal 0.04906767432742138 0.9987954562051723 1.713599757723098e-20
    outer loop
      vertex 10.994773567953144 -6.78162100082573 4.8
      vertex 10.86 -6.775 4.8
      vertex 10.86 -6.775 7.159999999999999
    endloop
  endfacet
  facet normal 0.1467304744553601 0.9891765099647812 0
    outer loop
      vertex 10.994773567953144 -6.78162100082573 4.8
      vertex 10.994773567953144 -6.78162100082573 7.16
      vertex 11.128249192772175 -6.801420239445559 4.8
    endloop
  endfacet
  facet normal 0.24298017990325932 0.9700312531945452 0
    outer loop
      vertex 11.128249192772175 -6.801420239445559 4.8
      vertex 11.128249192772175 -6.801420239445559 7.16
      vertex 11.259141431224885 -6.834207038368213 4.8
    endloop
  endfacet
  facet normal 0.5956993044924348 0.8032075314806437 8.420474719549341e-19
    outer loop
      vertex 11.732290765725011 -7.087110626626237 4.8
      vertex 11.623909070401952 -7.006729283084001 4.8
      vertex 11.623909070401952 -7.006729283084001 7.16
    endloop
  endfacet
  facet normal 0.3368898533922231 0.9415440651830196 0
    outer loop
      vertex 11.259141431224885 -6.834207038368213 4.8
      vertex 11.259141431224885 -6.834207038368213 7.16
      vertex 11.386189719501997 -6.879665642796981 4.8
    endloop
  endfacet
  facet normal 0.4275550934302803 0.9039892931234441 0
    outer loop
      vertex 11.386189719501997 -6.879665642796981 4.8
      vertex 11.386189719501997 -6.879665642796981 7.16
      vertex 11.508170513135747 -6.9373582615210125 4.8
    endloop
  endfacet
  facet normal 0.5141027441932239 0.8577286100002707 0
    outer loop
      vertex 11.508170513135747 -6.9373582615210125 4.8
      vertex 11.508170513135747 -6.9373582615210125 7.16
      vertex 11.623909070401952 -7.006729283084001 4.8
    endloop
  endfacet
  facet normal 0.8032075314806492 0.5956993044924275 2.673358464010756e-18
    outer loop
      vertex 11.922889373373764 -7.277709234274988 4.8
      vertex 12.003270716916 -7.386090929598048 7.159999999999999
      vertex 12.003270716916 -7.386090929598048 4.8
    endloop
  endfacet
  facet normal 0.6715589548470131 0.7409511253549638 0
    outer loop
      vertex 11.732290765725011 -7.087110626626237 4.8
      vertex 11.732290765725011 -7.087110626626237 7.16
      vertex 11.832271824131503 -7.177728175868498 4.8
    endloop
  endfacet
  facet normal 0.7409511253549579 0.6715589548470198 1.4461697583829334e-18
    outer loop
      vertex 11.832271824131503 -7.177728175868498 4.8
      vertex 11.922889373373764 -7.277709234274988 7.159999999999999
      vertex 11.922889373373764 -7.277709234274988 4.8
    endloop
  endfacet
  facet normal 0.8577286100002726 0.5141027441932209 0
    outer loop
      vertex 12.072641738478987 -7.501829486864254 4.8
      vertex 12.003270716916 -7.386090929598048 4.8
      vertex 12.072641738478987 -7.501829486864254 7.159999999999999
    endloop
  endfacet
  facet normal -0.8577286100002726 0.5141027441932209 0
    outer loop
      vertex 9.647358261521012 -7.501829486864254 4.8
      vertex 9.647358261521012 -7.501829486864254 7.159999999999999
      vertex 9.716729283084 -7.386090929598048 7.159999999999999
    endloop
  endfacet
  facet normal -0.8032075314806492 0.5956993044924275 0
    outer loop
      vertex 9.716729283084 -7.386090929598048 4.8
      vertex 9.716729283084 -7.386090929598048 7.159999999999999
      vertex 9.797110626626235 -7.277709234274988 7.159999999999999
    endloop
  endfacet
  facet normal -0.7409511253549579 0.6715589548470198 0
    outer loop
      vertex 9.797110626626235 -7.277709234274988 4.8
      vertex 9.797110626626235 -7.277709234274988 7.159999999999999
      vertex 9.887728175868496 -7.177728175868498 7.159999999999999
    endloop
  endfacet
  facet normal -0.6715589548470131 0.7409511253549638 0
    outer loop
      vertex 9.987709234274988 -7.087110626626237 4.8
      vertex 9.887728175868496 -7.177728175868498 7.159999999999999
      vertex 9.987709234274988 -7.087110626626237 7.16
    endloop
  endfacet
  facet normal -0.5956993044924348 0.8032075314806437 0
    outer loop
      vertex 10.096090929598047 -7.006729283084001 4.8
      vertex 9.987709234274988 -7.087110626626237 7.16
      vertex 10.096090929598047 -7.006729283084001 7.16
    endloop
  endfacet
  facet normal -0.5141027441932239 0.8577286100002707 0
    outer loop
      vertex 10.211829486864252 -6.9373582615210125 4.8
      vertex 10.096090929598047 -7.006729283084001 7.16
      vertex 10.211829486864252 -6.9373582615210125 7.16
    endloop
  endfacet
  facet normal -0.4275550934302803 0.9039892931234441 0
    outer loop
      vertex 10.333810280498001 -6.879665642796981 4.8
      vertex 10.211829486864252 -6.9373582615210125 7.16
      vertex 10.333810280498001 -6.879665642796981 7.16
    endloop
  endfacet
  facet normal -0.3368898533922231 0.9415440651830196 0
    outer loop
      vertex 10.460858568775114 -6.834207038368213 4.8
      vertex 10.333810280498001 -6.879665642796981 7.16
      vertex 10.460858568775114 -6.834207038368213 7.16
    endloop
  endfacet
  facet normal -0.24298017990325932 0.9700312531945452 0
    outer loop
      vertex 10.591750807227823 -6.801420239445559 4.8
      vertex 10.460858568775114 -6.834207038368213 7.16
      vertex 10.591750807227823 -6.801420239445559 7.16
    endloop
  endfacet
  facet normal -0.14673047445536008 0.9891765099647812 0
    outer loop
      vertex 10.725226432046854 -6.78162100082573 4.8
      vertex 10.591750807227823 -6.801420239445559 7.16
      vertex 10.725226432046854 -6.78162100082573 7.159999999999999
    endloop
  endfacet
  facet normal -0.04906767432742138 0.9987954562051723 0
    outer loop
      vertex 10.86 -6.775 4.8
      vertex 10.725226432046854 -6.78162100082573 7.159999999999999
      vertex 10.86 -6.775 7.159999999999999
    endloop
  endfacet
  facet normal 0.1467304744553601 0.9891765099647812 0
    outer loop
      vertex 11.128249192772175 -6.801420239445559 4.8
      vertex 10.994773567953144 -6.78162100082573 7.16
      vertex 11.128249192772175 -6.801420239445559 7.16
    endloop
  endfacet
  facet normal 0.04906767432742138 0.9987954562051723 0
    outer loop
      vertex 10.994773567953144 -6.78162100082573 4.8
      vertex 10.86 -6.775 7.159999999999999
      vertex 10.994773567953144 -6.78162100082573 7.16
    endloop
  endfacet
  facet normal 0.5956993044924348 0.8032075314806437 0
    outer loop
      vertex 11.732290765725011 -7.087110626626237 4.8
      vertex 11.623909070401952 -7.006729283084001 7.16
      vertex 11.732290765725011 -7.087110626626237 7.16
    endloop
  endfacet
  facet normal 0.24298017990325932 0.9700312531945452 0
    outer loop
      vertex 11.259141431224885 -6.834207038368213 4.8
      vertex 11.128249192772175 -6.801420239445559 7.16
      vertex 11.259141431224885 -6.834207038368213 7.16
    endloop
  endfacet
  facet normal 0.3368898533922231 0.9415440651830196 0
    outer loop
      vertex 11.386189719501997 -6.879665642796981 4.8
      vertex 11.259141431224885 -6.834207038368213 7.16
      vertex 11.386189719501997 -6.879665642796981 7.16
    endloop
  endfacet
  facet normal 0.4275550934302803 0.9039892931234441 0
    outer loop
      vertex 11.508170513135747 -6.9373582615210125 4.8
      vertex 11.386189719501997 -6.879665642796981 7.16
      vertex 11.508170513135747 -6.9373582615210125 7.16
    endloop
  endfacet
  facet normal 0.5141027441932239 0.8577286100002707 0
    outer loop
      vertex 11.623909070401952 -7.006729283084001 4.8
      vertex 11.508170513135747 -6.9373582615210125 7.16
      vertex 11.623909070401952 -7.006729283084001 7.16
    endloop
  endfacet
  facet normal 0.8032075314806492 0.5956993044924275 0
    outer loop
      vertex 11.922889373373764 -7.277709234274988 4.8
      vertex 11.922889373373764 -7.277709234274988 7.159999999999999
      vertex 12.003270716916 -7.386090929598048 7.159999999999999
    endloop
  endfacet
  facet normal 0.6715589548470132 0.7409511253549638 0
    outer loop
      vertex 11.832271824131503 -7.177728175868498 4.8
      vertex 11.732290765725011 -7.087110626626237 7.16
      vertex 11.832271824131503 -7.177728175868498 7.159999999999999
    endloop
  endfacet
  facet normal 0.7409511253549579 0.6715589548470198 0
    outer loop
      vertex 11.832271824131503 -7.177728175868498 4.8
      vertex 11.832271824131503 -7.177728175868498 7.159999999999999
      vertex 11.922889373373764 -7.277709234274988 7.159999999999999
    endloop
  endfacet
  facet normal 0.8577286100002726 0.5141027441932209 -1.7098512460482419e-18
    outer loop
      vertex 12.072641738478987 -7.501829486864254 7.159999999999999
      vertex 12.003270716916 -7.386090929598048 4.8
      vertex 12.003270716916 -7.386090929598048 7.159999999999999
    endloop
  endfacet
  facet normal -0.12213238136327746 -0.823349636120537 0.5542373662274263
    outer loop
      vertex 10.591750807227823 -9.498579760554442 7.16
      vertex 10.725226432046854 -9.51837899917427 7.16
      vertex 10.669786936034274 -9.10626564839315 7.759999999999999
    endloop
  endfacet
  facet normal -0.49583547592387744 -0.6685567460527411 0.5542373662274248
    outer loop
      vertex 10.096090929598047 -9.293270716916 7.16
      vertex 10.241466547940446 -8.90368519202867 7.759999999999999
      vertex 9.987709234274988 -9.212889373373763 7.16
    endloop
  endfacet
  facet normal -0.6685567460527411 -0.49583547592387744 0.5542373662274248
    outer loop
      vertex 9.716729283084 -8.913909070401953 7.16
      vertex 9.797110626626237 -9.022290765725012 7.16
      vertex 10.10631480797133 -8.768533452059554 7.759999999999999
    endloop
  endfacet
  facet normal -0.6167370871613482 -0.558977912977805 0.5542373662274254
    outer loop
      vertex 9.797110626626237 -9.022290765725012 7.16
      vertex 9.887728175868498 -9.122271824131502 7.16
      vertex 10.170570888343116 -8.839429111656884 7.759999999999999
    endloop
  endfacet
  facet normal -0.558977912977805 -0.6167370871613482 0.5542373662274254
    outer loop
      vertex 9.887728175868498 -9.122271824131502 7.16
      vertex 9.987709234274988 -9.212889373373763 7.16
      vertex 10.170570888343116 -8.839429111656884 7.759999999999999
    endloop
  endfacet
  facet normal -0.7139378380093567 -0.42791787218555266 0.5542373662274265
    outer loop
      vertex 9.716729283084 -8.913909070401953 7.16
      vertex 10.049317128005018 -8.691680977194112 7.759999999999999
      vertex 9.647358261521012 -8.798170513135748 7.16
    endloop
  endfacet
  facet normal -0.7524433183078213 -0.35587918541437796 0.5542373662274256
    outer loop
      vertex 9.58966564279698 -8.676189719501998 7.16
      vertex 9.647358261521012 -8.798170513135748 7.16
      vertex 10.000126767260353 -8.609611818405348 7.759999999999999
    endloop
  endfacet
  facet normal -0.7837023581236203 -0.2804131875443145 0.554237366227426
    outer loop
      vertex 9.58966564279698 -8.676189719501998 7.16
      vertex 9.959217455801495 -8.523116346555963 7.759999999999999
      vertex 9.544207038368212 -8.549141431224886 7.159999999999999
    endloop
  endfacet
  facet normal -0.8074139158154024 -0.20224665738875472 0.5542373662274259
    outer loop
      vertex 9.544207038368212 -8.549141431224886 7.159999999999999
      vertex 9.926983172661096 -8.4330275603231 7.759999999999999
      vertex 9.511420239445558 -8.418249192772176 7.159999999999999
    endloop
  endfacet
  facet normal -0.4279178721855479 -0.7139378380093596 0.5542373662274264
    outer loop
      vertex 10.096090929598047 -9.293270716916 7.16
      vertex 10.211829486864254 -9.362641738478988 7.16
      vertex 10.318319022805888 -8.960682871994981 7.759999999999999
    endloop
  endfacet
  facet normal -0.35587918541438246 -0.7524433183078197 0.5542373662274251
    outer loop
      vertex 10.211829486864254 -9.362641738478988 7.16
      vertex 10.333810280498001 -9.42033435720302 7.16
      vertex 10.400388181594652 -9.009873232739647 7.759999999999999
    endloop
  endfacet
  facet normal -0.2804131875443082 -0.7837023581236225 0.5542373662274259
    outer loop
      vertex 10.333810280498001 -9.42033435720302 7.16
      vertex 10.460858568775114 -9.465792961631786 7.16
      vertex 10.486883653444037 -9.050782544198505 7.759999999999999
    endloop
  endfacet
  facet normal -0.2022466573887652 -0.8074139158154006 0.5542373662274251
    outer loop
      vertex 10.460858568775114 -9.465792961631786 7.16
      vertex 10.591750807227823 -9.498579760554442 7.16
      vertex 10.576972439676899 -9.083016827338904 7.759999999999999
    endloop
  endfacet
  facet normal -0.7524433183078226 -0.35587918541437447 0.5542373662274261
    outer loop
      vertex 9.58966564279698 -8.676189719501998 7.16
      vertex 10.000126767260353 -8.609611818405348 7.759999999999999
      vertex 9.959217455801495 -8.523116346555963 7.759999999999999
    endloop
  endfacet
  facet normal -0.78370235812362 -0.28041318754431505 0.5542373662274259
    outer loop
      vertex 9.544207038368212 -8.549141431224886 7.159999999999999
      vertex 9.959217455801495 -8.523116346555963 7.759999999999999
      vertex 9.926983172661096 -8.4330275603231 7.759999999999999
    endloop
  endfacet
  facet normal -0.6685567460527481 -0.4958354759238658 0.5542373662274267
    outer loop
      vertex 9.716729283084 -8.913909070401953 7.16
      vertex 10.10631480797133 -8.768533452059554 7.759999999999999
      vertex 10.049317128005018 -8.691680977194112 7.759999999999999
    endloop
  endfacet
  facet normal -0.7139378380093537 -0.42791787218555905 0.5542373662274257
    outer loop
      vertex 9.647358261521012 -8.798170513135748 7.16
      vertex 10.049317128005018 -8.691680977194112 7.759999999999999
      vertex 10.000126767260353 -8.609611818405348 7.759999999999999
    endloop
  endfacet
  facet normal -0.6167370871613452 -0.5589779129778087 0.5542373662274247
    outer loop
      vertex 9.797110626626237 -9.022290765725012 7.16
      vertex 10.170570888343116 -8.839429111656884 7.759999999999999
      vertex 10.10631480797133 -8.768533452059554 7.759999999999999
    endloop
  endfacet
  facet normal -0.4958354759238658 -0.6685567460527481 0.5542373662274267
    outer loop
      vertex 10.096090929598047 -9.293270716916 7.16
      vertex 10.318319022805888 -8.960682871994981 7.759999999999999
      vertex 10.241466547940446 -8.90368519202867 7.759999999999999
    endloop
  endfacet
  facet normal -0.5589779129778087 -0.6167370871613452 0.5542373662274247
    outer loop
      vertex 9.987709234274988 -9.212889373373763 7.16
      vertex 10.241466547940446 -8.90368519202867 7.759999999999999
      vertex 10.170570888343116 -8.839429111656884 7.759999999999999
    endloop
  endfacet
  facet normal -0.42791787218555927 -0.7139378380093542 0.5542373662274247
    outer loop
      vertex 10.211829486864254 -9.362641738478988 7.16
      vertex 10.400388181594652 -9.009873232739647 7.759999999999999
      vertex 10.318319022805888 -8.960682871994981 7.759999999999999
    endloop
  endfacet
  facet normal -0.35587918541437447 -0.7524433183078226 0.5542373662274261
    outer loop
      vertex 10.333810280498001 -9.42033435720302 7.16
      vertex 10.486883653444037 -9.050782544198505 7.759999999999999
      vertex 10.400388181594652 -9.009873232739647 7.759999999999999
    endloop
  endfacet
  facet normal -0.2804131875443152 -0.7837023581236208 0.5542373662274249
    outer loop
      vertex 10.460858568775114 -9.465792961631786 7.16
      vertex 10.576972439676899 -9.083016827338904 7.759999999999999
      vertex 10.486883653444037 -9.050782544198505 7.759999999999999
    endloop
  endfacet
  facet normal -0.20224665738875597 -0.8074139158154019 0.5542373662274263
    outer loop
      vertex 10.591750807227823 -9.498579760554442 7.16
      vertex 10.669786936034274 -9.10626564839315 7.759999999999999
      vertex 10.576972439676899 -9.083016827338904 7.759999999999999
    endloop
  endfacet
  facet normal -0.8233496361205375 -0.12213238136327752 0.5542373662274257
    outer loop
      vertex 9.511420239445558 -8.418249192772176 7.159999999999999
      vertex 9.90373435160685 -8.340213063965725 7.759999999999999
      vertex 9.49162100082573 -8.284773567953145 7.159999999999999
    endloop
  endfacet
  facet normal -0.8313560493411384 -0.04084190374092272 0.5542373662274243
    outer loop
      vertex 9.49162100082573 -8.284773567953145 7.159999999999999
      vertex 9.889694891494607 -8.245566711821322 7.759999999999999
      vertex 9.485 -8.15 7.159999999999999
    endloop
  endfacet
  facet normal -0.8313560493411384 0.04084190374092272 0.5542373662274243
    outer loop
      vertex 9.485 -8.15 7.159999999999999
      vertex 9.889694891494607 -8.054433288178679 7.759999999999999
      vertex 9.49162100082573 -8.015226432046855 7.159999999999999
    endloop
  endfacet
  facet normal -0.8233496361205375 0.12213238136327752 0.5542373662274257
    outer loop
      vertex 9.49162100082573 -8.015226432046855 7.159999999999999
      vertex 9.90373435160685 -7.959786936034275 7.759999999999999
      vertex 9.511420239445558 -7.881750807227824 7.159999999999999
    endloop
  endfacet
  facet normal -0.8074139158154024 0.20224665738875472 0.5542373662274259
    outer loop
      vertex 9.511420239445558 -7.881750807227824 7.159999999999999
      vertex 9.926983172661096 -7.8669724396769 7.759999999999999
      vertex 9.544207038368212 -7.750858568775115 7.159999999999999
    endloop
  endfacet
  facet normal -0.7837023581236193 0.28041318754431804 0.5542373662274256
    outer loop
      vertex 9.544207038368212 -7.750858568775115 7.159999999999999
      vertex 9.959217455801495 -7.776883653444038 7.759999999999999
      vertex 9.58966564279698 -7.623810280498002 7.159999999999999
    endloop
  endfacet
  facet normal -0.7524433183078209 0.3558791854143803 0.5542373662274248
    outer loop
      vertex 9.58966564279698 -7.623810280498002 7.159999999999999
      vertex 10.000126767260353 -7.690388181594653 7.759999999999999
      vertex 9.647358261521012 -7.501829486864254 7.159999999999999
    endloop
  endfacet
  facet normal -0.7139378380093585 0.4279178721855505 0.5542373662274259
    outer loop
      vertex 9.647358261521012 -7.501829486864254 7.159999999999999
      vertex 10.049317128005018 -7.608319022805889 7.759999999999999
      vertex 9.716729283084 -7.386090929598048 7.159999999999999
    endloop
  endfacet
  facet normal -0.8074139158154022 -0.20224665738875594 0.5542373662274256
    outer loop
      vertex 9.511420239445558 -8.418249192772176 7.159999999999999
      vertex 9.926983172661096 -8.4330275603231 7.759999999999999
      vertex 9.90373435160685 -8.340213063965725 7.759999999999999
    endloop
  endfacet
  facet normal -0.8233496361205366 -0.12213238136329195 0.5542373662274238
    outer loop
      vertex 9.49162100082573 -8.284773567953145 7.159999999999999
      vertex 9.90373435160685 -8.340213063965725 7.759999999999999
      vertex 9.889694891494607 -8.245566711821322 7.759999999999999
    endloop
  endfacet
  facet normal -0.8313560493411377 -0.04084190374090905 0.5542373662274259
    outer loop
      vertex 9.485 -8.15 7.159999999999999
      vertex 9.889694891494607 -8.245566711821322 7.759999999999999
      vertex 9.885 -8.15 7.759999999999999
    endloop
  endfacet
  facet normal -0.8313560493411377 0.04084190374090885 0.5542373662274259
    outer loop
      vertex 9.485 -8.15 7.159999999999999
      vertex 9.885 -8.15 7.759999999999999
      vertex 9.889694891494607 -8.054433288178679 7.759999999999999
    endloop
  endfacet
  facet normal -0.8233496361205365 0.12213238136329184 0.5542373662274237
    outer loop
      vertex 9.49162100082573 -8.015226432046855 7.159999999999999
      vertex 9.889694891494607 -8.054433288178679 7.759999999999999
      vertex 9.90373435160685 -7.959786936034275 7.759999999999999
    endloop
  endfacet
  facet normal -0.8074139158154023 0.2022466573887561 0.5542373662274257
    outer loop
      vertex 9.511420239445558 -7.881750807227824 7.159999999999999
      vertex 9.90373435160685 -7.959786936034275 7.759999999999999
      vertex 9.926983172661096 -7.8669724396769 7.759999999999999
    endloop
  endfacet
  facet normal -0.7837023581236201 0.280413187544315 0.554237366227426
    outer loop
      vertex 9.544207038368212 -7.750858568775115 7.159999999999999
      vertex 9.926983172661096 -7.8669724396769 7.759999999999999
      vertex 9.959217455801495 -7.776883653444038 7.759999999999999
    endloop
  endfacet
  facet normal -0.7524433183078229 0.3558791854143745 0.5542373662274254
    outer loop
      vertex 9.58966564279698 -7.623810280498002 7.159999999999999
      vertex 9.959217455801495 -7.776883653444038 7.759999999999999
      vertex 10.000126767260353 -7.690388181594653 7.759999999999999
    endloop
  endfacet
  facet normal -0.7139378380093543 0.42791787218555927 0.5542373662274246
    outer loop
      vertex 9.647358261521012 -7.501829486864254 7.159999999999999
      vertex 10.000126767260353 -7.690388181594653 7.759999999999999
      vertex 10.049317128005018 -7.608319022805889 7.759999999999999
    endloop
  endfacet
  facet normal -0.6685567460527514 0.49583547592386223 0.5542373662274263
    outer loop
      vertex 10.049317128005018 -7.608319022805889 7.759999999999999
      vertex 10.10631480797133 -7.531466547940446 7.759999999999999
      vertex 9.716729283084 -7.386090929598048 7.159999999999999
    endloop
  endfacet
  facet normal 0 0 1
    outer loop
      vertex 10.241466547940446 -8.90368519202867 7.759999999999999
      vertex 10.318319022805888 -8.960682871994981 7.759999999999999
      vertex 10.241466547940446 -7.396314807971332 7.759999999999999
    endloop
  endfacet
  facet normal 0 0 1
    outer loop
      vertex 10.318319022805888 -8.960682871994981 7.759999999999999
      vertex 10.400388181594652 -9.009873232739647 7.759999999999999
      vertex 10.318319022805888 -7.3393171280050185 7.759999999999999
    endloop
  endfacet
  facet normal 0 0 1
    outer loop
      vertex 10.400388181594652 -9.009873232739647 7.759999999999999
      vertex 10.486883653444037 -9.050782544198505 7.759999999999999
      vertex 10.400388181594652 -7.290126767260354 7.759999999999999
    endloop
  endfacet
  facet normal 0 0 1
    outer loop
      vertex 10.486883653444037 -9.050782544198505 7.759999999999999
      vertex 10.576972439676899 -9.083016827338904 7.759999999999999
      vertex 10.486883653444037 -7.249217455801496 7.759999999999999
    endloop
  endfacet
  facet normal 0 0 1
    outer loop
      vertex 10.576972439676899 -9.083016827338904 7.759999999999999
      vertex 10.669786936034274 -9.10626564839315 7.759999999999999
      vertex 10.576972439676899 -7.216983172661097 7.759999999999999
    endloop
  endfacet
  facet normal 0 0 1
    outer loop
      vertex 9.959217455801495 -8.523116346555963 7.759999999999999
      vertex 10.000126767260353 -8.609611818405348 7.759999999999999
      vertex 9.959217455801495 -7.776883653444038 7.759999999999999
    endloop
  endfacet
  facet normal 0 0 1
    outer loop
      vertex 9.926983172661096 -8.4330275603231 7.759999999999999
      vertex 9.90373435160685 -7.959786936034275 7.759999999999999
      vertex 9.90373435160685 -8.340213063965725 7.759999999999999
    endloop
  endfacet
  facet normal 0 0 1
    outer loop
      vertex 9.90373435160685 -8.340213063965725 7.759999999999999
      vertex 9.889694891494607 -8.054433288178679 7.759999999999999
      vertex 9.889694891494607 -8.245566711821322 7.759999999999999
    endloop
  endfacet
  facet normal 0 0 1
    outer loop
      vertex 9.959217455801495 -8.523116346555963 7.759999999999999
      vertex 9.926983172661096 -7.8669724396769 7.759999999999999
      vertex 9.926983172661096 -8.4330275603231 7.759999999999999
    endloop
  endfacet
  facet normal 0 0 1
    outer loop
      vertex 10.049317128005018 -8.691680977194112 7.759999999999999
      vertex 10.000126767260353 -7.690388181594653 7.759999999999999
      vertex 10.000126767260353 -8.609611818405348 7.759999999999999
    endloop
  endfacet
  facet normal 0 0 1
    outer loop
      vertex 10.170570888343116 -8.839429111656884 7.759999999999999
      vertex 10.10631480797133 -7.531466547940446 7.759999999999999
      vertex 10.10631480797133 -8.768533452059554 7.759999999999999
    endloop
  endfacet
  facet normal 0 0 1
    outer loop
      vertex 10.049317128005018 -8.691680977194112 7.759999999999999
      vertex 10.10631480797133 -8.768533452059554 7.759999999999999
      vertex 10.049317128005018 -7.608319022805889 7.759999999999999
    endloop
  endfacet
  facet normal 0 0 1
    outer loop
      vertex 9.889694891494607 -8.245566711821322 7.759999999999999
      vertex 9.889694891494607 -8.054433288178679 7.759999999999999
      vertex 9.885 -8.15 7.759999999999999
    endloop
  endfacet
  facet normal 0 0 1
    outer loop
      vertex 9.90373435160685 -8.340213063965725 7.759999999999999
      vertex 9.90373435160685 -7.959786936034275 7.759999999999999
      vertex 9.889694891494607 -8.054433288178679 7.759999999999999
    endloop
  endfacet
  facet normal 0 0 1
    outer loop
      vertex 9.926983172661096 -8.4330275603231 7.759999999999999
      vertex 9.926983172661096 -7.8669724396769 7.759999999999999
      vertex 9.90373435160685 -7.959786936034275 7.759999999999999
    endloop
  endfacet
  facet normal 0 0 1
    outer loop
      vertex 9.959217455801495 -8.523116346555963 7.759999999999999
      vertex 9.959217455801495 -7.776883653444038 7.759999999999999
      vertex 9.926983172661096 -7.8669724396769 7.759999999999999
    endloop
  endfacet
  facet normal 0 0 1
    outer loop
      vertex 10.000126767260353 -8.609611818405348 7.759999999999999
      vertex 10.000126767260353 -7.690388181594653 7.759999999999999
      vertex 9.959217455801495 -7.776883653444038 7.759999999999999
    endloop
  endfacet
  facet normal 0 0 1
    outer loop
      vertex 10.049317128005018 -8.691680977194112 7.759999999999999
      vertex 10.049317128005018 -7.608319022805889 7.759999999999999
      vertex 10.000126767260353 -7.690388181594653 7.759999999999999
    endloop
  endfacet
  facet normal 0 0 1
    outer loop
      vertex 10.049317128005018 -7.608319022805889 7.759999999999999
      vertex 10.10631480797133 -8.768533452059554 7.759999999999999
      vertex 10.10631480797133 -7.531466547940446 7.759999999999999
    endloop
  endfacet
  facet normal 0 0 1
    outer loop
      vertex 10.241466547940446 -8.90368519202867 7.759999999999999
      vertex 10.170570888343116 -7.460570888343116 7.759999999999999
      vertex 10.170570888343116 -8.839429111656884 7.759999999999999
    endloop
  endfacet
  facet normal 0 0 1
    outer loop
      vertex 10.170570888343116 -8.839429111656884 7.759999999999999
      vertex 10.170570888343116 -7.460570888343116 7.759999999999999
      vertex 10.10631480797133 -7.531466547940446 7.759999999999999
    endloop
  endfacet
  facet normal 0 0 1
    outer loop
      vertex 10.241466547940446 -8.90368519202867 7.759999999999999
      vertex 10.241466547940446 -7.396314807971332 7.759999999999999
      vertex 10.170570888343116 -7.460570888343116 7.759999999999999
    endloop
  endfacet
  facet normal 0 0 1
    outer loop
      vertex 10.318319022805888 -8.960682871994981 7.759999999999999
      vertex 10.318319022805888 -7.3393171280050185 7.759999999999999
      vertex 10.241466547940446 -7.396314807971332 7.759999999999999
    endloop
  endfacet
  facet normal 0 0 1
    outer loop
      vertex 10.400388181594652 -9.009873232739647 7.759999999999999
      vertex 10.400388181594652 -7.290126767260354 7.759999999999999
      vertex 10.318319022805888 -7.3393171280050185 7.759999999999999
    endloop
  endfacet
  facet normal 0 0 1
    outer loop
      vertex 10.486883653444037 -9.050782544198505 7.759999999999999
      vertex 10.486883653444037 -7.249217455801496 7.759999999999999
      vertex 10.400388181594652 -7.290126767260354 7.759999999999999
    endloop
  endfacet
  facet normal 0 0 1
    outer loop
      vertex 10.576972439676899 -9.083016827338904 7.759999999999999
      vertex 10.576972439676899 -7.216983172661097 7.759999999999999
      vertex 10.486883653444037 -7.249217455801496 7.759999999999999
    endloop
  endfacet
  facet normal 0 0 1
    outer loop
      vertex 10.669786936034274 -9.10626564839315 7.759999999999999
      vertex 10.669786936034274 -7.19373435160685 7.759999999999999
      vertex 10.576972439676899 -7.216983172661097 7.759999999999999
    endloop
  endfacet
  facet normal -0.04084190374092264 -0.8313560493411369 0.5542373662274265
    outer loop
      vertex 10.725226432046854 -9.51837899917427 7.16
      vertex 10.86 -9.525 7.16
      vertex 10.764433288178678 -9.120305108505391 7.759999999999999
    endloop
  endfacet
  facet normal 0.0408419037409221 -0.8313560493411368 0.5542373662274266
    outer loop
      vertex 10.86 -9.525 7.16
      vertex 10.994773567953146 -9.51837899917427 7.16
      vertex 10.955566711821321 -9.120305108505391 7.759999999999999
    endloop
  endfacet
  facet normal 0.12213238136327906 -0.8233496361205368 0.5542373662274263
    outer loop
      vertex 10.994773567953146 -9.51837899917427 7.16
      vertex 11.128249192772175 -9.498579760554442 7.16
      vertex 11.050213063965725 -9.10626564839315 7.759999999999999
    endloop
  endfacet
  facet normal 0.2022466573887652 -0.8074139158154006 0.5542373662274251
    outer loop
      vertex 11.128249192772175 -9.498579760554442 7.16
      vertex 11.259141431224885 -9.465792961631786 7.16
      vertex 11.1430275603231 -9.083016827338904 7.759999999999999
    endloop
  endfacet
  facet normal 0.2804131875443082 -0.7837023581236225 0.5542373662274259
    outer loop
      vertex 11.259141431224885 -9.465792961631786 7.16
      vertex 11.386189719501997 -9.42033435720302 7.16
      vertex 11.233116346555962 -9.050782544198505 7.759999999999999
    endloop
  endfacet
  facet normal 0.35587918541437796 -0.7524433183078213 0.5542373662274257
    outer loop
      vertex 11.386189719501997 -9.42033435720302 7.16
      vertex 11.508170513135747 -9.362641738478988 7.16
      vertex 11.319611818405347 -9.009873232739647 7.759999999999999
    endloop
  endfacet
  facet normal 0.42791787218555266 -0.7139378380093567 0.5542373662274265
    outer loop
      vertex 11.508170513135747 -9.362641738478988 7.16
      vertex 11.623909070401952 -9.293270716916 7.16
      vertex 11.401680977194111 -8.960682871994981 7.759999999999999
    endloop
  endfacet
  facet normal 0.49583547592387744 -0.6685567460527411 0.5542373662274248
    outer loop
      vertex 11.623909070401952 -9.293270716916 7.16
      vertex 11.732290765725011 -9.212889373373763 7.16
      vertex 11.478533452059553 -8.90368519202867 7.759999999999999
    endloop
  endfacet
  facet normal 0.558977912977799 -0.6167370871613526 0.5542373662274263
    outer loop
      vertex 11.732290765725011 -9.212889373373763 7.16
      vertex 11.832271824131503 -9.122271824131502 7.16
      vertex 11.549429111656883 -8.839429111656884 7.759999999999999
    endloop
  endfacet
  facet normal -0.12213238136327664 -0.8233496361205372 0.5542373662274264
    outer loop
      vertex 10.725226432046854 -9.51837899917427 7.16
      vertex 10.764433288178678 -9.120305108505391 7.759999999999999
      vertex 10.669786936034274 -9.10626564839315 7.759999999999999
    endloop
  endfacet
  facet normal -0.040841903740924286 -0.8313560493411369 0.5542373662274263
    outer loop
      vertex 10.86 -9.525 7.16
      vertex 10.86 -9.125 7.759999999999999
      vertex 10.764433288178678 -9.120305108505391 7.759999999999999
    endloop
  endfacet
  facet normal 0.04084190374092434 -0.8313560493411369 0.5542373662274263
    outer loop
      vertex 10.86 -9.525 7.16
      vertex 10.955566711821321 -9.120305108505391 7.759999999999999
      vertex 10.86 -9.125 7.759999999999999
    endloop
  endfacet
  facet normal 0.12213238136327632 -0.8233496361205369 0.5542373662274266
    outer loop
      vertex 10.994773567953146 -9.51837899917427 7.16
      vertex 11.050213063965725 -9.10626564839315 7.759999999999999
      vertex 10.955566711821321 -9.120305108505391 7.759999999999999
    endloop
  endfacet
  facet normal 0.2022466573887558 -0.807413915815402 0.5542373662274264
    outer loop
      vertex 11.128249192772175 -9.498579760554442 7.16
      vertex 11.1430275603231 -9.083016827338904 7.759999999999999
      vertex 11.050213063965725 -9.10626564839315 7.759999999999999
    endloop
  endfacet
  facet normal 0.2804131875443154 -0.7837023581236208 0.5542373662274249
    outer loop
      vertex 11.259141431224885 -9.465792961631786 7.16
      vertex 11.233116346555962 -9.050782544198505 7.759999999999999
      vertex 11.1430275603231 -9.083016827338904 7.759999999999999
    endloop
  endfacet
  facet normal 0.3558791854143742 -0.7524433183078227 0.5542373662274261
    outer loop
      vertex 11.386189719501997 -9.42033435720302 7.16
      vertex 11.319611818405347 -9.009873232739647 7.759999999999999
      vertex 11.233116346555962 -9.050782544198505 7.759999999999999
    endloop
  endfacet
  facet normal 0.4279178721855591 -0.7139378380093535 0.5542373662274256
    outer loop
      vertex 11.508170513135747 -9.362641738478988 7.16
      vertex 11.401680977194111 -8.960682871994981 7.759999999999999
      vertex 11.319611818405347 -9.009873232739647 7.759999999999999
    endloop
  endfacet
  facet normal 0.4958354759238656 -0.6685567460527484 0.5542373662274267
    outer loop
      vertex 11.623909070401952 -9.293270716916 7.16
      vertex 11.478533452059553 -8.90368519202867 7.759999999999999
      vertex 11.401680977194111 -8.960682871994981 7.759999999999999
    endloop
  endfacet
  facet normal 0.558977912977809 -0.6167370871613452 0.5542373662274246
    outer loop
      vertex 11.732290765725011 -9.212889373373763 7.16
      vertex 11.549429111656883 -8.839429111656884 7.759999999999999
      vertex 11.478533452059553 -8.90368519202867 7.759999999999999
    endloop
  endfacet
  facet normal 0.6167370871613448 -0.5589779129778082 0.554237366227426
    outer loop
      vertex 11.922889373373764 -9.022290765725012 7.16
      vertex 11.613685192028669 -8.768533452059554 7.759999999999999
      vertex 11.549429111656883 -8.839429111656884 7.759999999999999
    endloop
  endfacet
  facet normal 0.6167370871613476 -0.5589779129778044 0.5542373662274266
    outer loop
      vertex 11.832271824131503 -9.122271824131502 7.16
      vertex 11.922889373373764 -9.022290765725012 7.16
      vertex 11.549429111656883 -8.839429111656884 7.759999999999999
    endloop
  endfacet
  facet normal 0.6685567460527457 -0.49583547592386984 0.554237366227426
    outer loop
      vertex 11.922889373373764 -9.022290765725012 7.16
      vertex 12.003270716916 -8.913909070401953 7.16
      vertex 11.613685192028669 -8.768533452059554 7.759999999999999
    endloop
  endfacet
  facet normal 0.7139378380093596 -0.4279178721855479 0.5542373662274264
    outer loop
      vertex 12.003270716916 -8.913909070401953 7.16
      vertex 12.072641738478987 -8.798170513135746 7.16
      vertex 11.67068287199498 -8.691680977194112 7.759999999999999
    endloop
  endfacet
  facet normal 0.7524433183078216 -0.3558791854143782 0.5542373662274249
    outer loop
      vertex 12.072641738478987 -8.798170513135746 7.16
      vertex 12.130334357203019 -8.676189719501997 7.16
      vertex 11.719873232739646 -8.609611818405348 7.759999999999999
    endloop
  endfacet
  facet normal 0.7837023581236193 -0.2804131875443179 0.5542373662274256
    outer loop
      vertex 11.760782544198504 -8.523116346555963 7.759999999999999
      vertex 12.130334357203019 -8.676189719501997 7.16
      vertex 12.175792961631787 -8.549141431224884 7.16
    endloop
  endfacet
  facet normal 0.8074139158154031 -0.20224665738875225 0.554237366227426
    outer loop
      vertex 11.793016827338903 -8.4330275603231 7.759999999999999
      vertex 12.175792961631787 -8.549141431224884 7.16
      vertex 12.208579760554441 -8.418249192772173 7.16
    endloop
  endfacet
  facet normal 0.6685567460527484 -0.4958354759238656 0.5542373662274267
    outer loop
      vertex 12.003270716916 -8.913909070401953 7.16
      vertex 11.67068287199498 -8.691680977194112 7.759999999999999
      vertex 11.613685192028669 -8.768533452059554 7.759999999999999
    endloop
  endfacet
  facet normal 0.7139378380093541 -0.4279178721855594 0.5542373662274247
    outer loop
      vertex 12.072641738478987 -8.798170513135746 7.16
      vertex 11.719873232739646 -8.609611818405348 7.759999999999999
      vertex 11.67068287199498 -8.691680977194112 7.759999999999999
    endloop
  endfacet
  facet normal 0.7524433183078232 -0.3558791854143745 0.5542373662274255
    outer loop
      vertex 11.719873232739646 -8.609611818405348 7.759999999999999
      vertex 12.130334357203019 -8.676189719501997 7.16
      vertex 11.760782544198504 -8.523116346555963 7.759999999999999
    endloop
  endfacet
  facet normal 0.7837023581236202 -0.28041318754431516 0.554237366227426
    outer loop
      vertex 11.760782544198504 -8.523116346555963 7.759999999999999
      vertex 12.175792961631787 -8.549141431224884 7.16
      vertex 11.793016827338903 -8.4330275603231 7.759999999999999
    endloop
  endfacet
  facet normal 0.8233496361205384 -0.12213238136327106 0.5542373662274256
    outer loop
      vertex 11.816265648393149 -8.340213063965725 7.759999999999999
      vertex 12.208579760554441 -8.418249192772173 7.16
      vertex 12.22837899917427 -8.284773567953135 7.16
    endloop
  endfacet
  facet normal 0.8313560493411382 -0.04084190374092598 0.5542373662274244
    outer loop
      vertex 11.830305108505392 -8.245566711821322 7.759999999999999
      vertex 12.22837899917427 -8.284773567953135 7.16
      vertex 12.235 -8.15 7.16
    endloop
  endfacet
  facet normal 0.831356049341138 0.04084190374092226 0.5542373662274249
    outer loop
      vertex 11.830305108505392 -8.054433288178679 7.759999999999999
      vertex 12.235 -8.15 7.16
      vertex 12.22837899917427 -8.015226432046854 7.16
    endloop
  endfacet
  facet normal 0.8233496361205368 0.12213238136327911 0.5542373662274263
    outer loop
      vertex 11.816265648393149 -7.959786936034275 7.759999999999999
      vertex 12.22837899917427 -8.015226432046854 7.16
      vertex 12.208579760554441 -7.881750807227824 7.16
    endloop
  endfacet
  facet normal 0.7524433183078209 0.3558791854143803 0.5542373662274248
    outer loop
      vertex 12.072641738478987 -7.501829486864254 7.159999999999999
      vertex 11.719873232739646 -7.690388181594653 7.759999999999999
      vertex 12.130334357203019 -7.623810280498002 7.159999999999999
    endloop
  endfacet
  facet normal 0.7139378380093585 0.4279178721855505 0.5542373662274259
    outer loop
      vertex 12.072641738478987 -7.501829486864254 7.159999999999999
      vertex 12.003270716916 -7.386090929598048 7.159999999999999
      vertex 11.67068287199498 -7.608319022805889 7.759999999999999
    endloop
  endfacet
  facet normal 0.8074139158154005 0.20224665738876527 0.554237366227425
    outer loop
      vertex 11.793016827338903 -7.8669724396769 7.759999999999999
      vertex 12.208579760554441 -7.881750807227824 7.16
      vertex 12.175792961631785 -7.750858568775115 7.16
    endloop
  endfacet
  facet normal 0.7837023581236217 0.2804131875443119 0.5542373662274254
    outer loop
      vertex 11.760782544198504 -7.776883653444038 7.759999999999999
      vertex 12.175792961631785 -7.750858568775115 7.16
      vertex 12.130334357203019 -7.623810280498002 7.159999999999999
    endloop
  endfacet
  facet normal 0.8074139158154026 -0.20224665738875608 0.5542373662274255
    outer loop
      vertex 11.793016827338903 -8.4330275603231 7.759999999999999
      vertex 12.208579760554441 -8.418249192772173 7.16
      vertex 11.816265648393149 -8.340213063965725 7.759999999999999
    endloop
  endfacet
  facet normal 0.8233496361205372 -0.12213238136329199 0.5542373662274229
    outer loop
      vertex 11.816265648393149 -8.340213063965725 7.759999999999999
      vertex 12.22837899917427 -8.284773567953135 7.16
      vertex 11.830305108505392 -8.245566711821322 7.759999999999999
    endloop
  endfacet
  facet normal 0.8313560493411375 -0.04084190374090888 0.5542373662274266
    outer loop
      vertex 11.830305108505392 -8.245566711821322 7.759999999999999
      vertex 12.235 -8.15 7.16
      vertex 11.834999999999999 -8.15 7.759999999999999
    endloop
  endfacet
  facet normal 0.8313560493411375 0.04084190374090888 0.5542373662274266
    outer loop
      vertex 11.834999999999999 -8.15 7.759999999999999
      vertex 12.235 -8.15 7.16
      vertex 11.830305108505392 -8.054433288178679 7.759999999999999
    endloop
  endfacet
  facet normal 0.823349636120536 0.12213238136329181 0.5542373662274246
    outer loop
      vertex 11.830305108505392 -8.054433288178679 7.759999999999999
      vertex 12.22837899917427 -8.015226432046854 7.16
      vertex 11.816265648393149 -7.959786936034275 7.759999999999999
    endloop
  endfacet
  facet normal 0.8074139158154019 0.2022466573887559 0.5542373662274263
    outer loop
      vertex 11.816265648393149 -7.959786936034275 7.759999999999999
      vertex 12.208579760554441 -7.881750807227824 7.16
      vertex 11.793016827338903 -7.8669724396769 7.759999999999999
    endloop
  endfacet
  facet normal 0.7837023581236208 0.2804131875443154 0.5542373662274249
    outer loop
      vertex 11.793016827338903 -7.8669724396769 7.759999999999999
      vertex 12.175792961631785 -7.750858568775115 7.16
      vertex 11.760782544198504 -7.776883653444038 7.759999999999999
    endloop
  endfacet
  facet normal 0.7139378380093542 0.4279178721855594 0.5542373662274245
    outer loop
      vertex 12.072641738478987 -7.501829486864254 7.159999999999999
      vertex 11.67068287199498 -7.608319022805889 7.759999999999999
      vertex 11.719873232739646 -7.690388181594653 7.759999999999999
    endloop
  endfacet
  facet normal 0.6685567460527514 0.49583547592386223 0.5542373662274263
    outer loop
      vertex 11.613685192028669 -7.531466547940446 7.759999999999999
      vertex 11.67068287199498 -7.608319022805889 7.759999999999999
      vertex 12.003270716916 -7.386090929598048 7.159999999999999
    endloop
  endfacet
  facet normal 0.7524433183078229 0.3558791854143744 0.5542373662274255
    outer loop
      vertex 11.760782544198504 -7.776883653444038 7.759999999999999
      vertex 12.130334357203019 -7.623810280498002 7.159999999999999
      vertex 11.719873232739646 -7.690388181594653 7.759999999999999
    endloop
  endfacet
  facet normal 0 0 1
    outer loop
      vertex 10.764433288178678 -9.120305108505391 7.759999999999999
      vertex 10.669786936034274 -7.19373435160685 7.759999999999999
      vertex 10.669786936034274 -9.10626564839315 7.759999999999999
    endloop
  endfacet
  facet normal 0 0 1
    outer loop
      vertex 10.764433288178678 -9.120305108505391 7.759999999999999
      vertex 10.86 -9.125 7.759999999999999
      vertex 10.764433288178678 -7.179694891494608 7.759999999999999
    endloop
  endfacet
  facet normal 0 0 1
    outer loop
      vertex 10.86 -9.125 7.759999999999999
      vertex 10.955566711821321 -9.120305108505391 7.759999999999999
      vertex 10.86 -7.175000000000001 7.759999999999999
    endloop
  endfacet
  facet normal 0 0 1
    outer loop
      vertex 10.955566711821321 -9.120305108505391 7.759999999999999
      vertex 11.050213063965725 -9.10626564839315 7.759999999999999
      vertex 10.955566711821321 -7.179694891494608 7.759999999999999
    endloop
  endfacet
  facet normal 0 0 1
    outer loop
      vertex 11.050213063965725 -9.10626564839315 7.759999999999999
      vertex 11.1430275603231 -9.083016827338904 7.759999999999999
      vertex 11.050213063965725 -7.19373435160685 7.759999999999999
    endloop
  endfacet
  facet normal 0 0 1
    outer loop
      vertex 11.1430275603231 -9.083016827338904 7.759999999999999
      vertex 11.233116346555962 -9.050782544198505 7.759999999999999
      vertex 11.1430275603231 -7.216983172661097 7.759999999999999
    endloop
  endfacet
  facet normal 0 0 1
    outer loop
      vertex 11.233116346555962 -9.050782544198505 7.759999999999999
      vertex 11.319611818405347 -9.009873232739647 7.759999999999999
      vertex 11.233116346555962 -7.249217455801496 7.759999999999999
    endloop
  endfacet
  facet normal 0 0 1
    outer loop
      vertex 11.319611818405347 -9.009873232739647 7.759999999999999
      vertex 11.401680977194111 -8.960682871994981 7.759999999999999
      vertex 11.319611818405347 -7.290126767260354 7.759999999999999
    endloop
  endfacet
  facet normal 0 0 1
    outer loop
      vertex 10.764433288178678 -9.120305108505391 7.759999999999999
      vertex 10.764433288178678 -7.179694891494608 7.759999999999999
      vertex 10.669786936034274 -7.19373435160685 7.759999999999999
    endloop
  endfacet
  facet normal 0 0 1
    outer loop
      vertex 10.86 -9.125 7.759999999999999
      vertex 10.86 -7.175000000000001 7.759999999999999
      vertex 10.764433288178678 -7.179694891494608 7.759999999999999
    endloop
  endfacet
  facet normal 0 0 1
    outer loop
      vertex 10.955566711821321 -9.120305108505391 7.759999999999999
      vertex 10.955566711821321 -7.179694891494608 7.759999999999999
      vertex 10.86 -7.175000000000001 7.759999999999999
    endloop
  endfacet
  facet normal 0 0 1
    outer loop
      vertex 11.050213063965725 -9.10626564839315 7.759999999999999
      vertex 11.050213063965725 -7.19373435160685 7.759999999999999
      vertex 10.955566711821321 -7.179694891494608 7.759999999999999
    endloop
  endfacet
  facet normal 0 0 1
    outer loop
      vertex 11.1430275603231 -9.083016827338904 7.759999999999999
      vertex 11.1430275603231 -7.216983172661097 7.759999999999999
      vertex 11.050213063965725 -7.19373435160685 7.759999999999999
    endloop
  endfacet
  facet normal 0 0 1
    outer loop
      vertex 11.401680977194111 -8.960682871994981 7.759999999999999
      vertex 11.478533452059553 -8.90368519202867 7.759999999999999
      vertex 11.401680977194111 -7.3393171280050185 7.759999999999999
    endloop
  endfacet
  facet normal 0 0 1
    outer loop
      vertex 11.478533452059553 -8.90368519202867 7.759999999999999
      vertex 11.549429111656883 -8.839429111656884 7.759999999999999
      vertex 11.478533452059553 -7.396314807971332 7.759999999999999
    endloop
  endfacet
  facet normal 0 0 1
    outer loop
      vertex 11.549429111656883 -8.839429111656884 7.759999999999999
      vertex 11.613685192028669 -8.768533452059554 7.759999999999999
      vertex 11.549429111656883 -7.460570888343116 7.759999999999999
    endloop
  endfacet
  facet normal 0 0 1
    outer loop
      vertex 11.613685192028669 -8.768533452059554 7.759999999999999
      vertex 11.67068287199498 -8.691680977194112 7.759999999999999
      vertex 11.613685192028669 -7.531466547940446 7.759999999999999
    endloop
  endfacet
  facet normal 0 0 1
    outer loop
      vertex 11.67068287199498 -8.691680977194112 7.759999999999999
      vertex 11.719873232739646 -8.609611818405348 7.759999999999999
      vertex 11.67068287199498 -7.608319022805889 7.759999999999999
    endloop
  endfacet
  facet normal 0 0 1
    outer loop
      vertex 11.719873232739646 -8.609611818405348 7.759999999999999
      vertex 11.719873232739646 -7.690388181594653 7.759999999999999
      vertex 11.67068287199498 -7.608319022805889 7.759999999999999
    endloop
  endfacet
  facet normal 0 0 1
    outer loop
      vertex 11.233116346555962 -9.050782544198505 7.759999999999999
      vertex 11.233116346555962 -7.249217455801496 7.759999999999999
      vertex 11.1430275603231 -7.216983172661097 7.759999999999999
    endloop
  endfacet
  facet normal 0 0 1
    outer loop
      vertex 11.319611818405347 -9.009873232739647 7.759999999999999
      vertex 11.319611818405347 -7.290126767260354 7.759999999999999
      vertex 11.233116346555962 -7.249217455801496 7.759999999999999
    endloop
  endfacet
  facet normal 0 0 1
    outer loop
      vertex 11.401680977194111 -8.960682871994981 7.759999999999999
      vertex 11.401680977194111 -7.3393171280050185 7.759999999999999
      vertex 11.319611818405347 -7.290126767260354 7.759999999999999
    endloop
  endfacet
  facet normal 0 0 1
    outer loop
      vertex 11.478533452059553 -8.90368519202867 7.759999999999999
      vertex 11.478533452059553 -7.396314807971332 7.759999999999999
      vertex 11.401680977194111 -7.3393171280050185 7.759999999999999
    endloop
  endfacet
  facet normal 0 0 1
    outer loop
      vertex 11.549429111656883 -8.839429111656884 7.759999999999999
      vertex 11.549429111656883 -7.460570888343116 7.759999999999999
      vertex 11.478533452059553 -7.396314807971332 7.759999999999999
    endloop
  endfacet
  facet normal 0 0 1
    outer loop
      vertex 11.613685192028669 -8.768533452059554 7.759999999999999
      vertex 11.613685192028669 -7.531466547940446 7.759999999999999
      vertex 11.549429111656883 -7.460570888343116 7.759999999999999
    endloop
  endfacet
  facet normal 0 0 1
    outer loop
      vertex 11.67068287199498 -8.691680977194112 7.759999999999999
      vertex 11.67068287199498 -7.608319022805889 7.759999999999999
      vertex 11.613685192028669 -7.531466547940446 7.759999999999999
    endloop
  endfacet
  facet normal 0 0 1
    outer loop
      vertex 11.719873232739646 -8.609611818405348 7.759999999999999
      vertex 11.760782544198504 -8.523116346555963 7.759999999999999
      vertex 11.719873232739646 -7.690388181594653 7.759999999999999
    endloop
  endfacet
  facet normal 0 0 1
    outer loop
      vertex 11.760782544198504 -8.523116346555963 7.759999999999999
      vertex 11.793016827338903 -8.4330275603231 7.759999999999999
      vertex 11.760782544198504 -7.776883653444038 7.759999999999999
    endloop
  endfacet
  facet normal 0 0 1
    outer loop
      vertex 11.793016827338903 -8.4330275603231 7.759999999999999
      vertex 11.816265648393149 -8.340213063965725 7.759999999999999
      vertex 11.793016827338903 -7.8669724396769 7.759999999999999
    endloop
  endfacet
  facet normal 0 0 1
    outer loop
      vertex 11.816265648393149 -8.340213063965725 7.759999999999999
      vertex 11.830305108505392 -8.245566711821322 7.759999999999999
      vertex 11.816265648393149 -7.959786936034275 7.759999999999999
    endloop
  endfacet
  facet normal 0 0 1
    outer loop
      vertex 11.830305108505392 -8.245566711821322 7.759999999999999
      vertex 11.834999999999999 -8.15 7.759999999999999
      vertex 11.830305108505392 -8.054433288178679 7.759999999999999
    endloop
  endfacet
  facet normal 0 0 1
    outer loop
      vertex 11.830305108505392 -8.245566711821322 7.759999999999999
      vertex 11.830305108505392 -8.054433288178679 7.759999999999999
      vertex 11.816265648393149 -7.959786936034275 7.759999999999999
    endloop
  endfacet
  facet normal 0 0 1
    outer loop
      vertex 11.793016827338903 -8.4330275603231 7.759999999999999
      vertex 11.793016827338903 -7.8669724396769 7.759999999999999
      vertex 11.760782544198504 -7.776883653444038 7.759999999999999
    endloop
  endfacet
  facet normal 0 0 1
    outer loop
      vertex 11.760782544198504 -8.523116346555963 7.759999999999999
      vertex 11.760782544198504 -7.776883653444038 7.759999999999999
      vertex 11.719873232739646 -7.690388181594653 7.759999999999999
    endloop
  endfacet
  facet normal 0 0 1
    outer loop
      vertex 11.816265648393149 -8.340213063965725 7.759999999999999
      vertex 11.816265648393149 -7.959786936034275 7.759999999999999
      vertex 11.793016827338903 -7.8669724396769 7.759999999999999
    endloop
  endfacet
  facet normal -0.668556746052748 0.4958354759238675 0.5542373662274253
    outer loop
      vertex 10.10631480797133 -7.531466547940446 7.759999999999999
      vertex 9.797110626626235 -7.277709234274988 7.159999999999999
      vertex 9.716729283084 -7.386090929598048 7.159999999999999
    endloop
  endfacet
  facet normal -0.6167370871613479 0.5589779129778047 0.554237366227426
    outer loop
      vertex 9.797110626626235 -7.277709234274988 7.159999999999999
      vertex 10.170570888343116 -7.460570888343116 7.759999999999999
      vertex 9.887728175868496 -7.177728175868498 7.159999999999999
    endloop
  endfacet
  facet normal -0.558977912977802 0.6167370871613505 0.5542373662274258
    outer loop
      vertex 9.887728175868496 -7.177728175868498 7.159999999999999
      vertex 10.170570888343116 -7.460570888343116 7.759999999999999
      vertex 9.987709234274988 -7.087110626626237 7.16
    endloop
  endfacet
  facet normal -0.4958354759238734 0.6685567460527431 0.5542373662274261
    outer loop
      vertex 9.987709234274988 -7.087110626626237 7.16
      vertex 10.241466547940446 -7.396314807971332 7.759999999999999
      vertex 10.096090929598047 -7.006729283084001 7.16
    endloop
  endfacet
  facet normal -0.4279178721855529 0.7139378380093572 0.5542373662274258
    outer loop
      vertex 10.096090929598047 -7.006729283084001 7.16
      vertex 10.318319022805888 -7.3393171280050185 7.759999999999999
      vertex 10.211829486864252 -6.9373582615210125 7.16
    endloop
  endfacet
  facet normal -0.35587918541437796 0.7524433183078213 0.5542373662274257
    outer loop
      vertex 10.211829486864252 -6.9373582615210125 7.16
      vertex 10.400388181594652 -7.290126767260354 7.759999999999999
      vertex 10.333810280498001 -6.879665642796981 7.16
    endloop
  endfacet
  facet normal -0.2804131875443178 0.7837023581236189 0.554237366227426
    outer loop
      vertex 10.333810280498001 -6.879665642796981 7.16
      vertex 10.486883653444037 -7.249217455801496 7.759999999999999
      vertex 10.460858568775114 -6.834207038368213 7.16
    endloop
  endfacet
  facet normal -0.20224665738875466 0.8074139158154021 0.5542373662274266
    outer loop
      vertex 10.460858568775114 -6.834207038368213 7.16
      vertex 10.576972439676899 -7.216983172661097 7.759999999999999
      vertex 10.591750807227823 -6.801420239445559 7.16
    endloop
  endfacet
  facet normal -0.12213238136327394 0.8233496361205381 0.5542373662274254
    outer loop
      vertex 10.591750807227823 -6.801420239445559 7.16
      vertex 10.669786936034274 -7.19373435160685 7.759999999999999
      vertex 10.725226432046854 -6.78162100082573 7.159999999999999
    endloop
  endfacet
  facet normal -0.6167370871613448 0.5589779129778086 0.5542373662274254
    outer loop
      vertex 10.10631480797133 -7.531466547940446 7.759999999999999
      vertex 10.170570888343116 -7.460570888343116 7.759999999999999
      vertex 9.797110626626235 -7.277709234274988 7.159999999999999
    endloop
  endfacet
  facet normal -0.5589779129777995 0.6167370871613522 0.5542373662274261
    outer loop
      vertex 9.987709234274988 -7.087110626626237 7.16
      vertex 10.170570888343116 -7.460570888343116 7.759999999999999
      vertex 10.241466547940446 -7.396314807971332 7.759999999999999
    endloop
  endfacet
  facet normal -0.4958354759238759 0.6685567460527415 0.5542373662274256
    outer loop
      vertex 10.096090929598047 -7.006729283084001 7.16
      vertex 10.241466547940446 -7.396314807971332 7.759999999999999
      vertex 10.318319022805888 -7.3393171280050185 7.759999999999999
    endloop
  endfacet
  facet normal -0.42791787218555344 0.7139378380093571 0.5542373662274258
    outer loop
      vertex 10.211829486864252 -6.9373582615210125 7.16
      vertex 10.318319022805888 -7.3393171280050185 7.759999999999999
      vertex 10.400388181594652 -7.290126767260354 7.759999999999999
    endloop
  endfacet
  facet normal -0.3558791854143742 0.7524433183078227 0.5542373662274261
    outer loop
      vertex 10.333810280498001 -6.879665642796981 7.16
      vertex 10.400388181594652 -7.290126767260354 7.759999999999999
      vertex 10.486883653444037 -7.249217455801496 7.759999999999999
    endloop
  endfacet
  facet normal -0.28041318754431516 0.7837023581236198 0.5542373662274266
    outer loop
      vertex 10.460858568775114 -6.834207038368213 7.16
      vertex 10.486883653444037 -7.249217455801496 7.759999999999999
      vertex 10.576972439676899 -7.216983172661097 7.759999999999999
    endloop
  endfacet
  facet normal -0.20224665738876352 0.8074139158154008 0.5542373662274253
    outer loop
      vertex 10.591750807227823 -6.801420239445559 7.16
      vertex 10.576972439676899 -7.216983172661097 7.759999999999999
      vertex 10.669786936034274 -7.19373435160685 7.759999999999999
    endloop
  endfacet
  facet normal -0.04084190374092268 0.8313560493411377 0.554237366227425
    outer loop
      vertex 10.725226432046854 -6.78162100082573 7.159999999999999
      vertex 10.764433288178678 -7.179694891494608 7.759999999999999
      vertex 10.86 -6.775 7.159999999999999
    endloop
  endfacet
  facet normal 0.04084190374091902 0.8313560493411377 0.5542373662274255
    outer loop
      vertex 10.994773567953144 -6.78162100082573 7.16
      vertex 10.86 -6.775 7.159999999999999
      vertex 10.955566711821321 -7.179694891494608 7.759999999999999
    endloop
  endfacet
  facet normal 0.12213238136327756 0.8233496361205377 0.5542373662274255
    outer loop
      vertex 10.994773567953144 -6.78162100082573 7.16
      vertex 11.050213063965725 -7.19373435160685 7.759999999999999
      vertex 11.128249192772175 -6.801420239445559 7.16
    endloop
  endfacet
  facet normal 0.20224665738875466 0.8074139158154021 0.5542373662274265
    outer loop
      vertex 11.128249192772175 -6.801420239445559 7.16
      vertex 11.1430275603231 -7.216983172661097 7.759999999999999
      vertex 11.259141431224885 -6.834207038368213 7.16
    endloop
  endfacet
  facet normal 0.35587918541437796 0.7524433183078213 0.5542373662274256
    outer loop
      vertex 11.386189719501997 -6.879665642796981 7.16
      vertex 11.319611818405347 -7.290126767260354 7.759999999999999
      vertex 11.508170513135747 -6.9373582615210125 7.16
    endloop
  endfacet
  facet normal 0.4279178721855529 0.7139378380093572 0.5542373662274257
    outer loop
      vertex 11.508170513135747 -6.9373582615210125 7.16
      vertex 11.401680977194111 -7.3393171280050185 7.759999999999999
      vertex 11.623909070401952 -7.006729283084001 7.16
    endloop
  endfacet
  facet normal 0.4958354759238734 0.6685567460527431 0.5542373662274261
    outer loop
      vertex 11.732290765725011 -7.087110626626237 7.16
      vertex 11.623909070401952 -7.006729283084001 7.16
      vertex 11.478533452059553 -7.396314807971332 7.759999999999999
    endloop
  endfacet
  facet normal 0.558977912977802 0.6167370871613505 0.5542373662274258
    outer loop
      vertex 11.732290765725011 -7.087110626626237 7.16
      vertex 11.549429111656883 -7.460570888343116 7.759999999999999
      vertex 11.832271824131503 -7.177728175868498 7.159999999999999
    endloop
  endfacet
  facet normal 0.2804131875443178 0.7837023581236189 0.554237366227426
    outer loop
      vertex 11.259141431224885 -6.834207038368213 7.16
      vertex 11.233116346555962 -7.249217455801496 7.759999999999999
      vertex 11.386189719501997 -6.879665642796981 7.16
    endloop
  endfacet
  facet normal -0.1221323813632767 0.823349636120538 0.5542373662274248
    outer loop
      vertex 10.725226432046854 -6.78162100082573 7.159999999999999
      vertex 10.669786936034274 -7.19373435160685 7.759999999999999
      vertex 10.764433288178678 -7.179694891494608 7.759999999999999
    endloop
  endfacet
  facet normal -0.04084190374091656 0.8313560493411376 0.5542373662274258
    outer loop
      vertex 10.86 -6.775 7.159999999999999
      vertex 10.764433288178678 -7.179694891494608 7.759999999999999
      vertex 10.86 -7.175000000000001 7.759999999999999
    endloop
  endfacet
  facet normal 0.04084190374091669 0.8313560493411376 0.5542373662274258
    outer loop
      vertex 10.86 -6.775 7.159999999999999
      vertex 10.86 -7.175000000000001 7.759999999999999
      vertex 10.955566711821321 -7.179694891494608 7.759999999999999
    endloop
  endfacet
  facet normal 0.12213238136327677 0.8233496361205376 0.5542373662274255
    outer loop
      vertex 10.994773567953144 -6.78162100082573 7.16
      vertex 10.955566711821321 -7.179694891494608 7.759999999999999
      vertex 11.050213063965725 -7.19373435160685 7.759999999999999
    endloop
  endfacet
  facet normal 0.2022466573887634 0.8074139158154008 0.5542373662274253
    outer loop
      vertex 11.128249192772175 -6.801420239445559 7.16
      vertex 11.050213063965725 -7.19373435160685 7.759999999999999
      vertex 11.1430275603231 -7.216983172661097 7.759999999999999
    endloop
  endfacet
  facet normal 0.35587918541437447 0.7524433183078226 0.5542373662274261
    outer loop
      vertex 11.386189719501997 -6.879665642796981 7.16
      vertex 11.233116346555962 -7.249217455801496 7.759999999999999
      vertex 11.319611818405347 -7.290126767260354 7.759999999999999
    endloop
  endfacet
  facet normal 0.28041318754431505 0.7837023581236198 0.5542373662274265
    outer loop
      vertex 11.259141431224885 -6.834207038368213 7.16
      vertex 11.1430275603231 -7.216983172661097 7.759999999999999
      vertex 11.233116346555962 -7.249217455801496 7.759999999999999
    endloop
  endfacet
  facet normal 0.4279178721855534 0.7139378380093571 0.5542373662274258
    outer loop
      vertex 11.508170513135747 -6.9373582615210125 7.16
      vertex 11.319611818405347 -7.290126767260354 7.759999999999999
      vertex 11.401680977194111 -7.3393171280050185 7.759999999999999
    endloop
  endfacet
  facet normal 0.5589779129777996 0.6167370871613521 0.5542373662274263
    outer loop
      vertex 11.732290765725011 -7.087110626626237 7.16
      vertex 11.478533452059553 -7.396314807971332 7.759999999999999
      vertex 11.549429111656883 -7.460570888343116 7.759999999999999
    endloop
  endfacet
  facet normal 0.6167370871613448 0.5589779129778086 0.5542373662274253
    outer loop
      vertex 11.613685192028669 -7.531466547940446 7.759999999999999
      vertex 11.922889373373764 -7.277709234274988 7.159999999999999
      vertex 11.549429111656883 -7.460570888343116 7.759999999999999
    endloop
  endfacet
  facet normal 0.4958354759238761 0.6685567460527413 0.5542373662274256
    outer loop
      vertex 11.623909070401952 -7.006729283084001 7.16
      vertex 11.401680977194111 -7.3393171280050185 7.759999999999999
      vertex 11.478533452059553 -7.396314807971332 7.759999999999999
    endloop
  endfacet
  facet normal 0.6685567460527482 0.49583547592386745 0.5542373662274253
    outer loop
      vertex 11.613685192028669 -7.531466547940446 7.759999999999999
      vertex 12.003270716916 -7.386090929598048 7.159999999999999
      vertex 11.922889373373764 -7.277709234274988 7.159999999999999
    endloop
  endfacet
  facet normal 0.6167370871613479 0.5589779129778047 0.554237366227426
    outer loop
      vertex 11.832271824131503 -7.177728175868498 7.159999999999999
      vertex 11.549429111656883 -7.460570888343116 7.759999999999999
      vertex 11.922889373373764 -7.277709234274988 7.159999999999999
    endloop
  endfacet
  facet normal -0.6715589548470186 -0.740951125354959 0
    outer loop
      vertex 9.480194606944071 6.468702263936048 2
      vertex 9.480194606944071 6.468702263936048 4.8
      vertex 9.322042750919259 6.61204275091926 2
    endloop
  endfacet
  facet normal -0.5956993044924321 -0.8032075314806458 -2.8119246833342835e-18
    outer loop
      vertex 9.480194606944071 6.468702263936048 2
      vertex 9.651634743182365 6.341553593241965 2
      vertex 9.651634743182365 6.341553593241965 4.8
    endloop
  endfacet
  facet normal -0.8577286100002706 -0.5141027441932242 -2.8700516743443445e-18
    outer loop
      vertex 9.051553593241964 6.941634743182366 2
      vertex 8.941821250042327 7.124712097403456 4.8
      vertex 8.941821250042327 7.124712097403456 2
    endloop
  endfacet
  facet normal -0.9039892931234426 -0.4275550934302837 -1.7530742013974197e-18
    outer loop
      vertex 8.941821250042327 7.124712097403456 2
      vertex 8.85056201678795 7.31766353460593 4.8
      vertex 8.85056201678795 7.31766353460593 2
    endloop
  endfacet
  facet normal -0.9415440651830213 -0.3368898533922188 -7.305765006376511e-19
    outer loop
      vertex 8.85056201678795 7.31766353460593 2
      vertex 8.778654769782445 7.5186308269715445 4.8
      vertex 8.778654769782445 7.5186308269715445 2
    endloop
  endfacet
  facet normal -0.7409511253549569 -0.6715589548470208 0
    outer loop
      vertex 9.178702263936046 6.770194606944072 2
      vertex 9.322042750919259 6.61204275091926 2
      vertex 9.178702263936046 6.770194606944072 4.8
    endloop
  endfacet
  facet normal -0.8032075314806477 -0.5956993044924295 0
    outer loop
      vertex 9.051553593241964 6.941634743182366 2
      vertex 9.178702263936046 6.770194606944072 2
      vertex 9.051553593241964 6.941634743182366 4.8
    endloop
  endfacet
  facet normal -0.514102744193226 -0.8577286100002695 0
    outer loop
      vertex 9.834712097403454 6.231821250042328 2
      vertex 9.834712097403454 6.231821250042328 4.8
      vertex 9.651634743182365 6.341553593241965 2
    endloop
  endfacet
  facet normal -0.4275550934302805 -0.903989293123444 -1.5506074315925563e-19
    outer loop
      vertex 9.834712097403454 6.231821250042328 2
      vertex 10.02766353460593 6.1405620167879515 2
      vertex 10.02766353460593 6.1405620167879515 4.8
    endloop
  endfacet
  facet normal -0.24298017990326776 -0.970031253194543 -8.118087602236523e-19
    outer loop
      vertex 10.228630826971544 6.068654769782446 2
      vertex 10.43567854961492 6.016792015122974 2
      vertex 10.43567854961492 6.016792015122974 4.8
    endloop
  endfacet
  facet normal -0.1467304744553623 -0.9891765099647809 2.0848633384480764e-19
    outer loop
      vertex 10.43567854961492 6.016792015122974 2
      vertex 10.646812719783204 5.985473219487972 2
      vertex 10.646812719783204 5.985473219487972 4.8
    endloop
  endfacet
  facet normal -0.3368898533922188 -0.9415440651830213 -7.305765006376511e-19
    outer loop
      vertex 10.02766353460593 6.1405620167879515 2
      vertex 10.228630826971544 6.068654769782446 2
      vertex 10.228630826971544 6.068654769782446 4.8
    endloop
  endfacet
  facet normal -0.04906767432741463 -0.9987954562051726 2.490841251631315e-19
    outer loop
      vertex 10.646812719783204 5.985473219487972 2
      vertex 10.86 5.9750000000000005 2
      vertex 10.86 5.9750000000000005 4.8
    endloop
  endfacet
  facet normal 0.04906767432741463 -0.9987954562051726 -2.490841251631315e-19
    outer loop
      vertex 10.86 5.9750000000000005 2
      vertex 11.073187280216795 5.985473219487972 2
      vertex 11.073187280216795 5.985473219487972 4.8
    endloop
  endfacet
  facet normal 0.1467304744553623 -0.9891765099647809 -2.0848633384480764e-19
    outer loop
      vertex 11.073187280216795 5.985473219487972 2
      vertex 11.284321450385079 6.016792015122974 2
      vertex 11.284321450385079 6.016792015122974 4.8
    endloop
  endfacet
  facet normal 0.24298017990326776 -0.970031253194543 8.118087602236523e-19
    outer loop
      vertex 11.284321450385079 6.016792015122974 2
      vertex 11.491369173028454 6.068654769782446 2
      vertex 11.491369173028454 6.068654769782446 4.8
    endloop
  endfacet
  facet normal 0.3368898533922188 -0.9415440651830213 7.305765006376511e-19
    outer loop
      vertex 11.491369173028454 6.068654769782446 2
      vertex 11.69233646539407 6.1405620167879515 2
      vertex 11.69233646539407 6.1405620167879515 4.8
    endloop
  endfacet
  facet normal 0.4275550934302805 -0.903989293123444 1.5506074315925563e-19
    outer loop
      vertex 11.69233646539407 6.1405620167879515 2
      vertex 11.885287902596545 6.231821250042328 2
      vertex 11.885287902596545 6.231821250042328 4.8
    endloop
  endfacet
  facet normal 0.514102744193226 -0.8577286100002695 2.3389924263616932e-18
    outer loop
      vertex 11.885287902596545 6.231821250042328 2
      vertex 12.068365256817634 6.341553593241965 2
      vertex 12.068365256817634 6.341553593241965 4.8
    endloop
  endfacet
  facet normal 0.5956993044924321 -0.8032075314806458 2.8119246833342835e-18
    outer loop
      vertex 12.068365256817634 6.341553593241965 2
      vertex 12.239805393055928 6.468702263936048 2
      vertex 12.239805393055928 6.468702263936048 4.8
    endloop
  endfacet
  facet normal 0.6715589548470186 -0.740951125354959 7.458114997198285e-19
    outer loop
      vertex 12.239805393055928 6.468702263936048 2
      vertex 12.39795724908074 6.61204275091926 2
      vertex 12.39795724908074 6.61204275091926 4.8
    endloop
  endfacet
  facet normal 0.7409511253549569 -0.6715589548470208 0
    outer loop
      vertex 12.39795724908074 6.61204275091926 2
      vertex 12.541297736063953 6.770194606944072 2
      vertex 12.39795724908074 6.61204275091926 4.8
    endloop
  endfacet
  facet normal 0.8032075314806477 -0.5956993044924295 0
    outer loop
      vertex 12.541297736063953 6.770194606944072 2
      vertex 12.668446406758035 6.941634743182366 2
      vertex 12.541297736063953 6.770194606944072 4.8
    endloop
  endfacet
  facet normal 0.8577286100002706 -0.5141027441932242 0
    outer loop
      vertex 12.668446406758035 6.941634743182366 2
      vertex 12.778178749957672 7.124712097403456 2
      vertex 12.668446406758035 6.941634743182366 4.8
    endloop
  endfacet
  facet normal -0.5956993044924321 -0.8032075314806458 0
    outer loop
      vertex 9.480194606944071 6.468702263936048 2
      vertex 9.651634743182365 6.341553593241965 4.8
      vertex 9.480194606944071 6.468702263936048 4.8
    endloop
  endfacet
  facet normal -0.8577286100002706 -0.5141027441932242 0
    outer loop
      vertex 9.051553593241964 6.941634743182366 2
      vertex 9.051553593241964 6.941634743182366 4.8
      vertex 8.941821250042327 7.124712097403456 4.8
    endloop
  endfacet
  facet normal -0.9039892931234426 -0.4275550934302837 0
    outer loop
      vertex 8.941821250042327 7.124712097403456 2
      vertex 8.941821250042327 7.124712097403456 4.8
      vertex 8.85056201678795 7.31766353460593 4.8
    endloop
  endfacet
  facet normal -0.9415440651830213 -0.3368898533922188 0
    outer loop
      vertex 8.85056201678795 7.31766353460593 2
      vertex 8.85056201678795 7.31766353460593 4.8
      vertex 8.778654769782445 7.5186308269715445 4.8
    endloop
  endfacet
  facet normal -0.7409511253549569 -0.6715589548470208 0
    outer loop
      vertex 9.322042750919259 6.61204275091926 2
      vertex 9.322042750919259 6.61204275091926 4.8
      vertex 9.178702263936046 6.770194606944072 4.8
    endloop
  endfacet
  facet normal -0.8032075314806477 -0.5956993044924295 0
    outer loop
      vertex 9.178702263936046 6.770194606944072 2
      vertex 9.178702263936046 6.770194606944072 4.8
      vertex 9.051553593241964 6.941634743182366 4.8
    endloop
  endfacet
  facet normal -0.6715589548470186 -0.740951125354959 0
    outer loop
      vertex 9.322042750919259 6.61204275091926 2
      vertex 9.480194606944071 6.468702263936048 4.8
      vertex 9.322042750919259 6.61204275091926 4.8
    endloop
  endfacet
  facet normal -0.514102744193226 -0.8577286100002695 0
    outer loop
      vertex 9.651634743182365 6.341553593241965 2
      vertex 9.834712097403454 6.231821250042328 4.8
      vertex 9.651634743182365 6.341553593241965 4.8
    endloop
  endfacet
  facet normal -0.4275550934302805 -0.903989293123444 0
    outer loop
      vertex 9.834712097403454 6.231821250042328 2
      vertex 10.02766353460593 6.1405620167879515 4.8
      vertex 9.834712097403454 6.231821250042328 4.8
    endloop
  endfacet
  facet normal -0.3368898533922188 -0.9415440651830213 0
    outer loop
      vertex 10.02766353460593 6.1405620167879515 2
      vertex 10.228630826971544 6.068654769782446 4.8
      vertex 10.02766353460593 6.1405620167879515 4.8
    endloop
  endfacet
  facet normal -0.24298017990326776 -0.970031253194543 0
    outer loop
      vertex 10.228630826971544 6.068654769782446 2
      vertex 10.43567854961492 6.016792015122974 4.8
      vertex 10.228630826971544 6.068654769782446 4.8
    endloop
  endfacet
  facet normal -0.1467304744553623 -0.9891765099647809 0
    outer loop
      vertex 10.43567854961492 6.016792015122974 2
      vertex 10.646812719783204 5.985473219487972 4.8
      vertex 10.43567854961492 6.016792015122974 4.8
    endloop
  endfacet
  facet normal -0.04906767432741463 -0.9987954562051726 0
    outer loop
      vertex 10.646812719783204 5.985473219487972 2
      vertex 10.86 5.9750000000000005 4.8
      vertex 10.646812719783204 5.985473219487972 4.8
    endloop
  endfacet
  facet normal 0.04906767432741463 -0.9987954562051726 0
    outer loop
      vertex 10.86 5.9750000000000005 2
      vertex 11.073187280216795 5.985473219487972 4.8
      vertex 10.86 5.9750000000000005 4.8
    endloop
  endfacet
  facet normal 0.1467304744553623 -0.9891765099647809 0
    outer loop
      vertex 11.073187280216795 5.985473219487972 2
      vertex 11.284321450385079 6.016792015122974 4.8
      vertex 11.073187280216795 5.985473219487972 4.8
    endloop
  endfacet
  facet normal 0.24298017990326776 -0.970031253194543 0
    outer loop
      vertex 11.284321450385079 6.016792015122974 2
      vertex 11.491369173028454 6.068654769782446 4.8
      vertex 11.284321450385079 6.016792015122974 4.8
    endloop
  endfacet
  facet normal 0.3368898533922188 -0.9415440651830213 0
    outer loop
      vertex 11.491369173028454 6.068654769782446 2
      vertex 11.69233646539407 6.1405620167879515 4.8
      vertex 11.491369173028454 6.068654769782446 4.8
    endloop
  endfacet
  facet normal 0.4275550934302805 -0.903989293123444 0
    outer loop
      vertex 11.69233646539407 6.1405620167879515 2
      vertex 11.885287902596545 6.231821250042328 4.8
      vertex 11.69233646539407 6.1405620167879515 4.8
    endloop
  endfacet
  facet normal 0.514102744193226 -0.8577286100002695 0
    outer loop
      vertex 11.885287902596545 6.231821250042328 2
      vertex 12.068365256817634 6.341553593241965 4.8
      vertex 11.885287902596545 6.231821250042328 4.8
    endloop
  endfacet
  facet normal 0.5956993044924321 -0.8032075314806458 0
    outer loop
      vertex 12.068365256817634 6.341553593241965 2
      vertex 12.239805393055928 6.468702263936048 4.8
      vertex 12.068365256817634 6.341553593241965 4.8
    endloop
  endfacet
  facet normal 0.6715589548470186 -0.740951125354959 0
    outer loop
      vertex 12.239805393055928 6.468702263936048 2
      vertex 12.39795724908074 6.61204275091926 4.8
      vertex 12.239805393055928 6.468702263936048 4.8
    endloop
  endfacet
  facet normal 0.7409511253549569 -0.6715589548470208 0
    outer loop
      vertex 12.541297736063953 6.770194606944072 2
      vertex 12.541297736063953 6.770194606944072 4.8
      vertex 12.39795724908074 6.61204275091926 4.8
    endloop
  endfacet
  facet normal 0.8032075314806477 -0.5956993044924295 0
    outer loop
      vertex 12.668446406758035 6.941634743182366 2
      vertex 12.668446406758035 6.941634743182366 4.8
      vertex 12.541297736063953 6.770194606944072 4.8
    endloop
  endfacet
  facet normal 0.8577286100002706 -0.5141027441932242 0
    outer loop
      vertex 12.778178749957672 7.124712097403456 2
      vertex 12.778178749957672 7.124712097403456 4.8
      vertex 12.668446406758035 6.941634743182366 4.8
    endloop
  endfacet
  facet normal 0.9039892931234426 -0.4275550934302837 0
    outer loop
      vertex 12.778178749957672 7.124712097403456 2
      vertex 12.869437983212048 7.31766353460593 2
      vertex 12.778178749957672 7.124712097403456 4.8
    endloop
  endfacet
  facet normal 0.9415440651830213 -0.3368898533922188 0
    outer loop
      vertex 12.869437983212048 7.31766353460593 2
      vertex 12.941345230217554 7.5186308269715445 2
      vertex 12.869437983212048 7.31766353460593 4.8
    endloop
  endfacet
  facet normal 0.9039892931234426 -0.4275550934302837 0
    outer loop
      vertex 12.869437983212048 7.31766353460593 2
      vertex 12.869437983212048 7.31766353460593 4.8
      vertex 12.778178749957672 7.124712097403456 4.8
    endloop
  endfacet
  facet normal 0.9415440651830213 -0.3368898533922188 0
    outer loop
      vertex 12.941345230217554 7.5186308269715445 2
      vertex 12.941345230217554 7.5186308269715445 4.8
      vertex 12.869437983212048 7.31766353460593 4.8
    endloop
  endfacet
  facet normal -0.9700312531945434 -0.24298017990326576 -1.123724612254956e-18
    outer loop
      vertex 8.778654769782445 7.5186308269715445 2
      vertex 8.726792015122973 7.725678549614922 4.8
      vertex 8.726792015122973 7.725678549614922 2
    endloop
  endfacet
  facet normal -0.9891765099647809 -0.1467304744553623 0
    outer loop
      vertex 8.69547321948797 7.936812719783206 2
      vertex 8.726792015122973 7.725678549614922 2
      vertex 8.69547321948797 7.936812719783206 4.8
    endloop
  endfacet
  facet normal -0.9987954562051724 -0.04906767432741898 1.341437173057933e-19
    outer loop
      vertex 8.69547321948797 7.936812719783206 2
      vertex 8.684999999999999 8.15 4.8
      vertex 8.684999999999999 8.15 2
    endloop
  endfacet
  facet normal -0.9987954562051723 0.04906767432741877 1.9178475523374868e-19
    outer loop
      vertex 8.684999999999999 8.15 2
      vertex 8.69547321948797 8.363187280216795 4.8
      vertex 8.69547321948797 8.363187280216795 2
    endloop
  endfacet
  facet normal -0.9891765099647809 0.1467304744553623 -2.0848633384480764e-19
    outer loop
      vertex 8.69547321948797 8.363187280216795 2
      vertex 8.726792015122973 8.57432145038508 4.8
      vertex 8.726792015122973 8.57432145038508 2
    endloop
  endfacet
  facet normal -0.970031253194543 0.24298017990326776 8.118087602236523e-19
    outer loop
      vertex 8.726792015122973 8.57432145038508 2
      vertex 8.778654769782445 8.781369173028455 4.8
      vertex 8.778654769782445 8.781369173028455 2
    endloop
  endfacet
  facet normal -0.9415440651830213 0.3368898533922188 7.305765006376511e-19
    outer loop
      vertex 8.778654769782445 8.781369173028455 2
      vertex 8.85056201678795 8.98233646539407 4.8
      vertex 8.85056201678795 8.98233646539407 2
    endloop
  endfacet
  facet normal -0.903989293123444 0.4275550934302805 1.5506074315925563e-19
    outer loop
      vertex 8.85056201678795 8.98233646539407 2
      vertex 8.941821250042327 9.175287902596546 4.8
      vertex 8.941821250042327 9.175287902596546 2
    endloop
  endfacet
  facet normal -0.8577286100002695 0.514102744193226 2.3389924263616932e-18
    outer loop
      vertex 8.941821250042327 9.175287902596546 2
      vertex 9.051553593241964 9.358365256817635 4.8
      vertex 9.051553593241964 9.358365256817635 2
    endloop
  endfacet
  facet normal -0.8032075314806477 0.5956993044924295 -2.3470143059598516e-18
    outer loop
      vertex 9.051553593241964 9.358365256817635 2
      vertex 9.178702263936046 9.529805393055929 4.8
      vertex 9.178702263936046 9.529805393055929 2
    endloop
  endfacet
  facet normal -0.7409511253549569 0.6715589548470208 -2.232982998695004e-18
    outer loop
      vertex 9.178702263936046 9.529805393055929 2
      vertex 9.322042750919259 9.68795724908074 4.8
      vertex 9.322042750919259 9.68795724908074 2
    endloop
  endfacet
  facet normal -0.6715589548470162 0.7409511253549611 0
    outer loop
      vertex 9.322042750919259 9.68795724908074 2
      vertex 9.322042750919259 9.68795724908074 4.8
      vertex 9.480194606944071 9.831297736063952 2
    endloop
  endfacet
  facet normal -0.5956993044924348 0.8032075314806437 0
    outer loop
      vertex 9.480194606944071 9.831297736063952 2
      vertex 9.480194606944071 9.831297736063952 4.8
      vertex 9.651634743182365 9.958446406758036 2
    endloop
  endfacet
  facet normal -0.514102744193226 0.8577286100002695 0
    outer loop
      vertex 9.651634743182365 9.958446406758036 2
      vertex 9.651634743182365 9.958446406758036 4.8
      vertex 9.834712097403454 10.068178749957672 2
    endloop
  endfacet
  facet normal -0.4275550934302805 0.903989293123444 0
    outer loop
      vertex 9.834712097403454 10.068178749957672 2
      vertex 9.834712097403454 10.068178749957672 4.8
      vertex 10.02766353460593 10.15943798321205 2
    endloop
  endfacet
  facet normal -0.3368898533922188 0.9415440651830213 0
    outer loop
      vertex 10.02766353460593 10.15943798321205 2
      vertex 10.02766353460593 10.15943798321205 4.8
      vertex 10.228630826971544 10.231345230217554 2
    endloop
  endfacet
  facet normal -0.24298017990326776 0.970031253194543 0
    outer loop
      vertex 10.228630826971544 10.231345230217554 2
      vertex 10.228630826971544 10.231345230217554 4.8
      vertex 10.43567854961492 10.283207984877027 2
    endloop
  endfacet
  facet normal -0.1467304744553623 0.9891765099647809 0
    outer loop
      vertex 10.43567854961492 10.283207984877027 2
      vertex 10.43567854961492 10.283207984877027 4.8
      vertex 10.646812719783204 10.314526780512029 2
    endloop
  endfacet
  facet normal 0.8577286100002695 0.514102744193226 0
    outer loop
      vertex 12.778178749957672 9.175287902596546 2
      vertex 12.668446406758035 9.358365256817635 2
      vertex 12.778178749957672 9.175287902596546 4.8
    endloop
  endfacet
  facet normal 0.24298017990326776 0.970031253194543 0
    outer loop
      vertex 11.284321450385079 10.283207984877027 2
      vertex 11.284321450385079 10.283207984877027 4.8
      vertex 11.491369173028454 10.231345230217554 2
    endloop
  endfacet
  facet normal 0.3368898533922188 0.9415440651830213 0
    outer loop
      vertex 11.491369173028454 10.231345230217554 2
      vertex 11.491369173028454 10.231345230217554 4.8
      vertex 11.69233646539407 10.15943798321205 2
    endloop
  endfacet
  facet normal -0.049067674327410465 0.9987954562051726 0
    outer loop
      vertex 10.646812719783204 10.314526780512029 2
      vertex 10.646812719783204 10.314526780512029 4.8
      vertex 10.86 10.325 2
    endloop
  endfacet
  facet normal 0.049067674327410465 0.9987954562051726 0
    outer loop
      vertex 10.86 10.325 2
      vertex 10.86 10.325 4.8
      vertex 11.073187280216795 10.314526780512029 2
    endloop
  endfacet
  facet normal 0.1467304744553623 0.9891765099647809 0
    outer loop
      vertex 11.073187280216795 10.314526780512029 2
      vertex 11.073187280216795 10.314526780512029 4.8
      vertex 11.284321450385079 10.283207984877027 2
    endloop
  endfacet
  facet normal 0.514102744193226 0.8577286100002695 -2.3389924263616932e-18
    outer loop
      vertex 12.068365256817634 9.958446406758036 2
      vertex 11.885287902596545 10.068178749957672 2
      vertex 11.885287902596545 10.068178749957672 4.8
    endloop
  endfacet
  facet normal 0.4275550934302805 0.903989293123444 0
    outer loop
      vertex 11.69233646539407 10.15943798321205 2
      vertex 11.69233646539407 10.15943798321205 4.8
      vertex 11.885287902596545 10.068178749957672 2
    endloop
  endfacet
  facet normal 0.5956993044924348 0.8032075314806437 0
    outer loop
      vertex 12.068365256817634 9.958446406758036 2
      vertex 12.068365256817634 9.958446406758036 4.8
      vertex 12.239805393055928 9.831297736063952 2
    endloop
  endfacet
  facet normal 0.7409511253549569 0.6715589548470208 0
    outer loop
      vertex 12.541297736063953 9.529805393055929 2
      vertex 12.39795724908074 9.68795724908074 2
      vertex 12.541297736063953 9.529805393055929 4.8
    endloop
  endfacet
  facet normal 0.6715589548470162 0.7409511253549611 2.0805980453179383e-18
    outer loop
      vertex 12.39795724908074 9.68795724908074 2
      vertex 12.239805393055928 9.831297736063952 2
      vertex 12.239805393055928 9.831297736063952 4.8
    endloop
  endfacet
  facet normal 0.8032075314806477 0.5956993044924295 2.3470143059598516e-18
    outer loop
      vertex 12.541297736063953 9.529805393055929 2
      vertex 12.668446406758035 9.358365256817635 4.8
      vertex 12.668446406758035 9.358365256817635 2
    endloop
  endfacet
  facet normal -0.9700312531945434 -0.24298017990326576 0
    outer loop
      vertex 8.778654769782445 7.5186308269715445 2
      vertex 8.778654769782445 7.5186308269715445 4.8
      vertex 8.726792015122973 7.725678549614922 4.8
    endloop
  endfacet
  facet normal -0.9891765099647809 -0.1467304744553623 0
    outer loop
      vertex 8.726792015122973 7.725678549614922 2
      vertex 8.726792015122973 7.725678549614922 4.8
      vertex 8.69547321948797 7.936812719783206 4.8
    endloop
  endfacet
  facet normal -0.9987954562051724 -0.04906767432741898 0
    outer loop
      vertex 8.69547321948797 7.936812719783206 2
      vertex 8.69547321948797 7.936812719783206 4.8
      vertex 8.684999999999999 8.15 4.8
    endloop
  endfacet
  facet normal -0.9987954562051723 0.04906767432741877 0
    outer loop
      vertex 8.684999999999999 8.15 2
      vertex 8.684999999999999 8.15 4.8
      vertex 8.69547321948797 8.363187280216795 4.8
    endloop
  endfacet
  facet normal -0.9891765099647809 0.1467304744553623 0
    outer loop
      vertex 8.69547321948797 8.363187280216795 2
      vertex 8.69547321948797 8.363187280216795 4.8
      vertex 8.726792015122973 8.57432145038508 4.8
    endloop
  endfacet
  facet normal -0.970031253194543 0.24298017990326776 0
    outer loop
      vertex 8.726792015122973 8.57432145038508 2
      vertex 8.726792015122973 8.57432145038508 4.8
      vertex 8.778654769782445 8.781369173028455 4.8
    endloop
  endfacet
  facet normal -0.9415440651830213 0.3368898533922188 0
    outer loop
      vertex 8.778654769782445 8.781369173028455 2
      vertex 8.778654769782445 8.781369173028455 4.8
      vertex 8.85056201678795 8.98233646539407 4.8
    endloop
  endfacet
  facet normal -0.903989293123444 0.4275550934302805 0
    outer loop
      vertex 8.85056201678795 8.98233646539407 2
      vertex 8.85056201678795 8.98233646539407 4.8
      vertex 8.941821250042327 9.175287902596546 4.8
    endloop
  endfacet
  facet normal -0.8577286100002695 0.514102744193226 0
    outer loop
      vertex 8.941821250042327 9.175287902596546 2
      vertex 8.941821250042327 9.175287902596546 4.8
      vertex 9.051553593241964 9.358365256817635 4.8
    endloop
  endfacet
  facet normal -0.8032075314806477 0.5956993044924295 0
    outer loop
      vertex 9.051553593241964 9.358365256817635 2
      vertex 9.051553593241964 9.358365256817635 4.8
      vertex 9.178702263936046 9.529805393055929 4.8
    endloop
  endfacet
  facet normal -0.7409511253549569 0.6715589548470208 0
    outer loop
      vertex 9.178702263936046 9.529805393055929 2
      vertex 9.178702263936046 9.529805393055929 4.8
      vertex 9.322042750919259 9.68795724908074 4.8
    endloop
  endfacet
  facet normal -0.6715589548470162 0.7409511253549611 0
    outer loop
      vertex 9.480194606944071 9.831297736063952 2
      vertex 9.322042750919259 9.68795724908074 4.8
      vertex 9.480194606944071 9.831297736063952 4.8
    endloop
  endfacet
  facet normal -0.5956993044924348 0.8032075314806437 0
    outer loop
      vertex 9.651634743182365 9.958446406758036 2
      vertex 9.480194606944071 9.831297736063952 4.8
      vertex 9.651634743182365 9.958446406758036 4.8
    endloop
  endfacet
  facet normal -0.514102744193226 0.8577286100002695 0
    outer loop
      vertex 9.834712097403454 10.068178749957672 2
      vertex 9.651634743182365 9.958446406758036 4.8
      vertex 9.834712097403454 10.068178749957672 4.8
    endloop
  endfacet
  facet normal -0.4275550934302805 0.903989293123444 0
    outer loop
      vertex 10.02766353460593 10.15943798321205 2
      vertex 9.834712097403454 10.068178749957672 4.8
      vertex 10.02766353460593 10.15943798321205 4.8
    endloop
  endfacet
  facet normal -0.3368898533922188 0.9415440651830213 0
    outer loop
      vertex 10.228630826971544 10.231345230217554 2
      vertex 10.02766353460593 10.15943798321205 4.8
      vertex 10.228630826971544 10.231345230217554 4.8
    endloop
  endfacet
  facet normal -0.24298017990326776 0.970031253194543 0
    outer loop
      vertex 10.43567854961492 10.283207984877027 2
      vertex 10.228630826971544 10.231345230217554 4.8
      vertex 10.43567854961492 10.283207984877027 4.8
    endloop
  endfacet
  facet normal -0.1467304744553623 0.9891765099647809 0
    outer loop
      vertex 10.646812719783204 10.314526780512029 2
      vertex 10.43567854961492 10.283207984877027 4.8
      vertex 10.646812719783204 10.314526780512029 4.8
    endloop
  endfacet
  facet normal 0.8577286100002695 0.514102744193226 0
    outer loop
      vertex 12.668446406758035 9.358365256817635 2
      vertex 12.668446406758035 9.358365256817635 4.8
      vertex 12.778178749957672 9.175287902596546 4.8
    endloop
  endfacet
  facet normal 0.24298017990326776 0.970031253194543 0
    outer loop
      vertex 11.491369173028454 10.231345230217554 2
      vertex 11.284321450385079 10.283207984877027 4.8
      vertex 11.491369173028454 10.231345230217554 4.8
    endloop
  endfacet
  facet normal 0.3368898533922188 0.9415440651830213 0
    outer loop
      vertex 11.69233646539407 10.15943798321205 2
      vertex 11.491369173028454 10.231345230217554 4.8
      vertex 11.69233646539407 10.15943798321205 4.8
    endloop
  endfacet
  facet normal -0.049067674327410465 0.9987954562051726 0
    outer loop
      vertex 10.86 10.325 2
      vertex 10.646812719783204 10.314526780512029 4.8
      vertex 10.86 10.325 4.8
    endloop
  endfacet
  facet normal 0.049067674327410465 0.9987954562051726 0
    outer loop
      vertex 11.073187280216795 10.314526780512029 2
      vertex 10.86 10.325 4.8
      vertex 11.073187280216795 10.314526780512029 4.8
    endloop
  endfacet
  facet normal 0.1467304744553623 0.9891765099647809 0
    outer loop
      vertex 11.284321450385079 10.283207984877027 2
      vertex 11.073187280216795 10.314526780512029 4.8
      vertex 11.284321450385079 10.283207984877027 4.8
    endloop
  endfacet
  facet normal 0.4275550934302805 0.903989293123444 0
    outer loop
      vertex 11.885287902596545 10.068178749957672 2
      vertex 11.69233646539407 10.15943798321205 4.8
      vertex 11.885287902596545 10.068178749957672 4.8
    endloop
  endfacet
  facet normal 0.514102744193226 0.8577286100002695 0
    outer loop
      vertex 12.068365256817634 9.958446406758036 2
      vertex 11.885287902596545 10.068178749957672 4.8
      vertex 12.068365256817634 9.958446406758036 4.8
    endloop
  endfacet
  facet normal 0.5956993044924348 0.8032075314806437 0
    outer loop
      vertex 12.239805393055928 9.831297736063952 2
      vertex 12.068365256817634 9.958446406758036 4.8
      vertex 12.239805393055928 9.831297736063952 4.8
    endloop
  endfacet
  facet normal 0.6715589548470162 0.7409511253549611 0
    outer loop
      vertex 12.39795724908074 9.68795724908074 2
      vertex 12.239805393055928 9.831297736063952 4.8
      vertex 12.39795724908074 9.68795724908074 4.8
    endloop
  endfacet
  facet normal 0.7409511253549569 0.6715589548470208 0
    outer loop
      vertex 12.39795724908074 9.68795724908074 2
      vertex 12.39795724908074 9.68795724908074 4.8
      vertex 12.541297736063953 9.529805393055929 4.8
    endloop
  endfacet
  facet normal 0.8032075314806477 0.5956993044924295 0
    outer loop
      vertex 12.541297736063953 9.529805393055929 2
      vertex 12.541297736063953 9.529805393055929 4.8
      vertex 12.668446406758035 9.358365256817635 4.8
    endloop
  endfacet
  facet normal 0.9700312531945434 -0.24298017990326576 0
    outer loop
      vertex 12.941345230217554 7.5186308269715445 2
      vertex 12.993207984877026 7.725678549614922 2
      vertex 12.941345230217554 7.5186308269715445 4.8
    endloop
  endfacet
  facet normal 0.9891765099647809 -0.1467304744553623 0
    outer loop
      vertex 12.993207984877026 7.725678549614922 2
      vertex 13.024526780512028 7.936812719783206 2
      vertex 12.993207984877026 7.725678549614922 4.8
    endloop
  endfacet
  facet normal 0.9987954562051724 -0.04906767432741898 0
    outer loop
      vertex 13.024526780512028 7.936812719783206 2
      vertex 13.035 8.15 2
      vertex 13.024526780512028 7.936812719783206 4.8
    endloop
  endfacet
  facet normal 0.9987954562051723 0.04906767432741877 0
    outer loop
      vertex 13.035 8.15 2
      vertex 13.024526780512028 8.363187280216795 2
      vertex 13.035 8.15 4.8
    endloop
  endfacet
  facet normal 0.9891765099647809 0.1467304744553623 0
    outer loop
      vertex 13.024526780512028 8.363187280216795 2
      vertex 12.993207984877026 8.57432145038508 2
      vertex 13.024526780512028 8.363187280216795 4.8
    endloop
  endfacet
  facet normal 0.970031253194543 0.24298017990326776 0
    outer loop
      vertex 12.993207984877026 8.57432145038508 2
      vertex 12.941345230217554 8.781369173028455 2
      vertex 12.993207984877026 8.57432145038508 4.8
    endloop
  endfacet
  facet normal 0.9415440651830213 0.3368898533922188 0
    outer loop
      vertex 12.941345230217554 8.781369173028455 2
      vertex 12.869437983212048 8.98233646539407 2
      vertex 12.941345230217554 8.781369173028455 4.8
    endloop
  endfacet
  facet normal 0.903989293123444 0.4275550934302805 0
    outer loop
      vertex 12.869437983212048 8.98233646539407 2
      vertex 12.778178749957672 9.175287902596546 2
      vertex 12.869437983212048 8.98233646539407 4.8
    endloop
  endfacet
  facet normal 0.9700312531945434 -0.24298017990326576 0
    outer loop
      vertex 12.993207984877026 7.725678549614922 2
      vertex 12.993207984877026 7.725678549614922 4.8
      vertex 12.941345230217554 7.5186308269715445 4.8
    endloop
  endfacet
  facet normal 0.9891765099647809 -0.1467304744553623 0
    outer loop
      vertex 13.024526780512028 7.936812719783206 2
      vertex 13.024526780512028 7.936812719783206 4.8
      vertex 12.993207984877026 7.725678549614922 4.8
    endloop
  endfacet
  facet normal 0.9987954562051724 -0.04906767432741898 0
    outer loop
      vertex 13.035 8.15 2
      vertex 13.035 8.15 4.8
      vertex 13.024526780512028 7.936812719783206 4.8
    endloop
  endfacet
  facet normal 0.9987954562051723 0.04906767432741877 0
    outer loop
      vertex 13.024526780512028 8.363187280216795 2
      vertex 13.024526780512028 8.363187280216795 4.8
      vertex 13.035 8.15 4.8
    endloop
  endfacet
  facet normal 0.9891765099647809 0.1467304744553623 0
    outer loop
      vertex 12.993207984877026 8.57432145038508 2
      vertex 12.993207984877026 8.57432145038508 4.8
      vertex 13.024526780512028 8.363187280216795 4.8
    endloop
  endfacet
  facet normal 0.970031253194543 0.24298017990326776 0
    outer loop
      vertex 12.941345230217554 8.781369173028455 2
      vertex 12.941345230217554 8.781369173028455 4.8
      vertex 12.993207984877026 8.57432145038508 4.8
    endloop
  endfacet
  facet normal 0.9415440651830213 0.3368898533922188 0
    outer loop
      vertex 12.869437983212048 8.98233646539407 2
      vertex 12.869437983212048 8.98233646539407 4.8
      vertex 12.941345230217554 8.781369173028455 4.8
    endloop
  endfacet
  facet normal 0.903989293123444 0.4275550934302805 0
    outer loop
      vertex 12.778178749957672 9.175287902596546 2
      vertex 12.778178749957672 9.175287902596546 4.8
      vertex 12.869437983212048 8.98233646539407 4.8
    endloop
  endfacet
  facet normal 0 0 1
    outer loop
      vertex 9.480194606944071 6.468702263936048 4.8
      vertex 9.651634743182365 6.341553593241965 4.8
      vertex 9.544207038368212 7.750858568775115 4.8
    endloop
  endfacet
  facet normal 0 0 1
    outer loop
      vertex 9.651634743182365 6.341553593241965 4.8
      vertex 9.58966564279698 7.623810280498002 4.8
      vertex 9.544207038368212 7.750858568775115 4.8
    endloop
  endfacet
  facet normal 0 0 1
    outer loop
      vertex 9.480194606944071 6.468702263936048 4.8
      vertex 9.544207038368212 7.750858568775115 4.8
      vertex 9.511420239445558 7.881750807227824 4.8
    endloop
  endfacet
  facet normal 0 0 1
    outer loop
      vertex 9.480194606944071 6.468702263936048 4.8
      vertex 9.511420239445558 7.881750807227824 4.8
      vertex 9.49162100082573 8.015226432046855 4.8
    endloop
  endfacet
  facet normal 0 0 1
    outer loop
      vertex 9.834712097403454 6.231821250042328 4.8
      vertex 10.02766353460593 6.1405620167879515 4.8
      vertex 9.887728175868496 7.177728175868498 4.8
    endloop
  endfacet
  facet normal 0 0 1
    outer loop
      vertex 10.02766353460593 6.1405620167879515 4.8
      vertex 10.228630826971544 6.068654769782446 4.8
      vertex 10.096090929598047 7.006729283084001 4.8
    endloop
  endfacet
  facet normal 0 0 1
    outer loop
      vertex 10.228630826971544 6.068654769782446 4.8
      vertex 10.43567854961492 6.016792015122974 4.8
      vertex 10.333810280498001 6.879665642796981 4.8
    endloop
  endfacet
  facet normal 0 0 1
    outer loop
      vertex 10.43567854961492 6.016792015122974 4.8
      vertex 10.646812719783204 5.985473219487972 4.8
      vertex 10.591750807227823 6.801420239445559 4.8
    endloop
  endfacet
  facet normal 0 0 1
    outer loop
      vertex 10.646812719783204 5.985473219487972 4.8
      vertex 10.725226432046854 6.78162100082573 4.8
      vertex 10.591750807227823 6.801420239445559 4.8
    endloop
  endfacet
  facet normal 0 0 1
    outer loop
      vertex 9.834712097403454 6.231821250042328 4.8
      vertex 9.716729283084 7.386090929598048 4.8
      vertex 9.651634743182365 6.341553593241965 4.8
    endloop
  endfacet
  facet normal 0 0 1
    outer loop
      vertex 9.834712097403454 6.231821250042328 4.8
      vertex 9.887728175868496 7.177728175868498 4.8
      vertex 9.797110626626235 7.277709234274988 4.8
    endloop
  endfacet
  facet normal 0 0 1
    outer loop
      vertex 9.834712097403454 6.231821250042328 4.8
      vertex 9.797110626626235 7.277709234274988 4.8
      vertex 9.716729283084 7.386090929598048 4.8
    endloop
  endfacet
  facet normal 0 0 1
    outer loop
      vertex 10.02766353460593 6.1405620167879515 4.8
      vertex 10.096090929598047 7.006729283084001 4.8
      vertex 9.987709234274988 7.087110626626237 4.8
    endloop
  endfacet
  facet normal 0 0 1
    outer loop
      vertex 10.02766353460593 6.1405620167879515 4.8
      vertex 9.987709234274988 7.087110626626237 4.8
      vertex 9.887728175868496 7.177728175868498 4.8
    endloop
  endfacet
  facet normal 0 0 1
    outer loop
      vertex 9.651634743182365 6.341553593241965 4.8
      vertex 9.716729283084 7.386090929598048 4.8
      vertex 9.647358261521012 7.501829486864254 4.8
    endloop
  endfacet
  facet normal 0 0 1
    outer loop
      vertex 9.651634743182365 6.341553593241965 4.8
      vertex 9.647358261521012 7.501829486864254 4.8
      vertex 9.58966564279698 7.623810280498002 4.8
    endloop
  endfacet
  facet normal 0 0 1
    outer loop
      vertex 10.228630826971544 6.068654769782446 4.8
      vertex 10.333810280498001 6.879665642796981 4.8
      vertex 10.211829486864252 6.9373582615210125 4.8
    endloop
  endfacet
  facet normal 0 0 1
    outer loop
      vertex 10.096090929598047 7.006729283084001 4.8
      vertex 10.228630826971544 6.068654769782446 4.8
      vertex 10.211829486864252 6.9373582615210125 4.8
    endloop
  endfacet
  facet normal 0 0 1
    outer loop
      vertex 10.43567854961492 6.016792015122974 4.8
      vertex 10.460858568775114 6.834207038368213 4.8
      vertex 10.333810280498001 6.879665642796981 4.8
    endloop
  endfacet
  facet normal 0 0 1
    outer loop
      vertex 10.43567854961492 6.016792015122974 4.8
      vertex 10.591750807227823 6.801420239445559 4.8
      vertex 10.460858568775114 6.834207038368213 4.8
    endloop
  endfacet
  facet normal 0 0 1
    outer loop
      vertex 10.646812719783204 5.985473219487972 4.8
      vertex 10.86 5.9750000000000005 4.8
      vertex 10.725226432046854 6.78162100082573 4.8
    endloop
  endfacet
  facet normal 0 0 1
    outer loop
      vertex 10.86 5.9750000000000005 4.8
      vertex 10.86 6.775 4.8
      vertex 10.725226432046854 6.78162100082573 4.8
    endloop
  endfacet
  facet normal 0 0 1
    outer loop
      vertex 10.86 5.9750000000000005 4.8
      vertex 10.994773567953144 6.78162100082573 4.8
      vertex 10.86 6.775 4.8
    endloop
  endfacet
  facet normal 0 0 1
    outer loop
      vertex 10.86 5.9750000000000005 4.8
      vertex 11.073187280216795 5.985473219487972 4.8
      vertex 10.994773567953144 6.78162100082573 4.8
    endloop
  endfacet
  facet normal 0 0 1
    outer loop
      vertex 11.073187280216795 5.985473219487972 4.8
      vertex 11.284321450385079 6.016792015122974 4.8
      vertex 10.994773567953144 6.78162100082573 4.8
    endloop
  endfacet
  facet normal 0 0 1
    outer loop
      vertex 10.994773567953144 6.78162100082573 4.8
      vertex 11.284321450385079 6.016792015122974 4.8
      vertex 11.128249192772175 6.801420239445559 4.8
    endloop
  endfacet
  facet normal 0 0 1
    outer loop
      vertex 11.284321450385079 6.016792015122974 4.8
      vertex 11.491369173028454 6.068654769782446 4.8
      vertex 11.259141431224885 6.834207038368213 4.8
    endloop
  endfacet
  facet normal 0 0 1
    outer loop
      vertex 11.491369173028454 6.068654769782446 4.8
      vertex 11.69233646539407 6.1405620167879515 4.8
      vertex 11.386189719501997 6.879665642796981 4.8
    endloop
  endfacet
  facet normal 0 0 1
    outer loop
      vertex 11.284321450385079 6.016792015122974 4.8
      vertex 11.259141431224885 6.834207038368213 4.8
      vertex 11.128249192772175 6.801420239445559 4.8
    endloop
  endfacet
  facet normal 0 0 1
    outer loop
      vertex 11.491369173028454 6.068654769782446 4.8
      vertex 11.386189719501997 6.879665642796981 4.8
      vertex 11.259141431224885 6.834207038368213 4.8
    endloop
  endfacet
  facet normal 0 0 1
    outer loop
      vertex 11.69233646539407 6.1405620167879515 4.8
      vertex 11.508170513135747 6.9373582615210125 4.8
      vertex 11.386189719501997 6.879665642796981 4.8
    endloop
  endfacet
  facet normal 0 0 1
    outer loop
      vertex 11.69233646539407 6.1405620167879515 4.8
      vertex 11.623909070401952 7.006729283084001 4.8
      vertex 11.508170513135747 6.9373582615210125 4.8
    endloop
  endfacet
  facet normal 0 0 1
    outer loop
      vertex 11.69233646539407 6.1405620167879515 4.8
      vertex 11.885287902596545 6.231821250042328 4.8
      vertex 11.623909070401952 7.006729283084001 4.8
    endloop
  endfacet
  facet normal 0 0 1
    outer loop
      vertex 11.885287902596545 6.231821250042328 4.8
      vertex 11.732290765725011 7.087110626626237 4.8
      vertex 11.623909070401952 7.006729283084001 4.8
    endloop
  endfacet
  facet normal 0 0 1
    outer loop
      vertex 11.885287902596545 6.231821250042328 4.8
      vertex 12.068365256817634 6.341553593241965 4.8
      vertex 11.832271824131503 7.177728175868498 4.8
    endloop
  endfacet
  facet normal 0 0 1
    outer loop
      vertex 11.885287902596545 6.231821250042328 4.8
      vertex 11.832271824131503 7.177728175868498 4.8
      vertex 11.732290765725011 7.087110626626237 4.8
    endloop
  endfacet
  facet normal 0 0 1
    outer loop
      vertex 12.068365256817634 6.341553593241965 4.8
      vertex 11.922889373373764 7.277709234274988 4.8
      vertex 11.832271824131503 7.177728175868498 4.8
    endloop
  endfacet
  facet normal 0 0 1
    outer loop
      vertex 12.068365256817634 6.341553593241965 4.8
      vertex 12.239805393055928 6.468702263936048 4.8
      vertex 12.003270716916 7.386090929598048 4.8
    endloop
  endfacet
  facet normal 0 0 1
    outer loop
      vertex 12.068365256817634 6.341553593241965 4.8
      vertex 12.003270716916 7.386090929598048 4.8
      vertex 11.922889373373764 7.277709234274988 4.8
    endloop
  endfacet
  facet normal 0 0 1
    outer loop
      vertex 12.003270716916 7.386090929598048 4.8
      vertex 12.239805393055928 6.468702263936048 4.8
      vertex 12.072641738478987 7.501829486864254 4.8
    endloop
  endfacet
  facet normal 0 0 1
    outer loop
      vertex 12.239805393055928 6.468702263936048 4.8
      vertex 12.130334357203019 7.623810280498002 4.8
      vertex 12.072641738478987 7.501829486864254 4.8
    endloop
  endfacet
  facet normal 0 0 1
    outer loop
      vertex 12.239805393055928 6.468702263936048 4.8
      vertex 12.175792961631787 7.750858568775115 4.8
      vertex 12.130334357203019 7.623810280498002 4.8
    endloop
  endfacet
  facet normal 0 0 1
    outer loop
      vertex 12.239805393055928 6.468702263936048 4.8
      vertex 12.208579760554441 7.881750807227824 4.8
      vertex 12.175792961631787 7.750858568775115 4.8
    endloop
  endfacet
  facet normal 0 0 1
    outer loop
      vertex 12.239805393055928 6.468702263936048 4.8
      vertex 12.22837899917427 8.015226432046855 4.8
      vertex 12.208579760554441 7.881750807227824 4.8
    endloop
  endfacet
  facet normal 0 0 1
    outer loop
      vertex 8.778654769782445 7.5186308269715445 4.8
      vertex 8.726792015122973 8.57432145038508 4.8
      vertex 8.726792015122973 7.725678549614922 4.8
    endloop
  endfacet
  facet normal 0 0 1
    outer loop
      vertex 8.941821250042327 7.124712097403456 4.8
      vertex 8.85056201678795 8.98233646539407 4.8
      vertex 8.85056201678795 7.31766353460593 4.8
    endloop
  endfacet
  facet normal 0 0 1
    outer loop
      vertex 8.85056201678795 7.31766353460593 4.8
      vertex 8.778654769782445 8.781369173028455 4.8
      vertex 8.778654769782445 7.5186308269715445 4.8
    endloop
  endfacet
  facet normal 0 0 1
    outer loop
      vertex 9.051553593241964 6.941634743182366 4.8
      vertex 8.941821250042327 9.175287902596546 4.8
      vertex 8.941821250042327 7.124712097403456 4.8
    endloop
  endfacet
  facet normal 0 0 1
    outer loop
      vertex 8.69547321948797 7.936812719783206 4.8
      vertex 8.726792015122973 7.725678549614922 4.8
      vertex 8.69547321948797 8.363187280216795 4.8
    endloop
  endfacet
  facet normal 0 0 1
    outer loop
      vertex 8.69547321948797 7.936812719783206 4.8
      vertex 8.69547321948797 8.363187280216795 4.8
      vertex 8.684999999999999 8.15 4.8
    endloop
  endfacet
  facet normal 0 0 1
    outer loop
      vertex 8.726792015122973 7.725678549614922 4.8
      vertex 8.726792015122973 8.57432145038508 4.8
      vertex 8.69547321948797 8.363187280216795 4.8
    endloop
  endfacet
  facet normal 0 0 1
    outer loop
      vertex 8.778654769782445 7.5186308269715445 4.8
      vertex 8.778654769782445 8.781369173028455 4.8
      vertex 8.726792015122973 8.57432145038508 4.8
    endloop
  endfacet
  facet normal 0 0 1
    outer loop
      vertex 8.85056201678795 7.31766353460593 4.8
      vertex 8.85056201678795 8.98233646539407 4.8
      vertex 8.778654769782445 8.781369173028455 4.8
    endloop
  endfacet
  facet normal 0 0 1
    outer loop
      vertex 9.051553593241964 6.941634743182366 4.8
      vertex 9.178702263936046 6.770194606944072 4.8
      vertex 9.051553593241964 9.358365256817635 4.8
    endloop
  endfacet
  facet normal 0 0 1
    outer loop
      vertex 9.178702263936046 6.770194606944072 4.8
      vertex 9.322042750919259 6.61204275091926 4.8
      vertex 9.178702263936046 9.529805393055929 4.8
    endloop
  endfacet
  facet normal 0 0 1
    outer loop
      vertex 9.480194606944071 6.468702263936048 4.8
      vertex 9.322042750919259 9.68795724908074 4.8
      vertex 9.322042750919259 6.61204275091926 4.8
    endloop
  endfacet
  facet normal 0 0 1
    outer loop
      vertex 9.480194606944071 6.468702263936048 4.8
      vertex 9.49162100082573 8.015226432046855 4.8
      vertex 9.485 8.15 4.8
    endloop
  endfacet
  facet normal 0 0 1
    outer loop
      vertex 9.480194606944071 6.468702263936048 4.8
      vertex 9.485 8.15 4.8
      vertex 9.480194606944071 9.831297736063952 4.8
    endloop
  endfacet
  facet normal 0 0 1
    outer loop
      vertex 8.941821250042327 7.124712097403456 4.8
      vertex 8.941821250042327 9.175287902596546 4.8
      vertex 8.85056201678795 8.98233646539407 4.8
    endloop
  endfacet
  facet normal 0 0 1
    outer loop
      vertex 9.051553593241964 6.941634743182366 4.8
      vertex 9.051553593241964 9.358365256817635 4.8
      vertex 8.941821250042327 9.175287902596546 4.8
    endloop
  endfacet
  facet normal 0 0 1
    outer loop
      vertex 9.178702263936046 6.770194606944072 4.8
      vertex 9.178702263936046 9.529805393055929 4.8
      vertex 9.051553593241964 9.358365256817635 4.8
    endloop
  endfacet
  facet normal 0 0 1
    outer loop
      vertex 9.322042750919259 6.61204275091926 4.8
      vertex 9.322042750919259 9.68795724908074 4.8
      vertex 9.178702263936046 9.529805393055929 4.8
    endloop
  endfacet
  facet normal 0 0 1
    outer loop
      vertex 9.480194606944071 6.468702263936048 4.8
      vertex 9.480194606944071 9.831297736063952 4.8
      vertex 9.322042750919259 9.68795724908074 4.8
    endloop
  endfacet
  facet normal 0 0 1
    outer loop
      vertex 9.485 8.15 4.8
      vertex 9.49162100082573 8.284773567953145 4.8
      vertex 9.480194606944071 9.831297736063952 4.8
    endloop
  endfacet
  facet normal 0 0 1
    outer loop
      vertex 9.49162100082573 8.284773567953145 4.8
      vertex 9.511420239445558 8.418249192772176 4.8
      vertex 9.480194606944071 9.831297736063952 4.8
    endloop
  endfacet
  facet normal 0 0 1
    outer loop
      vertex 9.511420239445558 8.418249192772176 4.8
      vertex 9.544207038368212 8.549141431224886 4.8
      vertex 9.480194606944071 9.831297736063952 4.8
    endloop
  endfacet
  facet normal 0 0 1
    outer loop
      vertex 9.544207038368212 8.549141431224886 4.8
      vertex 9.58966564279698 8.676189719501998 4.8
      vertex 9.480194606944071 9.831297736063952 4.8
    endloop
  endfacet
  facet normal 0 0 1
    outer loop
      vertex 9.58966564279698 8.676189719501998 4.8
      vertex 9.647358261521012 8.798170513135748 4.8
      vertex 9.480194606944071 9.831297736063952 4.8
    endloop
  endfacet
  facet normal 0 0 1
    outer loop
      vertex 9.647358261521012 8.798170513135748 4.8
      vertex 9.716729283084 8.913909070401953 4.8
      vertex 9.480194606944071 9.831297736063952 4.8
    endloop
  endfacet
  facet normal 0 0 1
    outer loop
      vertex 9.716729283084 8.913909070401953 4.8
      vertex 9.797110626626235 9.022290765725012 4.8
      vertex 9.651634743182365 9.958446406758036 4.8
    endloop
  endfacet
  facet normal 0 0 1
    outer loop
      vertex 9.716729283084 8.913909070401953 4.8
      vertex 9.651634743182365 9.958446406758036 4.8
      vertex 9.480194606944071 9.831297736063952 4.8
    endloop
  endfacet
  facet normal 0 0 1
    outer loop
      vertex 9.797110626626235 9.022290765725012 4.8
      vertex 9.887728175868496 9.122271824131504 4.8
      vertex 9.651634743182365 9.958446406758036 4.8
    endloop
  endfacet
  facet normal 0 0 1
    outer loop
      vertex 9.887728175868496 9.122271824131504 4.8
      vertex 9.834712097403454 10.068178749957672 4.8
      vertex 9.651634743182365 9.958446406758036 4.8
    endloop
  endfacet
  facet normal 0 0 1
    outer loop
      vertex 9.887728175868496 9.122271824131504 4.8
      vertex 9.987709234274988 9.212889373373764 4.8
      vertex 9.834712097403454 10.068178749957672 4.8
    endloop
  endfacet
  facet normal 0 0 1
    outer loop
      vertex 9.987709234274988 9.212889373373764 4.8
      vertex 10.096090929598047 9.293270716916 4.8
      vertex 9.834712097403454 10.068178749957672 4.8
    endloop
  endfacet
  facet normal 0 0 1
    outer loop
      vertex 10.096090929598047 9.293270716916 4.8
      vertex 10.211829486864252 9.362641738478988 4.8
      vertex 10.02766353460593 10.15943798321205 4.8
    endloop
  endfacet
  facet normal 0 0 1
    outer loop
      vertex 10.096090929598047 9.293270716916 4.8
      vertex 10.02766353460593 10.15943798321205 4.8
      vertex 9.834712097403454 10.068178749957672 4.8
    endloop
  endfacet
  facet normal 0 0 1
    outer loop
      vertex 10.02766353460593 10.15943798321205 4.8
      vertex 10.211829486864252 9.362641738478988 4.8
      vertex 10.333810280498001 9.42033435720302 4.8
    endloop
  endfacet
  facet normal 0 0 1
    outer loop
      vertex 10.333810280498001 9.42033435720302 4.8
      vertex 10.460858568775114 9.465792961631788 4.8
      vertex 10.228630826971544 10.231345230217554 4.8
    endloop
  endfacet
  facet normal 0 0 1
    outer loop
      vertex 10.460858568775114 9.465792961631788 4.8
      vertex 10.591750807227823 9.498579760554442 4.8
      vertex 10.43567854961492 10.283207984877027 4.8
    endloop
  endfacet
  facet normal 0 0 1
    outer loop
      vertex 10.591750807227823 9.498579760554442 4.8
      vertex 10.725226432046854 9.51837899917427 4.8
      vertex 10.43567854961492 10.283207984877027 4.8
    endloop
  endfacet
  facet normal 0 0 1
    outer loop
      vertex 10.02766353460593 10.15943798321205 4.8
      vertex 10.333810280498001 9.42033435720302 4.8
      vertex 10.228630826971544 10.231345230217554 4.8
    endloop
  endfacet
  facet normal 0 0 1
    outer loop
      vertex 10.460858568775114 9.465792961631788 4.8
      vertex 10.43567854961492 10.283207984877027 4.8
      vertex 10.228630826971544 10.231345230217554 4.8
    endloop
  endfacet
  facet normal 0 0 1
    outer loop
      vertex 10.43567854961492 10.283207984877027 4.8
      vertex 10.725226432046854 9.51837899917427 4.8
      vertex 10.646812719783204 10.314526780512029 4.8
    endloop
  endfacet
  facet normal 0 0 1
    outer loop
      vertex 12.239805393055928 6.468702263936048 4.8
      vertex 12.235 8.15 4.8
      vertex 12.22837899917427 8.015226432046855 4.8
    endloop
  endfacet
  facet normal 0 0 1
    outer loop
      vertex 12.239805393055928 6.468702263936048 4.8
      vertex 12.239805393055928 9.831297736063952 4.8
      vertex 12.235 8.15 4.8
    endloop
  endfacet
  facet normal 0 0 1
    outer loop
      vertex 12.239805393055928 6.468702263936048 4.8
      vertex 12.39795724908074 6.61204275091926 4.8
      vertex 12.239805393055928 9.831297736063952 4.8
    endloop
  endfacet
  facet normal 0 0 1
    outer loop
      vertex 12.39795724908074 6.61204275091926 4.8
      vertex 12.541297736063953 6.770194606944072 4.8
      vertex 12.39795724908074 9.68795724908074 4.8
    endloop
  endfacet
  facet normal 0 0 1
    outer loop
      vertex 12.541297736063953 6.770194606944072 4.8
      vertex 12.668446406758035 6.941634743182366 4.8
      vertex 12.541297736063953 9.529805393055929 4.8
    endloop
  endfacet
  facet normal 0 0 1
    outer loop
      vertex 12.668446406758035 6.941634743182366 4.8
      vertex 12.778178749957672 7.124712097403456 4.8
      vertex 12.668446406758035 9.358365256817635 4.8
    endloop
  endfacet
  facet normal 0 0 1
    outer loop
      vertex 12.235 8.15 4.8
      vertex 12.239805393055928 9.831297736063952 4.8
      vertex 12.22837899917427 8.284773567953145 4.8
    endloop
  endfacet
  facet normal 0 0 1
    outer loop
      vertex 12.22837899917427 8.284773567953145 4.8
      vertex 12.239805393055928 9.831297736063952 4.8
      vertex 12.208579760554441 8.418249192772176 4.8
    endloop
  endfacet
  facet normal 0 0 1
    outer loop
      vertex 11.922889373373764 9.022290765725012 4.8
      vertex 12.003270716916 8.913909070401953 4.8
      vertex 11.885287902596545 10.068178749957672 4.8
    endloop
  endfacet
  facet normal 0 0 1
    outer loop
      vertex 12.068365256817634 9.958446406758036 4.8
      vertex 12.130334357203019 8.676189719501998 4.8
      vertex 12.175792961631787 8.549141431224886 4.8
    endloop
  endfacet
  facet normal 0 0 1
    outer loop
      vertex 12.208579760554441 8.418249192772176 4.8
      vertex 12.239805393055928 9.831297736063952 4.8
      vertex 12.175792961631787 8.549141431224886 4.8
    endloop
  endfacet
  facet normal 0 0 1
    outer loop
      vertex 12.072641738478987 8.798170513135748 4.8
      vertex 12.068365256817634 9.958446406758036 4.8
      vertex 12.003270716916 8.913909070401953 4.8
    endloop
  endfacet
  facet normal 0 0 1
    outer loop
      vertex 12.072641738478987 8.798170513135748 4.8
      vertex 12.130334357203019 8.676189719501998 4.8
      vertex 12.068365256817634 9.958446406758036 4.8
    endloop
  endfacet
  facet normal 0 0 1
    outer loop
      vertex 12.39795724908074 6.61204275091926 4.8
      vertex 12.39795724908074 9.68795724908074 4.8
      vertex 12.239805393055928 9.831297736063952 4.8
    endloop
  endfacet
  facet normal 0 0 1
    outer loop
      vertex 12.541297736063953 6.770194606944072 4.8
      vertex 12.541297736063953 9.529805393055929 4.8
      vertex 12.39795724908074 9.68795724908074 4.8
    endloop
  endfacet
  facet normal 0 0 1
    outer loop
      vertex 12.668446406758035 6.941634743182366 4.8
      vertex 12.668446406758035 9.358365256817635 4.8
      vertex 12.541297736063953 9.529805393055929 4.8
    endloop
  endfacet
  facet normal 0 0 1
    outer loop
      vertex 12.778178749957672 7.124712097403456 4.8
      vertex 12.778178749957672 9.175287902596546 4.8
      vertex 12.668446406758035 9.358365256817635 4.8
    endloop
  endfacet
  facet normal 0 0 1
    outer loop
      vertex 10.725226432046854 9.51837899917427 4.8
      vertex 10.86 9.525 4.8
      vertex 10.86 10.325 4.8
    endloop
  endfacet
  facet normal 0 0 1
    outer loop
      vertex 10.86 9.525 4.8
      vertex 10.994773567953144 9.51837899917427 4.8
      vertex 10.86 10.325 4.8
    endloop
  endfacet
  facet normal 0 0 1
    outer loop
      vertex 10.994773567953144 9.51837899917427 4.8
      vertex 11.128249192772175 9.498579760554442 4.8
      vertex 11.073187280216795 10.314526780512029 4.8
    endloop
  endfacet
  facet normal 0 0 1
    outer loop
      vertex 10.725226432046854 9.51837899917427 4.8
      vertex 10.86 10.325 4.8
      vertex 10.646812719783204 10.314526780512029 4.8
    endloop
  endfacet
  facet normal 0 0 1
    outer loop
      vertex 10.994773567953144 9.51837899917427 4.8
      vertex 11.073187280216795 10.314526780512029 4.8
      vertex 10.86 10.325 4.8
    endloop
  endfacet
  facet normal 0 0 1
    outer loop
      vertex 11.073187280216795 10.314526780512029 4.8
      vertex 11.128249192772175 9.498579760554442 4.8
      vertex 11.284321450385079 10.283207984877027 4.8
    endloop
  endfacet
  facet normal 0 0 1
    outer loop
      vertex 11.128249192772175 9.498579760554442 4.8
      vertex 11.259141431224885 9.465792961631788 4.8
      vertex 11.284321450385079 10.283207984877027 4.8
    endloop
  endfacet
  facet normal 0 0 1
    outer loop
      vertex 11.259141431224885 9.465792961631788 4.8
      vertex 11.386189719501997 9.42033435720302 4.8
      vertex 11.284321450385079 10.283207984877027 4.8
    endloop
  endfacet
  facet normal 0 0 1
    outer loop
      vertex 11.386189719501997 9.42033435720302 4.8
      vertex 11.508170513135747 9.362641738478988 4.8
      vertex 11.491369173028454 10.231345230217554 4.8
    endloop
  endfacet
  facet normal 0 0 1
    outer loop
      vertex 11.732290765725011 9.212889373373764 4.8
      vertex 11.69233646539407 10.15943798321205 4.8
      vertex 11.623909070401952 9.293270716916 4.8
    endloop
  endfacet
  facet normal 0 0 1
    outer loop
      vertex 11.623909070401952 9.293270716916 4.8
      vertex 11.491369173028454 10.231345230217554 4.8
      vertex 11.508170513135747 9.362641738478988 4.8
    endloop
  endfacet
  facet normal 0 0 1
    outer loop
      vertex 11.386189719501997 9.42033435720302 4.8
      vertex 11.491369173028454 10.231345230217554 4.8
      vertex 11.284321450385079 10.283207984877027 4.8
    endloop
  endfacet
  facet normal 0 0 1
    outer loop
      vertex 11.623909070401952 9.293270716916 4.8
      vertex 11.69233646539407 10.15943798321205 4.8
      vertex 11.491369173028454 10.231345230217554 4.8
    endloop
  endfacet
  facet normal 0 0 1
    outer loop
      vertex 11.732290765725011 9.212889373373764 4.8
      vertex 11.832271824131503 9.122271824131504 4.8
      vertex 11.69233646539407 10.15943798321205 4.8
    endloop
  endfacet
  facet normal 0 0 1
    outer loop
      vertex 11.832271824131503 9.122271824131504 4.8
      vertex 11.922889373373764 9.022290765725012 4.8
      vertex 11.885287902596545 10.068178749957672 4.8
    endloop
  endfacet
  facet normal 0 0 1
    outer loop
      vertex 11.832271824131503 9.122271824131504 4.8
      vertex 11.885287902596545 10.068178749957672 4.8
      vertex 11.69233646539407 10.15943798321205 4.8
    endloop
  endfacet
  facet normal 0 0 1
    outer loop
      vertex 12.003270716916 8.913909070401953 4.8
      vertex 12.068365256817634 9.958446406758036 4.8
      vertex 11.885287902596545 10.068178749957672 4.8
    endloop
  endfacet
  facet normal 0 0 1
    outer loop
      vertex 12.068365256817634 9.958446406758036 4.8
      vertex 12.175792961631787 8.549141431224886 4.8
      vertex 12.239805393055928 9.831297736063952 4.8
    endloop
  endfacet
  facet normal 0 0 1
    outer loop
      vertex 12.778178749957672 7.124712097403456 4.8
      vertex 12.869437983212048 7.31766353460593 4.8
      vertex 12.778178749957672 9.175287902596546 4.8
    endloop
  endfacet
  facet normal 0 0 1
    outer loop
      vertex 12.869437983212048 7.31766353460593 4.8
      vertex 12.941345230217554 7.5186308269715445 4.8
      vertex 12.869437983212048 8.98233646539407 4.8
    endloop
  endfacet
  facet normal 0 0 1
    outer loop
      vertex 12.941345230217554 7.5186308269715445 4.8
      vertex 12.993207984877026 7.725678549614922 4.8
      vertex 12.941345230217554 8.781369173028455 4.8
    endloop
  endfacet
  facet normal 0 0 1
    outer loop
      vertex 12.993207984877026 7.725678549614922 4.8
      vertex 13.024526780512028 7.936812719783206 4.8
      vertex 12.993207984877026 8.57432145038508 4.8
    endloop
  endfacet
  facet normal 0 0 1
    outer loop
      vertex 13.024526780512028 7.936812719783206 4.8
      vertex 13.035 8.15 4.8
      vertex 13.024526780512028 8.363187280216795 4.8
    endloop
  endfacet
  facet normal 0 0 1
    outer loop
      vertex 13.024526780512028 7.936812719783206 4.8
      vertex 13.024526780512028 8.363187280216795 4.8
      vertex 12.993207984877026 8.57432145038508 4.8
    endloop
  endfacet
  facet normal 0 0 1
    outer loop
      vertex 12.993207984877026 7.725678549614922 4.8
      vertex 12.993207984877026 8.57432145038508 4.8
      vertex 12.941345230217554 8.781369173028455 4.8
    endloop
  endfacet
  facet normal 0 0 1
    outer loop
      vertex 12.869437983212048 7.31766353460593 4.8
      vertex 12.869437983212048 8.98233646539407 4.8
      vertex 12.778178749957672 9.175287902596546 4.8
    endloop
  endfacet
  facet normal 0 0 1
    outer loop
      vertex 12.941345230217554 7.5186308269715445 4.8
      vertex 12.941345230217554 8.781369173028455 4.8
      vertex 12.869437983212048 8.98233646539407 4.8
    endloop
  endfacet
  facet normal -0.7409511253549579 -0.6715589548470197 8.104482078123242e-16
    outer loop
      vertex 9.797110626626235 7.277709234274988 4.8
      vertex 9.887728175868496 7.177728175868498 4.8
      vertex 9.797110626626237 7.2777092342749885 7.16
    endloop
  endfacet
  facet normal -0.8577286100002726 -0.514102744193221 -1.7098512460482411e-18
    outer loop
      vertex 9.716729283084 7.386090929598048 4.8
      vertex 9.647358261521012 7.501829486864254 7.16
      vertex 9.647358261521012 7.501829486864254 4.8
    endloop
  endfacet
  facet normal -0.8032075314806493 -0.5956993044924275 0
    outer loop
      vertex 9.716729283084 7.386090929598048 4.8
      vertex 9.797110626626235 7.277709234274988 4.8
      vertex 9.716729283084 7.386090929598048 7.16
    endloop
  endfacet
  facet normal -0.6715589548470131 -0.7409511253549638 2.5772132417484596e-18
    outer loop
      vertex 9.887728175868496 7.177728175868498 4.8
      vertex 9.987709234274988 7.087110626626237 4.8
      vertex 9.987709234274988 7.087110626626237 7.16
    endloop
  endfacet
  facet normal -0.5956993044924348 -0.8032075314806437 0
    outer loop
      vertex 10.096090929598047 7.006729283084001 4.8
      vertex 10.096090929598047 7.006729283084001 7.16
      vertex 9.987709234274988 7.087110626626237 4.8
    endloop
  endfacet
  facet normal -0.5141027441932239 -0.8577286100002707 3.878778348039375e-16
    outer loop
      vertex 10.096090929598047 7.006729283084001 4.8
      vertex 10.211829486864252 6.9373582615210125 4.8
      vertex 10.211829486864254 6.9373582615210125 7.16
    endloop
  endfacet
  facet normal -0.4275550934302803 -0.9039892931234441 -3.0722866976220774e-19
    outer loop
      vertex 10.211829486864252 6.9373582615210125 4.8
      vertex 10.333810280498001 6.879665642796981 4.8
      vertex 10.333810280498001 6.879665642796981 7.16
    endloop
  endfacet
  facet normal -0.3368898533922231 -0.9415440651830196 3.5337013913466883e-16
    outer loop
      vertex 10.333810280498001 6.879665642796981 4.8
      vertex 10.460858568775114 6.834207038368213 4.8
      vertex 10.460858568775114 6.834207038368214 7.16
    endloop
  endfacet
  facet normal -0.24298017990325932 -0.9700312531945452 -8.462003827248957e-19
    outer loop
      vertex 10.460858568775114 6.834207038368213 4.8
      vertex 10.591750807227823 6.801420239445559 4.8
      vertex 10.591750807227823 6.801420239445559 7.16
    endloop
  endfacet
  facet normal -0.04906767432742138 -0.9987954562051723 3.759105978179058e-16
    outer loop
      vertex 10.725226432046854 6.78162100082573 4.8
      vertex 10.86 6.775 4.8
      vertex 10.86 6.775000000000001 7.16
    endloop
  endfacet
  facet normal -0.1467304744553601 -0.9891765099647812 2.424897765579109e-19
    outer loop
      vertex 10.591750807227823 6.801420239445559 4.8
      vertex 10.725226432046854 6.78162100082573 4.8
      vertex 10.725226432046854 6.78162100082573 7.16
    endloop
  endfacet
  facet normal 0.04906767432742138 -0.9987954562051723 -3.6787155291295175e-17
    outer loop
      vertex 10.86 6.775 4.8
      vertex 10.994773567953144 6.78162100082573 4.8
      vertex 10.994773567953146 6.78162100082573 7.16
    endloop
  endfacet
  facet normal 0.1467304744553601 -0.9891765099647812 -2.424897765579109e-19
    outer loop
      vertex 10.994773567953144 6.78162100082573 4.8
      vertex 11.128249192772175 6.801420239445559 4.8
      vertex 11.128249192772175 6.801420239445559 7.16
    endloop
  endfacet
  facet normal 0.24298017990325932 -0.9700312531945452 3.6591434679037876e-16
    outer loop
      vertex 11.128249192772175 6.801420239445559 4.8
      vertex 11.259141431224885 6.834207038368213 4.8
      vertex 11.259141431224885 6.834207038368214 7.16
    endloop
  endfacet
  facet normal 0.3368898533922231 -0.9415440651830196 3.553240302655735e-16
    outer loop
      vertex 11.259141431224885 6.834207038368213 4.8
      vertex 11.386189719501997 6.879665642796981 4.8
      vertex 11.386189719501997 6.879665642796982 7.16
    endloop
  endfacet
  facet normal 0.4275550934302803 -0.9039892931234441 3.0722866976220774e-19
    outer loop
      vertex 11.386189719501997 6.879665642796981 4.8
      vertex 11.508170513135747 6.9373582615210125 4.8
      vertex 11.508170513135747 6.9373582615210125 7.16
    endloop
  endfacet
  facet normal 0.5141027441932239 -0.8577286100002707 3.216917014199399e-16
    outer loop
      vertex 11.508170513135747 6.9373582615210125 4.8
      vertex 11.623909070401952 7.006729283084001 4.8
      vertex 11.623909070401952 7.006729283084002 7.16
    endloop
  endfacet
  facet normal 0.5956993044924348 -0.8032075314806437 3.0144252710504364e-16
    outer loop
      vertex 11.623909070401952 7.006729283084001 4.8
      vertex 11.732290765725011 7.087110626626237 4.8
      vertex 11.732290765725011 7.087110626626238 7.16
    endloop
  endfacet
  facet normal 0.6715589548470131 -0.7409511253549638 2.7627736285689606e-16
    outer loop
      vertex 11.732290765725011 7.087110626626237 4.8
      vertex 11.832271824131503 7.177728175868498 4.8
      vertex 11.832271824131503 7.1777281758684985 7.16
    endloop
  endfacet
  facet normal 0.7409511253549579 -0.6715589548470197 2.5273905561503966e-16
    outer loop
      vertex 11.832271824131503 7.177728175868498 4.8
      vertex 11.922889373373764 7.277709234274988 4.8
      vertex 11.832271824131503 7.1777281758684985 7.16
    endloop
  endfacet
  facet normal 0.8032075314806493 -0.5956993044924275 2.241895198646389e-16
    outer loop
      vertex 11.922889373373764 7.277709234274988 4.8
      vertex 12.003270716916 7.386090929598048 4.8
      vertex 11.922889373373764 7.2777092342749885 7.16
    endloop
  endfacet
  facet normal 0.8577286100002726 -0.514102744193221 1.9348091648348843e-16
    outer loop
      vertex 12.003270716916 7.386090929598048 4.8
      vertex 12.072641738478987 7.501829486864254 4.8
      vertex 12.003270716916 7.386090929598049 7.16
    endloop
  endfacet
  facet normal -0.7409511253549609 -0.6715589548470164 5.577091521972868e-16
    outer loop
      vertex 9.887728175868496 7.177728175868498 4.8
      vertex 9.887728175868498 7.177728175868498 7.16
      vertex 9.797110626626237 7.2777092342749885 7.16
    endloop
  endfacet
  facet normal -0.8577286100002726 -0.514102744193221 0
    outer loop
      vertex 9.716729283084 7.386090929598048 4.8
      vertex 9.716729283084 7.386090929598048 7.16
      vertex 9.647358261521012 7.501829486864254 7.16
    endloop
  endfacet
  facet normal -0.8032075314806407 -0.5956993044924392 8.287586690186381e-16
    outer loop
      vertex 9.797110626626235 7.277709234274988 4.8
      vertex 9.797110626626237 7.2777092342749885 7.16
      vertex 9.716729283084 7.386090929598048 7.16
    endloop
  endfacet
  facet normal -0.6715589548470197 -0.7409511253549579 5.054781112300793e-16
    outer loop
      vertex 9.887728175868496 7.177728175868498 4.8
      vertex 9.987709234274988 7.087110626626237 7.16
      vertex 9.887728175868498 7.177728175868498 7.16
    endloop
  endfacet
  facet normal -0.5956993044924348 -0.8032075314806437 0
    outer loop
      vertex 9.987709234274988 7.087110626626237 4.8
      vertex 10.096090929598047 7.006729283084001 7.16
      vertex 9.987709234274988 7.087110626626237 7.16
    endloop
  endfacet
  facet normal -0.5141027441932181 -0.8577286100002742 0
    outer loop
      vertex 10.096090929598047 7.006729283084001 4.8
      vertex 10.211829486864254 6.9373582615210125 7.16
      vertex 10.096090929598047 7.006729283084001 7.16
    endloop
  endfacet
  facet normal -0.42755509343028547 -0.9039892931234418 3.2181797221834766e-16
    outer loop
      vertex 10.211829486864252 6.9373582615210125 4.8
      vertex 10.333810280498001 6.879665642796981 7.16
      vertex 10.211829486864254 6.9373582615210125 7.16
    endloop
  endfacet
  facet normal -0.3368898533922173 -0.9415440651830218 0
    outer loop
      vertex 10.333810280498001 6.879665642796981 4.8
      vertex 10.460858568775114 6.834207038368214 7.16
      vertex 10.333810280498001 6.879665642796981 7.16
    endloop
  endfacet
  facet normal -0.24298017990326545 -0.9700312531945435 3.6506814640765323e-16
    outer loop
      vertex 10.460858568775114 6.834207038368213 4.8
      vertex 10.591750807227823 6.801420239445559 7.16
      vertex 10.460858568775114 6.834207038368214 7.16
    endloop
  endfacet
  facet normal -0.1467304744553601 -0.9891765099647812 0
    outer loop
      vertex 10.591750807227823 6.801420239445559 4.8
      vertex 10.725226432046854 6.78162100082573 7.16
      vertex 10.591750807227823 6.801420239445559 7.16
    endloop
  endfacet
  facet normal -0.0490676743274148 -0.9987954562051724 0
    outer loop
      vertex 10.725226432046854 6.78162100082573 4.8
      vertex 10.86 6.775000000000001 7.16
      vertex 10.725226432046854 6.78162100082573 7.16
    endloop
  endfacet
  facet normal 0.04906767432741416 -0.9987954562051726 3.758934618203287e-16
    outer loop
      vertex 10.86 6.775 4.8
      vertex 10.994773567953146 6.78162100082573 7.16
      vertex 10.86 6.775000000000001 7.16
    endloop
  endfacet
  facet normal 0.14673047445536203 -0.9891765099647809 -1.1044308552848559e-16
    outer loop
      vertex 10.994773567953144 6.78162100082573 4.8
      vertex 11.128249192772175 6.801420239445559 7.16
      vertex 10.994773567953146 6.78162100082573 7.16
    endloop
  endfacet
  facet normal 0.24298017990326545 -0.9700312531945435 0
    outer loop
      vertex 11.128249192772175 6.801420239445559 4.8
      vertex 11.259141431224885 6.834207038368214 7.16
      vertex 11.128249192772175 6.801420239445559 7.16
    endloop
  endfacet
  facet normal 0.3368898533922231 -0.9415440651830196 3.5434708470012114e-16
    outer loop
      vertex 11.259141431224885 6.834207038368213 4.8
      vertex 11.386189719501997 6.879665642796982 7.16
      vertex 11.259141431224885 6.834207038368214 7.16
    endloop
  endfacet
  facet normal 0.42755509343027487 -0.9039892931234467 3.402134668611085e-16
    outer loop
      vertex 11.386189719501997 6.879665642796981 4.8
      vertex 11.508170513135747 6.9373582615210125 7.16
      vertex 11.386189719501997 6.879665642796982 7.16
    endloop
  endfacet
  facet normal 0.5141027441932287 -0.8577286100002679 0
    outer loop
      vertex 11.508170513135747 6.9373582615210125 4.8
      vertex 11.623909070401952 7.006729283084002 7.16
      vertex 11.508170513135747 6.9373582615210125 7.16
    endloop
  endfacet
  facet normal 0.5956993044924348 -0.8032075314806437 3.022845745769986e-16
    outer loop
      vertex 11.623909070401952 7.006729283084001 4.8
      vertex 11.732290765725011 7.087110626626238 7.16
      vertex 11.623909070401952 7.006729283084002 7.16
    endloop
  endfacet
  facet normal 0.6715589548470131 -0.7409511253549638 2.788545760986445e-16
    outer loop
      vertex 11.732290765725011 7.087110626626237 4.8
      vertex 11.832271824131503 7.1777281758684985 7.16
      vertex 11.732290765725011 7.087110626626238 7.16
    endloop
  endfacet
  facet normal 0.740951125354958 -0.6715589548470197 2.5273905561503966e-16
    outer loop
      vertex 11.922889373373764 7.277709234274988 4.8
      vertex 11.922889373373764 7.2777092342749885 7.16
      vertex 11.832271824131503 7.1777281758684985 7.16
    endloop
  endfacet
  facet normal 0.8032075314806493 -0.5956993044924275 2.241895198646389e-16
    outer loop
      vertex 12.003270716916 7.386090929598048 4.8
      vertex 12.003270716916 7.386090929598049 7.16
      vertex 11.922889373373764 7.2777092342749885 7.16
    endloop
  endfacet
  facet normal 0.8577286100002726 -0.514102744193221 1.9236921054680742e-16
    outer loop
      vertex 12.003270716916 7.386090929598049 7.16
      vertex 12.072641738478987 7.501829486864254 4.8
      vertex 12.072641738478987 7.5018294868642545 7.16
    endloop
  endfacet
  facet normal -0.9415440651830198 -0.33688985339222316 -9.769455654523285e-19
    outer loop
      vertex 9.58966564279698 7.623810280498002 4.8
      vertex 9.544207038368212 7.750858568775115 7.159999999999999
      vertex 9.544207038368212 7.750858568775115 4.8
    endloop
  endfacet
  facet normal -0.9700312531945452 -0.24298017990325932 -8.46200382724896e-19
    outer loop
      vertex 9.544207038368212 7.750858568775115 4.8
      vertex 9.511420239445558 7.881750807227824 7.159999999999999
      vertex 9.511420239445558 7.881750807227824 4.8
    endloop
  endfacet
  facet normal -0.9891765099647812 -0.14673047445536008 2.42489776557911e-19
    outer loop
      vertex 9.511420239445558 7.881750807227824 4.8
      vertex 9.49162100082573 8.015226432046855 7.159999999999999
      vertex 9.49162100082573 8.015226432046855 4.8
    endloop
  endfacet
  facet normal -0.9987954562051723 -0.04906767432742138 1.713599757723098e-20
    outer loop
      vertex 9.49162100082573 8.015226432046855 4.8
      vertex 9.485 8.15 7.159999999999999
      vertex 9.485 8.15 4.8
    endloop
  endfacet
  facet normal -0.9987954562051723 0.04906767432742138 -1.713599757723098e-20
    outer loop
      vertex 9.485 8.15 4.8
      vertex 9.49162100082573 8.284773567953145 7.159999999999999
      vertex 9.49162100082573 8.284773567953145 4.8
    endloop
  endfacet
  facet normal -0.9891765099647812 0.14673047445536008 -2.42489776557911e-19
    outer loop
      vertex 9.49162100082573 8.284773567953145 4.8
      vertex 9.511420239445558 8.418249192772176 7.159999999999999
      vertex 9.511420239445558 8.418249192772176 4.8
    endloop
  endfacet
  facet normal -0.9700312531945452 0.24298017990325932 8.46200382724896e-19
    outer loop
      vertex 9.511420239445558 8.418249192772176 4.8
      vertex 9.544207038368212 8.549141431224886 7.159999999999999
      vertex 9.544207038368212 8.549141431224886 4.8
    endloop
  endfacet
  facet normal -0.9415440651830198 0.33688985339222316 9.769455654523285e-19
    outer loop
      vertex 9.544207038368212 8.549141431224886 4.8
      vertex 9.58966564279698 8.676189719501998 7.159999999999999
      vertex 9.58966564279698 8.676189719501998 4.8
    endloop
  endfacet
  facet normal -0.903989293123443 -0.4275550934302829 0
    outer loop
      vertex 9.58966564279698 7.623810280498002 4.8
      vertex 9.647358261521012 7.501829486864254 4.8
      vertex 9.58966564279698 7.623810280498002 7.16
    endloop
  endfacet
  facet normal -0.9039892931234442 0.42755509343028036 3.072286697622079e-19
    outer loop
      vertex 9.58966564279698 8.676189719501998 4.8
      vertex 9.647358261521012 8.798170513135748 7.159999999999999
      vertex 9.647358261521012 8.798170513135748 4.8
    endloop
  endfacet
  facet normal -0.8577286100002708 0.5141027441932239 -1.1117059366810196e-18
    outer loop
      vertex 9.647358261521012 8.798170513135748 4.8
      vertex 9.716729283084 8.913909070401953 7.159999999999999
      vertex 9.716729283084 8.913909070401953 4.8
    endloop
  endfacet
  facet normal -0.8032075314806469 0.5956993044924307 1.9283528322605814e-18
    outer loop
      vertex 9.716729283084 8.913909070401953 4.8
      vertex 9.797110626626235 9.022290765725012 7.159999999999999
      vertex 9.797110626626235 9.022290765725012 4.8
    endloop
  endfacet
  facet normal -0.7409511253549638 0.6715589548470132 -2.5772132417484604e-18
    outer loop
      vertex 9.797110626626235 9.022290765725012 4.8
      vertex 9.887728175868496 9.122271824131504 7.159999999999999
      vertex 9.887728175868496 9.122271824131504 4.8
    endloop
  endfacet
  facet normal -0.6715589548470132 0.7409511253549638 0
    outer loop
      vertex 9.887728175868496 9.122271824131504 4.8
      vertex 9.887728175868496 9.122271824131504 7.159999999999999
      vertex 9.987709234274988 9.212889373373764 4.8
    endloop
  endfacet
  facet normal -0.5956993044924307 0.8032075314806469 0
    outer loop
      vertex 9.987709234274988 9.212889373373764 4.8
      vertex 9.987709234274988 9.212889373373764 7.16
      vertex 10.096090929598047 9.293270716916 4.8
    endloop
  endfacet
  facet normal -0.5141027441932239 0.8577286100002707 0
    outer loop
      vertex 10.096090929598047 9.293270716916 4.8
      vertex 10.096090929598047 9.293270716916 7.16
      vertex 10.211829486864252 9.362641738478988 4.8
    endloop
  endfacet
  facet normal -0.4275550934302803 0.9039892931234441 0
    outer loop
      vertex 10.211829486864252 9.362641738478988 4.8
      vertex 10.211829486864252 9.362641738478988 7.16
      vertex 10.333810280498001 9.42033435720302 4.8
    endloop
  endfacet
  facet normal -0.3368898533922231 0.9415440651830196 0
    outer loop
      vertex 10.333810280498001 9.42033435720302 4.8
      vertex 10.333810280498001 9.42033435720302 7.16
      vertex 10.460858568775114 9.465792961631788 4.8
    endloop
  endfacet
  facet normal -0.24298017990325932 0.9700312531945452 0
    outer loop
      vertex 10.460858568775114 9.465792961631788 4.8
      vertex 10.460858568775114 9.465792961631788 7.16
      vertex 10.591750807227823 9.498579760554442 4.8
    endloop
  endfacet
  facet normal -0.1467304744553601 0.9891765099647812 0
    outer loop
      vertex 10.591750807227823 9.498579760554442 4.8
      vertex 10.591750807227823 9.498579760554442 7.16
      vertex 10.725226432046854 9.51837899917427 4.8
    endloop
  endfacet
  facet normal 0.5141027441932239 0.8577286100002707 1.111705936681019e-18
    outer loop
      vertex 11.623909070401952 9.293270716916 4.8
      vertex 11.508170513135747 9.362641738478988 4.8
      vertex 11.508170513135747 9.362641738478988 7.16
    endloop
  endfacet
  facet normal 0.5956993044924307 0.8032075314806469 -1.9283528322605806e-18
    outer loop
      vertex 11.732290765725011 9.212889373373764 4.8
      vertex 11.623909070401952 9.293270716916 4.8
      vertex 11.623909070401952 9.293270716916 7.16
    endloop
  endfacet
  facet normal 0.903989293123443 -0.4275550934302829 1.6090898610917287e-16
    outer loop
      vertex 12.072641738478987 7.501829486864254 4.8
      vertex 12.130334357203019 7.623810280498002 4.8
      vertex 12.072641738478987 7.5018294868642545 7.16
    endloop
  endfacet
  facet normal 0.9415440651830196 -0.3368898533922231 2.5357482847365386e-16
    outer loop
      vertex 12.130334357203019 7.623810280498002 4.8
      vertex 12.175792961631787 7.750858568775115 4.8
      vertex 12.130334357203019 7.623810280498004 7.16
    endloop
  endfacet
  facet normal 0.9700312531945452 -0.24298017990325932 1.8288962051265166e-16
    outer loop
      vertex 12.175792961631787 7.750858568775115 4.8
      vertex 12.208579760554441 7.881750807227824 4.8
      vertex 12.175792961631787 7.750858568775117 7.16
    endloop
  endfacet
  facet normal 0.9891765099647812 -0.1467304744553601 2.208861710569683e-16
    outer loop
      vertex 12.208579760554441 7.881750807227824 4.8
      vertex 12.22837899917427 8.015226432046855 4.8
      vertex 12.208579760554441 7.881750807227828 7.16
    endloop
  endfacet
  facet normal 0.9987954562051723 -0.04906767432742138 2.215975395380823e-16
    outer loop
      vertex 12.22837899917427 8.015226432046855 4.8
      vertex 12.235 8.15 4.8
      vertex 12.22837899917427 8.015226432046866 7.16
    endloop
  endfacet
  facet normal 0.9987954562051723 0.04906767432742138 0
    outer loop
      vertex 12.235 8.15 4.8
      vertex 12.22837899917427 8.284773567953145 4.8
      vertex 12.235 8.15 7.16
    endloop
  endfacet
  facet normal 0.9891765099647812 0.1467304744553601 -1.1044308552848415e-16
    outer loop
      vertex 12.22837899917427 8.284773567953145 4.8
      vertex 12.208579760554441 8.418249192772176 4.8
      vertex 12.22837899917427 8.284773567953147 7.16
    endloop
  endfacet
  facet normal 0.9700312531945452 0.24298017990325932 0
    outer loop
      vertex 12.208579760554441 8.418249192772176 4.8
      vertex 12.175792961631787 8.549141431224886 4.8
      vertex 12.208579760554441 8.418249192772176 7.16
    endloop
  endfacet
  facet normal 0.9415440651830196 0.3368898533922231 7.086941694002423e-16
    outer loop
      vertex 12.175792961631787 8.549141431224886 4.8
      vertex 12.130334357203019 8.676189719501998 4.8
      vertex 12.175792961631785 8.549141431224886 7.16
    endloop
  endfacet
  facet normal 0.9039892931234442 0.42755509343028036 -3.072286697622079e-19
    outer loop
      vertex 12.072641738478987 8.798170513135748 4.8
      vertex 12.130334357203019 8.676189719501998 7.159999999999999
      vertex 12.130334357203019 8.676189719501998 4.8
    endloop
  endfacet
  facet normal 0.8577286100002708 0.5141027441932239 0
    outer loop
      vertex 12.072641738478987 8.798170513135748 4.8
      vertex 12.003270716916 8.913909070401953 4.8
      vertex 12.072641738478987 8.798170513135748 7.159999999999999
    endloop
  endfacet
  facet normal 0.8032075314806469 0.5956993044924307 -1.9283528322605814e-18
    outer loop
      vertex 11.922889373373764 9.022290765725012 4.8
      vertex 12.003270716916 8.913909070401953 7.159999999999999
      vertex 12.003270716916 8.913909070401953 4.8
    endloop
  endfacet
  facet normal 0.7409511253549638 0.6715589548470132 2.5772132417484604e-18
    outer loop
      vertex 11.832271824131503 9.122271824131504 4.8
      vertex 11.922889373373764 9.022290765725012 7.159999999999999
      vertex 11.922889373373764 9.022290765725012 4.8
    endloop
  endfacet
  facet normal 0.6715589548470131 0.7409511253549638 0
    outer loop
      vertex 11.732290765725011 9.212889373373764 4.8
      vertex 11.732290765725011 9.212889373373764 7.16
      vertex 11.832271824131503 9.122271824131504 4.8
    endloop
  endfacet
  facet normal -0.04906767432742138 0.9987954562051723 0
    outer loop
      vertex 10.725226432046854 9.51837899917427 4.8
      vertex 10.725226432046854 9.51837899917427 7.159999999999999
      vertex 10.86 9.525 4.8
    endloop
  endfacet
  facet normal 0.04906767432742138 0.9987954562051723 0
    outer loop
      vertex 10.86 9.525 4.8
      vertex 10.86 9.525 7.159999999999999
      vertex 10.994773567953144 9.51837899917427 4.8
    endloop
  endfacet
  facet normal 0.1467304744553601 0.9891765099647812 0
    outer loop
      vertex 10.994773567953144 9.51837899917427 4.8
      vertex 10.994773567953144 9.51837899917427 7.16
      vertex 11.128249192772175 9.498579760554442 4.8
    endloop
  endfacet
  facet normal 0.24298017990325932 0.9700312531945452 0
    outer loop
      vertex 11.128249192772175 9.498579760554442 4.8
      vertex 11.128249192772175 9.498579760554442 7.16
      vertex 11.259141431224885 9.465792961631788 4.8
    endloop
  endfacet
  facet normal 0.3368898533922231 0.9415440651830196 0
    outer loop
      vertex 11.259141431224885 9.465792961631788 4.8
      vertex 11.259141431224885 9.465792961631788 7.16
      vertex 11.386189719501997 9.42033435720302 4.8
    endloop
  endfacet
  facet normal 0.4275550934302803 0.9039892931234441 0
    outer loop
      vertex 11.386189719501997 9.42033435720302 4.8
      vertex 11.386189719501997 9.42033435720302 7.16
      vertex 11.508170513135747 9.362641738478988 4.8
    endloop
  endfacet
  facet normal -0.9415440651830196 -0.3368898533922231 0
    outer loop
      vertex 9.58966564279698 7.623810280498002 4.8
      vertex 9.58966564279698 7.623810280498002 7.16
      vertex 9.544207038368212 7.750858568775115 7.159999999999999
    endloop
  endfacet
  facet normal -0.9700312531945452 -0.24298017990325932 0
    outer loop
      vertex 9.544207038368212 7.750858568775115 4.8
      vertex 9.544207038368212 7.750858568775115 7.159999999999999
      vertex 9.511420239445558 7.881750807227824 7.159999999999999
    endloop
  endfacet
  facet normal -0.9891765099647812 -0.14673047445536008 0
    outer loop
      vertex 9.511420239445558 7.881750807227824 4.8
      vertex 9.511420239445558 7.881750807227824 7.159999999999999
      vertex 9.49162100082573 8.015226432046855 7.159999999999999
    endloop
  endfacet
  facet normal -0.9987954562051723 -0.04906767432742138 0
    outer loop
      vertex 9.49162100082573 8.015226432046855 4.8
      vertex 9.49162100082573 8.015226432046855 7.159999999999999
      vertex 9.485 8.15 7.159999999999999
    endloop
  endfacet
  facet normal -0.9987954562051723 0.04906767432742138 0
    outer loop
      vertex 9.485 8.15 4.8
      vertex 9.485 8.15 7.159999999999999
      vertex 9.49162100082573 8.284773567953145 7.159999999999999
    endloop
  endfacet
  facet normal -0.9891765099647812 0.14673047445536008 0
    outer loop
      vertex 9.49162100082573 8.284773567953145 4.8
      vertex 9.49162100082573 8.284773567953145 7.159999999999999
      vertex 9.511420239445558 8.418249192772176 7.159999999999999
    endloop
  endfacet
  facet normal -0.9700312531945452 0.24298017990325932 0
    outer loop
      vertex 9.511420239445558 8.418249192772176 4.8
      vertex 9.511420239445558 8.418249192772176 7.159999999999999
      vertex 9.544207038368212 8.549141431224886 7.159999999999999
    endloop
  endfacet
  facet normal -0.9415440651830198 0.33688985339222316 0
    outer loop
      vertex 9.544207038368212 8.549141431224886 4.8
      vertex 9.544207038368212 8.549141431224886 7.159999999999999
      vertex 9.58966564279698 8.676189719501998 7.159999999999999
    endloop
  endfacet
  facet normal -0.903989293123443 -0.4275550934302829 0
    outer loop
      vertex 9.647358261521012 7.501829486864254 4.8
      vertex 9.647358261521012 7.501829486864254 7.16
      vertex 9.58966564279698 7.623810280498002 7.16
    endloop
  endfacet
  facet normal -0.9039892931234442 0.42755509343028036 0
    outer loop
      vertex 9.58966564279698 8.676189719501998 4.8
      vertex 9.58966564279698 8.676189719501998 7.159999999999999
      vertex 9.647358261521012 8.798170513135748 7.159999999999999
    endloop
  endfacet
  facet normal -0.8577286100002708 0.5141027441932239 0
    outer loop
      vertex 9.647358261521012 8.798170513135748 4.8
      vertex 9.647358261521012 8.798170513135748 7.159999999999999
      vertex 9.716729283084 8.913909070401953 7.159999999999999
    endloop
  endfacet
  facet normal -0.8032075314806469 0.5956993044924307 0
    outer loop
      vertex 9.716729283084 8.913909070401953 4.8
      vertex 9.716729283084 8.913909070401953 7.159999999999999
      vertex 9.797110626626235 9.022290765725012 7.159999999999999
    endloop
  endfacet
  facet normal -0.7409511253549638 0.6715589548470132 0
    outer loop
      vertex 9.797110626626235 9.022290765725012 4.8
      vertex 9.797110626626235 9.022290765725012 7.159999999999999
      vertex 9.887728175868496 9.122271824131504 7.159999999999999
    endloop
  endfacet
  facet normal -0.6715589548470131 0.7409511253549638 0
    outer loop
      vertex 9.987709234274988 9.212889373373764 4.8
      vertex 9.887728175868496 9.122271824131504 7.159999999999999
      vertex 9.987709234274988 9.212889373373764 7.16
    endloop
  endfacet
  facet normal -0.5956993044924307 0.8032075314806469 0
    outer loop
      vertex 10.096090929598047 9.293270716916 4.8
      vertex 9.987709234274988 9.212889373373764 7.16
      vertex 10.096090929598047 9.293270716916 7.16
    endloop
  endfacet
  facet normal -0.5141027441932239 0.8577286100002707 0
    outer loop
      vertex 10.211829486864252 9.362641738478988 4.8
      vertex 10.096090929598047 9.293270716916 7.16
      vertex 10.211829486864252 9.362641738478988 7.16
    endloop
  endfacet
  facet normal -0.4275550934302803 0.9039892931234441 0
    outer loop
      vertex 10.333810280498001 9.42033435720302 4.8
      vertex 10.211829486864252 9.362641738478988 7.16
      vertex 10.333810280498001 9.42033435720302 7.16
    endloop
  endfacet
  facet normal -0.3368898533922231 0.9415440651830196 0
    outer loop
      vertex 10.460858568775114 9.465792961631788 4.8
      vertex 10.333810280498001 9.42033435720302 7.16
      vertex 10.460858568775114 9.465792961631788 7.16
    endloop
  endfacet
  facet normal -0.24298017990325932 0.9700312531945452 0
    outer loop
      vertex 10.591750807227823 9.498579760554442 4.8
      vertex 10.460858568775114 9.465792961631788 7.16
      vertex 10.591750807227823 9.498579760554442 7.16
    endloop
  endfacet
  facet normal 0.5141027441932239 0.8577286100002707 0
    outer loop
      vertex 11.623909070401952 9.293270716916 4.8
      vertex 11.508170513135747 9.362641738478988 7.16
      vertex 11.623909070401952 9.293270716916 7.16
    endloop
  endfacet
  facet normal 0.5956993044924307 0.8032075314806469 0
    outer loop
      vertex 11.732290765725011 9.212889373373764 4.8
      vertex 11.623909070401952 9.293270716916 7.16
      vertex 11.732290765725011 9.212889373373764 7.16
    endloop
  endfacet
  facet normal 0.9039892931234441 -0.4275550934302803 3.218179722183438e-16
    outer loop
      vertex 12.130334357203019 7.623810280498002 4.8
      vertex 12.130334357203019 7.623810280498004 7.16
      vertex 12.072641738478987 7.5018294868642545 7.16
    endloop
  endfacet
  facet normal 0.9415440651830196 -0.3368898533922231 2.5357482847365386e-16
    outer loop
      vertex 12.175792961631787 7.750858568775115 4.8
      vertex 12.175792961631787 7.750858568775117 7.16
      vertex 12.130334357203019 7.623810280498004 7.16
    endloop
  endfacet
  facet normal 0.970031253194546 -0.24298017990325618 3.657792410252986e-16
    outer loop
      vertex 12.208579760554441 7.881750807227824 4.8
      vertex 12.208579760554441 7.881750807227828 7.16
      vertex 12.175792961631787 7.750858568775117 7.16
    endloop
  endfacet
  facet normal 0.9891765099647823 -0.14673047445535245 6.626585131708704e-16
    outer loop
      vertex 12.22837899917427 8.015226432046855 4.8
      vertex 12.22837899917427 8.015226432046866 7.16
      vertex 12.208579760554441 7.881750807227828 7.16
    endloop
  endfacet
  facet normal 0.998795456205172 -0.049067674327425245 0
    outer loop
      vertex 12.235 8.15 4.8
      vertex 12.235 8.15 7.16
      vertex 12.22837899917427 8.015226432046866 7.16
    endloop
  endfacet
  facet normal 0.9987954562051723 0.049067674327420735 -3.693292325634656e-17
    outer loop
      vertex 12.22837899917427 8.284773567953145 4.8
      vertex 12.22837899917427 8.284773567953147 7.16
      vertex 12.235 8.15 7.16
    endloop
  endfacet
  facet normal 0.9891765099647809 0.14673047445536203 0
    outer loop
      vertex 12.208579760554441 8.418249192772176 4.8
      vertex 12.208579760554441 8.418249192772176 7.16
      vertex 12.22837899917427 8.284773567953147 7.16
    endloop
  endfacet
  facet normal 0.970031253194542 0.24298017990327167 7.301362928153053e-16
    outer loop
      vertex 12.175792961631787 8.549141431224886 4.8
      vertex 12.175792961631785 8.549141431224886 7.16
      vertex 12.208579760554441 8.418249192772176 7.16
    endloop
  endfacet
  facet normal 0.9415440651830239 0.33688985339221145 0
    outer loop
      vertex 12.130334357203019 8.676189719501998 4.8
      vertex 12.130334357203019 8.676189719501998 7.159999999999999
      vertex 12.175792961631785 8.549141431224886 7.16
    endloop
  endfacet
  facet normal 0.9039892931234442 0.42755509343028036 0
    outer loop
      vertex 12.072641738478987 8.798170513135748 4.8
      vertex 12.072641738478987 8.798170513135748 7.159999999999999
      vertex 12.130334357203019 8.676189719501998 7.159999999999999
    endloop
  endfacet
  facet normal 0.8577286100002708 0.5141027441932239 0
    outer loop
      vertex 12.003270716916 8.913909070401953 4.8
      vertex 12.003270716916 8.913909070401953 7.159999999999999
      vertex 12.072641738478987 8.798170513135748 7.159999999999999
    endloop
  endfacet
  facet normal 0.8032075314806469 0.5956993044924307 0
    outer loop
      vertex 11.922889373373764 9.022290765725012 4.8
      vertex 11.922889373373764 9.022290765725012 7.159999999999999
      vertex 12.003270716916 8.913909070401953 7.159999999999999
    endloop
  endfacet
  facet normal 0.7409511253549638 0.6715589548470132 0
    outer loop
      vertex 11.832271824131503 9.122271824131504 4.8
      vertex 11.832271824131503 9.122271824131504 7.159999999999999
      vertex 11.922889373373764 9.022290765725012 7.159999999999999
    endloop
  endfacet
  facet normal 0.6715589548470132 0.7409511253549638 0
    outer loop
      vertex 11.832271824131503 9.122271824131504 4.8
      vertex 11.732290765725011 9.212889373373764 7.16
      vertex 11.832271824131503 9.122271824131504 7.159999999999999
    endloop
  endfacet
  facet normal -0.14673047445536008 0.9891765099647812 0
    outer loop
      vertex 10.725226432046854 9.51837899917427 4.8
      vertex 10.591750807227823 9.498579760554442 7.16
      vertex 10.725226432046854 9.51837899917427 7.159999999999999
    endloop
  endfacet
  facet normal -0.04906767432742138 0.9987954562051723 0
    outer loop
      vertex 10.86 9.525 4.8
      vertex 10.725226432046854 9.51837899917427 7.159999999999999
      vertex 10.86 9.525 7.159999999999999
    endloop
  endfacet
  facet normal 0.04906767432742138 0.9987954562051723 0
    outer loop
      vertex 10.994773567953144 9.51837899917427 4.8
      vertex 10.86 9.525 7.159999999999999
      vertex 10.994773567953144 9.51837899917427 7.16
    endloop
  endfacet
  facet normal 0.1467304744553601 0.9891765099647812 0
    outer loop
      vertex 11.128249192772175 9.498579760554442 4.8
      vertex 10.994773567953144 9.51837899917427 7.16
      vertex 11.128249192772175 9.498579760554442 7.16
    endloop
  endfacet
  facet normal 0.24298017990325932 0.9700312531945452 0
    outer loop
      vertex 11.259141431224885 9.465792961631788 4.8
      vertex 11.128249192772175 9.498579760554442 7.16
      vertex 11.259141431224885 9.465792961631788 7.16
    endloop
  endfacet
  facet normal 0.3368898533922231 0.9415440651830196 0
    outer loop
      vertex 11.386189719501997 9.42033435720302 4.8
      vertex 11.259141431224885 9.465792961631788 7.16
      vertex 11.386189719501997 9.42033435720302 7.16
    endloop
  endfacet
  facet normal 0.4275550934302803 0.9039892931234441 0
    outer loop
      vertex 11.508170513135747 9.362641738478988 4.8
      vertex 11.386189719501997 9.42033435720302 7.16
      vertex 11.508170513135747 9.362641738478988 7.16
    endloop
  endfacet
  facet normal -0.558977912977805 -0.6167370871613482 0.5542373662274254
    outer loop
      vertex 9.887728175868498 7.177728175868498 7.16
      vertex 9.987709234274988 7.087110626626237 7.16
      vertex 10.170570888343116 7.460570888343116 7.759999999999999
    endloop
  endfacet
  facet normal -0.4958354759238734 -0.6685567460527431 0.5542373662274261
    outer loop
      vertex 10.096090929598047 7.006729283084001 7.16
      vertex 10.241466547940446 7.396314807971332 7.759999999999999
      vertex 9.987709234274988 7.087110626626237 7.16
    endloop
  endfacet
  facet normal -0.6167370871613507 -0.5589779129778023 0.5542373662274251
    outer loop
      vertex 9.797110626626237 7.2777092342749885 7.16
      vertex 9.887728175868498 7.177728175868498 7.16
      vertex 10.170570888343116 7.460570888343116 7.759999999999999
    endloop
  endfacet
  facet normal -0.6685567460527414 -0.4958354759238776 0.5542373662274244
    outer loop
      vertex 9.716729283084 7.386090929598048 7.16
      vertex 9.797110626626237 7.2777092342749885 7.16
      vertex 10.10631480797133 7.531466547940446 7.759999999999999
    endloop
  endfacet
  facet normal -0.28041318754431305 -0.7837023581236208 0.554237366227426
    outer loop
      vertex 10.333810280498001 6.879665642796981 7.16
      vertex 10.460858568775114 6.834207038368214 7.16
      vertex 10.486883653444037 7.249217455801496 7.759999999999999
    endloop
  endfacet
  facet normal -0.20224665738875988 -0.8074139158154012 0.5542373662274258
    outer loop
      vertex 10.460858568775114 6.834207038368214 7.16
      vertex 10.591750807227823 6.801420239445559 7.16
      vertex 10.576972439676899 7.216983172661097 7.759999999999999
    endloop
  endfacet
  facet normal -0.12213238136327756 -0.8233496361205377 0.5542373662274255
    outer loop
      vertex 10.591750807227823 6.801420239445559 7.16
      vertex 10.725226432046854 6.78162100082573 7.16
      vertex 10.669786936034274 7.19373435160685 7.759999999999999
    endloop
  endfacet
  facet normal -0.4279178721855481 -0.7139378380093601 0.5542373662274257
    outer loop
      vertex 10.096090929598047 7.006729283084001 7.16
      vertex 10.211829486864254 6.9373582615210125 7.16
      vertex 10.318319022805888 7.3393171280050185 7.759999999999999
    endloop
  endfacet
  facet normal -0.35587918541438246 -0.7524433183078197 0.5542373662274251
    outer loop
      vertex 10.211829486864254 6.9373582615210125 7.16
      vertex 10.333810280498001 6.879665642796981 7.16
      vertex 10.400388181594652 7.290126767260354 7.759999999999999
    endloop
  endfacet
  facet normal -0.6167370871613455 -0.558977912977809 0.5542373662274241
    outer loop
      vertex 9.797110626626237 7.2777092342749885 7.16
      vertex 10.170570888343116 7.460570888343116 7.759999999999999
      vertex 10.10631480797133 7.531466547940446 7.759999999999999
    endloop
  endfacet
  facet normal -0.4958354759238761 -0.6685567460527413 0.5542373662274256
    outer loop
      vertex 10.096090929598047 7.006729283084001 7.16
      vertex 10.318319022805888 7.3393171280050185 7.759999999999999
      vertex 10.241466547940446 7.396314807971332 7.759999999999999
    endloop
  endfacet
  facet normal -0.4279178721855536 -0.7139378380093574 0.5542373662274248
    outer loop
      vertex 10.211829486864254 6.9373582615210125 7.16
      vertex 10.400388181594652 7.290126767260354 7.759999999999999
      vertex 10.318319022805888 7.3393171280050185 7.759999999999999
    endloop
  endfacet
  facet normal -0.5589779129777996 -0.6167370871613521 0.5542373662274263
    outer loop
      vertex 9.987709234274988 7.087110626626237 7.16
      vertex 10.241466547940446 7.396314807971332 7.759999999999999
      vertex 10.170570888343116 7.460570888343116 7.759999999999999
    endloop
  endfacet
  facet normal -0.2804131875443153 -0.7837023581236202 0.5542373662274257
    outer loop
      vertex 10.460858568775114 6.834207038368214 7.16
      vertex 10.576972439676899 7.216983172661097 7.759999999999999
      vertex 10.486883653444037 7.249217455801496 7.759999999999999
    endloop
  endfacet
  facet normal -0.35587918541437447 -0.7524433183078226 0.5542373662274261
    outer loop
      vertex 10.333810280498001 6.879665642796981 7.16
      vertex 10.486883653444037 7.249217455801496 7.759999999999999
      vertex 10.400388181594652 7.290126767260354 7.759999999999999
    endloop
  endfacet
  facet normal -0.2022466573887634 -0.8074139158154008 0.5542373662274253
    outer loop
      vertex 10.591750807227823 6.801420239445559 7.16
      vertex 10.669786936034274 7.19373435160685 7.759999999999999
      vertex 10.576972439676899 7.216983172661097 7.759999999999999
    endloop
  endfacet
  facet normal -0.04084190374091721 -0.8313560493411378 0.5542373662274255
    outer loop
      vertex 10.725226432046854 6.78162100082573 7.16
      vertex 10.86 6.775000000000001 7.16
      vertex 10.764433288178678 7.179694891494608 7.759999999999999
    endloop
  endfacet
  facet normal 0.040841903740916674 -0.8313560493411378 0.5542373662274256
    outer loop
      vertex 10.86 6.775000000000001 7.16
      vertex 10.994773567953146 6.78162100082573 7.16
      vertex 10.955566711821321 7.179694891494608 7.759999999999999
    endloop
  endfacet
  facet normal 0.12213238136327914 -0.8233496361205374 0.5542373662274255
    outer loop
      vertex 10.994773567953146 6.78162100082573 7.16
      vertex 11.128249192772175 6.801420239445559 7.16
      vertex 11.050213063965725 7.19373435160685 7.759999999999999
    endloop
  endfacet
  facet normal 0.20224665738875988 -0.8074139158154012 0.5542373662274258
    outer loop
      vertex 11.128249192772175 6.801420239445559 7.16
      vertex 11.259141431224885 6.834207038368214 7.16
      vertex 11.1430275603231 7.216983172661097 7.759999999999999
    endloop
  endfacet
  facet normal 0.28041318754431804 -0.7837023581236194 0.5542373662274253
    outer loop
      vertex 11.259141431224885 6.834207038368214 7.16
      vertex 11.386189719501997 6.879665642796982 7.16
      vertex 11.233116346555962 7.249217455801496 7.759999999999999
    endloop
  endfacet
  facet normal 0.3558791854143735 -0.7524433183078235 0.5542373662274256
    outer loop
      vertex 11.386189719501997 6.879665642796982 7.16
      vertex 11.508170513135747 6.9373582615210125 7.16
      vertex 11.319611818405347 7.290126767260354 7.759999999999999
    endloop
  endfacet
  facet normal 0.42791787218555716 -0.7139378380093551 0.5542373662274251
    outer loop
      vertex 11.508170513135747 6.9373582615210125 7.16
      vertex 11.623909070401952 7.006729283084002 7.16
      vertex 11.401680977194111 7.3393171280050185 7.759999999999999
    endloop
  endfacet
  facet normal 0.4958354759238736 -0.6685567460527434 0.5542373662274254
    outer loop
      vertex 11.623909070401952 7.006729283084002 7.16
      vertex 11.732290765725011 7.087110626626238 7.16
      vertex 11.478533452059553 7.396314807971332 7.759999999999999
    endloop
  endfacet
  facet normal 0.5589779129777993 -0.6167370871613529 0.5542373662274256
    outer loop
      vertex 11.732290765725011 7.087110626626238 7.16
      vertex 11.832271824131503 7.1777281758684985 7.16
      vertex 11.549429111656883 7.460570888343116 7.759999999999999
    endloop
  endfacet
  facet normal -0.12213238136327677 -0.8233496361205376 0.5542373662274255
    outer loop
      vertex 10.725226432046854 6.78162100082573 7.16
      vertex 10.764433288178678 7.179694891494608 7.759999999999999
      vertex 10.669786936034274 7.19373435160685 7.759999999999999
    endloop
  endfacet
  facet normal -0.04084190374091676 -0.8313560493411378 0.5542373662274256
    outer loop
      vertex 10.86 6.775000000000001 7.16
      vertex 10.86 7.175000000000001 7.759999999999999
      vertex 10.764433288178678 7.179694891494608 7.759999999999999
    endloop
  endfacet
  facet normal 0.04084190374091658 -0.8313560493411378 0.5542373662274256
    outer loop
      vertex 10.86 6.775000000000001 7.16
      vertex 10.955566711821321 7.179694891494608 7.759999999999999
      vertex 10.86 7.175000000000001 7.759999999999999
    endloop
  endfacet
  facet normal 0.12213238136327674 -0.8233496361205376 0.5542373662274258
    outer loop
      vertex 10.994773567953146 6.78162100082573 7.16
      vertex 11.050213063965725 7.19373435160685 7.759999999999999
      vertex 10.955566711821321 7.179694891494608 7.759999999999999
    endloop
  endfacet
  facet normal 0.20224665738876352 -0.8074139158154008 0.5542373662274253
    outer loop
      vertex 11.128249192772175 6.801420239445559 7.16
      vertex 11.1430275603231 7.216983172661097 7.759999999999999
      vertex 11.050213063965725 7.19373435160685 7.759999999999999
    endloop
  endfacet
  facet normal 0.28041318754431527 -0.7837023581236202 0.5542373662274257
    outer loop
      vertex 11.259141431224885 6.834207038368214 7.16
      vertex 11.233116346555962 7.249217455801496 7.759999999999999
      vertex 11.1430275603231 7.216983172661097 7.759999999999999
    endloop
  endfacet
  facet normal 0.3558791854143747 -0.7524433183078232 0.5542373662274254
    outer loop
      vertex 11.386189719501997 6.879665642796982 7.16
      vertex 11.319611818405347 7.290126767260354 7.759999999999999
      vertex 11.233116346555962 7.249217455801496 7.759999999999999
    endloop
  endfacet
  facet normal 0.42791787218555344 -0.7139378380093571 0.5542373662274258
    outer loop
      vertex 11.508170513135747 6.9373582615210125 7.16
      vertex 11.401680977194111 7.3393171280050185 7.759999999999999
      vertex 11.319611818405347 7.290126767260354 7.759999999999999
    endloop
  endfacet
  facet normal 0.4958354759238761 -0.668556746052742 0.554237366227425
    outer loop
      vertex 11.623909070401952 7.006729283084002 7.16
      vertex 11.478533452059553 7.396314807971332 7.759999999999999
      vertex 11.401680977194111 7.3393171280050185 7.759999999999999
    endloop
  endfacet
  facet normal 0.5589779129778001 -0.6167370871613524 0.5542373662274255
    outer loop
      vertex 11.732290765725011 7.087110626626238 7.16
      vertex 11.549429111656883 7.460570888343116 7.759999999999999
      vertex 11.478533452059553 7.396314807971332 7.759999999999999
    endloop
  endfacet
  facet normal 0.6167370871613449 -0.5589779129778084 0.5542373662274255
    outer loop
      vertex 11.922889373373764 7.2777092342749885 7.16
      vertex 11.613685192028669 7.531466547940446 7.759999999999999
      vertex 11.549429111656883 7.460570888343116 7.759999999999999
    endloop
  endfacet
  facet normal 0.6167370871613479 -0.5589779129778046 0.554237366227426
    outer loop
      vertex 11.832271824131503 7.1777281758684985 7.16
      vertex 11.922889373373764 7.2777092342749885 7.16
      vertex 11.549429111656883 7.460570888343116 7.759999999999999
    endloop
  endfacet
  facet normal 0.6685567460527481 -0.49583547592386745 0.5542373662274254
    outer loop
      vertex 11.922889373373764 7.2777092342749885 7.16
      vertex 12.003270716916 7.386090929598049 7.16
      vertex 11.613685192028669 7.531466547940446 7.759999999999999
    endloop
  endfacet
  facet normal -0.7139378380093582 -0.4279178721855503 0.5542373662274265
    outer loop
      vertex 9.716729283084 7.386090929598048 7.16
      vertex 10.049317128005018 7.608319022805889 7.759999999999999
      vertex 9.647358261521012 7.501829486864254 7.16
    endloop
  endfacet
  facet normal -0.7524433183078204 -0.3558791854143802 0.5542373662274254
    outer loop
      vertex 9.58966564279698 7.623810280498002 7.16
      vertex 9.647358261521012 7.501829486864254 7.16
      vertex 10.000126767260353 7.690388181594653 7.759999999999999
    endloop
  endfacet
  facet normal -0.8074139158154024 -0.20224665738875472 0.5542373662274259
    outer loop
      vertex 9.544207038368212 7.750858568775115 7.159999999999999
      vertex 9.926983172661096 7.8669724396769 7.759999999999999
      vertex 9.511420239445558 7.881750807227824 7.159999999999999
    endloop
  endfacet
  facet normal -0.7837023581236203 -0.2804131875443145 0.554237366227426
    outer loop
      vertex 9.58966564279698 7.623810280498002 7.16
      vertex 9.959217455801495 7.776883653444038 7.759999999999999
      vertex 9.544207038368212 7.750858568775115 7.159999999999999
    endloop
  endfacet
  facet normal -0.8233496361205375 -0.12213238136327752 0.5542373662274257
    outer loop
      vertex 9.511420239445558 7.881750807227824 7.159999999999999
      vertex 9.90373435160685 7.959786936034275 7.759999999999999
      vertex 9.49162100082573 8.015226432046855 7.159999999999999
    endloop
  endfacet
  facet normal -0.8313560493411384 -0.04084190374092272 0.5542373662274243
    outer loop
      vertex 9.49162100082573 8.015226432046855 7.159999999999999
      vertex 9.889694891494607 8.054433288178679 7.759999999999999
      vertex 9.485 8.15 7.159999999999999
    endloop
  endfacet
  facet normal -0.8313560493411384 0.04084190374092272 0.5542373662274243
    outer loop
      vertex 9.485 8.15 7.159999999999999
      vertex 9.889694891494607 8.245566711821322 7.759999999999999
      vertex 9.49162100082573 8.284773567953145 7.159999999999999
    endloop
  endfacet
  facet normal -0.8233496361205375 0.12213238136327752 0.5542373662274257
    outer loop
      vertex 9.49162100082573 8.284773567953145 7.159999999999999
      vertex 9.90373435160685 8.340213063965725 7.759999999999999
      vertex 9.511420239445558 8.418249192772176 7.159999999999999
    endloop
  endfacet
  facet normal -0.7524433183078226 -0.35587918541437447 0.5542373662274261
    outer loop
      vertex 9.58966564279698 7.623810280498002 7.16
      vertex 10.000126767260353 7.690388181594653 7.759999999999999
      vertex 9.959217455801495 7.776883653444038 7.759999999999999
    endloop
  endfacet
  facet normal -0.78370235812362 -0.28041318754431505 0.5542373662274259
    outer loop
      vertex 9.544207038368212 7.750858568775115 7.159999999999999
      vertex 9.959217455801495 7.776883653444038 7.759999999999999
      vertex 9.926983172661096 7.8669724396769 7.759999999999999
    endloop
  endfacet
  facet normal -0.8074139158154022 -0.20224665738875594 0.5542373662274256
    outer loop
      vertex 9.511420239445558 7.881750807227824 7.159999999999999
      vertex 9.926983172661096 7.8669724396769 7.759999999999999
      vertex 9.90373435160685 7.959786936034275 7.759999999999999
    endloop
  endfacet
  facet normal -0.6685567460527508 -0.4958354759238621 0.5542373662274268
    outer loop
      vertex 9.716729283084 7.386090929598048 7.16
      vertex 10.10631480797133 7.531466547940446 7.759999999999999
      vertex 10.049317128005018 7.608319022805889 7.759999999999999
    endloop
  endfacet
  facet normal -0.7139378380093538 -0.4279178721855592 0.5542373662274251
    outer loop
      vertex 9.647358261521012 7.501829486864254 7.16
      vertex 10.049317128005018 7.608319022805889 7.759999999999999
      vertex 10.000126767260353 7.690388181594653 7.759999999999999
    endloop
  endfacet
  facet normal -0.8233496361205366 -0.12213238136329195 0.5542373662274238
    outer loop
      vertex 9.49162100082573 8.015226432046855 7.159999999999999
      vertex 9.90373435160685 7.959786936034275 7.759999999999999
      vertex 9.889694891494607 8.054433288178679 7.759999999999999
    endloop
  endfacet
  facet normal -0.8313560493411377 -0.04084190374090905 0.5542373662274259
    outer loop
      vertex 9.485 8.15 7.159999999999999
      vertex 9.889694891494607 8.054433288178679 7.759999999999999
      vertex 9.885 8.15 7.759999999999999
    endloop
  endfacet
  facet normal -0.8313560493411377 0.04084190374090885 0.5542373662274259
    outer loop
      vertex 9.485 8.15 7.159999999999999
      vertex 9.885 8.15 7.759999999999999
      vertex 9.889694891494607 8.245566711821322 7.759999999999999
    endloop
  endfacet
  facet normal -0.8233496361205365 0.12213238136329184 0.5542373662274237
    outer loop
      vertex 9.49162100082573 8.284773567953145 7.159999999999999
      vertex 9.889694891494607 8.245566711821322 7.759999999999999
      vertex 9.90373435160685 8.340213063965725 7.759999999999999
    endloop
  endfacet
  facet normal -0.8074139158154023 0.2022466573887561 0.5542373662274257
    outer loop
      vertex 9.511420239445558 8.418249192772176 7.159999999999999
      vertex 9.90373435160685 8.340213063965725 7.759999999999999
      vertex 9.926983172661096 8.4330275603231 7.759999999999999
    endloop
  endfacet
  facet normal -0.8074139158154024 0.20224665738875472 0.5542373662274259
    outer loop
      vertex 9.511420239445558 8.418249192772176 7.159999999999999
      vertex 9.926983172661096 8.4330275603231 7.759999999999999
      vertex 9.544207038368212 8.549141431224886 7.159999999999999
    endloop
  endfacet
  facet normal -0.7837023581236193 0.28041318754431804 0.5542373662274256
    outer loop
      vertex 9.544207038368212 8.549141431224886 7.159999999999999
      vertex 9.959217455801495 8.523116346555963 7.759999999999999
      vertex 9.58966564279698 8.676189719501998 7.159999999999999
    endloop
  endfacet
  facet normal -0.7524433183078216 0.35587918541437813 0.5542373662274251
    outer loop
      vertex 9.58966564279698 8.676189719501998 7.159999999999999
      vertex 10.000126767260353 8.609611818405348 7.759999999999999
      vertex 9.647358261521012 8.798170513135748 7.159999999999999
    endloop
  endfacet
  facet normal -0.7139378380093571 0.42791787218555283 0.5542373662274259
    outer loop
      vertex 9.647358261521012 8.798170513135748 7.159999999999999
      vertex 10.049317128005018 8.691680977194112 7.759999999999999
      vertex 9.716729283084 8.913909070401953 7.159999999999999
    endloop
  endfacet
  facet normal -0.6685567460527461 0.49583547592387006 0.5542373662274255
    outer loop
      vertex 9.716729283084 8.913909070401953 7.159999999999999
      vertex 10.10631480797133 8.768533452059554 7.759999999999999
      vertex 9.797110626626235 9.022290765725012 7.159999999999999
    endloop
  endfacet
  facet normal -0.6167370871613523 0.5589779129777988 0.554237366227427
    outer loop
      vertex 9.797110626626235 9.022290765725012 7.159999999999999
      vertex 10.170570888343116 8.839429111656884 7.759999999999999
      vertex 9.887728175868496 9.122271824131504 7.159999999999999
    endloop
  endfacet
  facet normal -0.5589779129778014 0.6167370871613498 0.554237366227427
    outer loop
      vertex 9.887728175868496 9.122271824131504 7.159999999999999
      vertex 10.170570888343116 8.839429111656884 7.759999999999999
      vertex 9.987709234274988 9.212889373373764 7.16
    endloop
  endfacet
  facet normal -0.49583547592386984 0.6685567460527457 0.554237366227426
    outer loop
      vertex 9.987709234274988 9.212889373373764 7.16
      vertex 10.241466547940446 8.90368519202867 7.759999999999999
      vertex 10.096090929598047 9.293270716916 7.16
    endloop
  endfacet
  facet normal -0.42791787218555266 0.7139378380093567 0.5542373662274265
    outer loop
      vertex 10.096090929598047 9.293270716916 7.16
      vertex 10.318319022805888 8.960682871994981 7.759999999999999
      vertex 10.211829486864252 9.362641738478988 7.16
    endloop
  endfacet
  facet normal -0.3558791854143781 0.7524433183078213 0.5542373662274256
    outer loop
      vertex 10.400388181594652 9.009873232739647 7.759999999999999
      vertex 10.333810280498001 9.42033435720302 7.16
      vertex 10.211829486864252 9.362641738478988 7.16
    endloop
  endfacet
  facet normal -0.28041318754431777 0.783702358123619 0.5542373662274261
    outer loop
      vertex 10.486883653444037 9.050782544198505 7.759999999999999
      vertex 10.460858568775114 9.465792961631788 7.16
      vertex 10.333810280498001 9.42033435720302 7.16
    endloop
  endfacet
  facet normal -0.20224665738875475 0.807413915815402 0.5542373662274265
    outer loop
      vertex 10.576972439676899 9.083016827338904 7.759999999999999
      vertex 10.591750807227823 9.498579760554442 7.16
      vertex 10.460858568775114 9.465792961631788 7.16
    endloop
  endfacet
  facet normal -0.7837023581236201 0.280413187544315 0.554237366227426
    outer loop
      vertex 9.544207038368212 8.549141431224886 7.159999999999999
      vertex 9.926983172661096 8.4330275603231 7.759999999999999
      vertex 9.959217455801495 8.523116346555963 7.759999999999999
    endloop
  endfacet
  facet normal -0.7524433183078229 0.3558791854143745 0.5542373662274254
    outer loop
      vertex 9.58966564279698 8.676189719501998 7.159999999999999
      vertex 9.959217455801495 8.523116346555963 7.759999999999999
      vertex 10.000126767260353 8.609611818405348 7.759999999999999
    endloop
  endfacet
  facet normal -0.7139378380093541 0.4279178721855591 0.5542373662274251
    outer loop
      vertex 9.647358261521012 8.798170513135748 7.159999999999999
      vertex 10.000126767260353 8.609611818405348 7.759999999999999
      vertex 10.049317128005018 8.691680977194112 7.759999999999999
    endloop
  endfacet
  facet normal -0.6685567460527486 0.4958354759238658 0.5542373662274263
    outer loop
      vertex 9.716729283084 8.913909070401953 7.159999999999999
      vertex 10.049317128005018 8.691680977194112 7.759999999999999
      vertex 10.10631480797133 8.768533452059554 7.759999999999999
    endloop
  endfacet
  facet normal -0.6167370871613448 0.5589779129778087 0.5542373662274254
    outer loop
      vertex 9.797110626626235 9.022290765725012 7.159999999999999
      vertex 10.10631480797133 8.768533452059554 7.759999999999999
      vertex 10.170570888343116 8.839429111656884 7.759999999999999
    endloop
  endfacet
  facet normal -0.5589779129778082 0.6167370871613448 0.554237366227426
    outer loop
      vertex 9.987709234274988 9.212889373373764 7.16
      vertex 10.170570888343116 8.839429111656884 7.759999999999999
      vertex 10.241466547940446 8.90368519202867 7.759999999999999
    endloop
  endfacet
  facet normal -0.4958354759238656 0.6685567460527484 0.5542373662274267
    outer loop
      vertex 10.096090929598047 9.293270716916 7.16
      vertex 10.241466547940446 8.90368519202867 7.759999999999999
      vertex 10.318319022805888 8.960682871994981 7.759999999999999
    endloop
  endfacet
  facet normal -0.42791787218555905 0.7139378380093537 0.5542373662274256
    outer loop
      vertex 10.318319022805888 8.960682871994981 7.759999999999999
      vertex 10.400388181594652 9.009873232739647 7.759999999999999
      vertex 10.211829486864252 9.362641738478988 7.16
    endloop
  endfacet
  facet normal -0.3558791854143743 0.7524433183078227 0.5542373662274261
    outer loop
      vertex 10.400388181594652 9.009873232739647 7.759999999999999
      vertex 10.486883653444037 9.050782544198505 7.759999999999999
      vertex 10.333810280498001 9.42033435720302 7.16
    endloop
  endfacet
  facet normal -0.280413187544315 0.7837023581236198 0.5542373662274265
    outer loop
      vertex 10.486883653444037 9.050782544198505 7.759999999999999
      vertex 10.576972439676899 9.083016827338904 7.759999999999999
      vertex 10.460858568775114 9.465792961631788 7.16
    endloop
  endfacet
  facet normal -0.2022466573887559 0.8074139158154019 0.5542373662274263
    outer loop
      vertex 10.576972439676899 9.083016827338904 7.759999999999999
      vertex 10.669786936034274 9.10626564839315 7.759999999999999
      vertex 10.591750807227823 9.498579760554442 7.16
    endloop
  endfacet
  facet normal 0 0 1
    outer loop
      vertex 10.049317128005018 7.608319022805889 7.759999999999999
      vertex 10.10631480797133 7.531466547940446 7.759999999999999
      vertex 10.049317128005018 8.691680977194112 7.759999999999999
    endloop
  endfacet
  facet normal 0 0 1
    outer loop
      vertex 10.170570888343116 7.460570888343116 7.759999999999999
      vertex 10.10631480797133 8.768533452059554 7.759999999999999
      vertex 10.10631480797133 7.531466547940446 7.759999999999999
    endloop
  endfacet
  facet normal 0 0 1
    outer loop
      vertex 9.926983172661096 7.8669724396769 7.759999999999999
      vertex 9.90373435160685 8.340213063965725 7.759999999999999
      vertex 9.90373435160685 7.959786936034275 7.759999999999999
    endloop
  endfacet
  facet normal 0 0 1
    outer loop
      vertex 10.000126767260353 7.690388181594653 7.759999999999999
      vertex 9.959217455801495 8.523116346555963 7.759999999999999
      vertex 9.959217455801495 7.776883653444038 7.759999999999999
    endloop
  endfacet
  facet normal 0 0 1
    outer loop
      vertex 9.959217455801495 7.776883653444038 7.759999999999999
      vertex 9.926983172661096 8.4330275603231 7.759999999999999
      vertex 9.926983172661096 7.8669724396769 7.759999999999999
    endloop
  endfacet
  facet normal 0 0 1
    outer loop
      vertex 9.90373435160685 7.959786936034275 7.759999999999999
      vertex 9.889694891494607 8.245566711821322 7.759999999999999
      vertex 9.889694891494607 8.054433288178679 7.759999999999999
    endloop
  endfacet
  facet normal 0 0 1
    outer loop
      vertex 9.889694891494607 8.054433288178679 7.759999999999999
      vertex 9.889694891494607 8.245566711821322 7.759999999999999
      vertex 9.885 8.15 7.759999999999999
    endloop
  endfacet
  facet normal 0 0 1
    outer loop
      vertex 9.90373435160685 7.959786936034275 7.759999999999999
      vertex 9.90373435160685 8.340213063965725 7.759999999999999
      vertex 9.889694891494607 8.245566711821322 7.759999999999999
    endloop
  endfacet
  facet normal 0 0 1
    outer loop
      vertex 10.000126767260353 7.690388181594653 7.759999999999999
      vertex 10.049317128005018 7.608319022805889 7.759999999999999
      vertex 10.000126767260353 8.609611818405348 7.759999999999999
    endloop
  endfacet
  facet normal 0 0 1
    outer loop
      vertex 9.926983172661096 7.8669724396769 7.759999999999999
      vertex 9.926983172661096 8.4330275603231 7.759999999999999
      vertex 9.90373435160685 8.340213063965725 7.759999999999999
    endloop
  endfacet
  facet normal 0 0 1
    outer loop
      vertex 9.959217455801495 7.776883653444038 7.759999999999999
      vertex 9.959217455801495 8.523116346555963 7.759999999999999
      vertex 9.926983172661096 8.4330275603231 7.759999999999999
    endloop
  endfacet
  facet normal 0 0 1
    outer loop
      vertex 10.000126767260353 7.690388181594653 7.759999999999999
      vertex 10.000126767260353 8.609611818405348 7.759999999999999
      vertex 9.959217455801495 8.523116346555963 7.759999999999999
    endloop
  endfacet
  facet normal 0 0 1
    outer loop
      vertex 10.049317128005018 7.608319022805889 7.759999999999999
      vertex 10.049317128005018 8.691680977194112 7.759999999999999
      vertex 10.000126767260353 8.609611818405348 7.759999999999999
    endloop
  endfacet
  facet normal 0 0 1
    outer loop
      vertex 10.049317128005018 8.691680977194112 7.759999999999999
      vertex 10.10631480797133 7.531466547940446 7.759999999999999
      vertex 10.10631480797133 8.768533452059554 7.759999999999999
    endloop
  endfacet
  facet normal 0 0 1
    outer loop
      vertex 10.170570888343116 7.460570888343116 7.759999999999999
      vertex 10.241466547940446 7.396314807971332 7.759999999999999
      vertex 10.170570888343116 8.839429111656884 7.759999999999999
    endloop
  endfacet
  facet normal 0 0 1
    outer loop
      vertex 10.318319022805888 7.3393171280050185 7.759999999999999
      vertex 10.241466547940446 8.90368519202867 7.759999999999999
      vertex 10.241466547940446 7.396314807971332 7.759999999999999
    endloop
  endfacet
  facet normal 0 0 1
    outer loop
      vertex 10.318319022805888 7.3393171280050185 7.759999999999999
      vertex 10.400388181594652 7.290126767260354 7.759999999999999
      vertex 10.318319022805888 8.960682871994981 7.759999999999999
    endloop
  endfacet
  facet normal 0 0 1
    outer loop
      vertex 10.400388181594652 7.290126767260354 7.759999999999999
      vertex 10.486883653444037 7.249217455801496 7.759999999999999
      vertex 10.400388181594652 9.009873232739647 7.759999999999999
    endloop
  endfacet
  facet normal 0 0 1
    outer loop
      vertex 10.576972439676899 7.216983172661097 7.759999999999999
      vertex 10.486883653444037 9.050782544198505 7.759999999999999
      vertex 10.486883653444037 7.249217455801496 7.759999999999999
    endloop
  endfacet
  facet normal 0 0 1
    outer loop
      vertex 10.576972439676899 7.216983172661097 7.759999999999999
      vertex 10.669786936034274 7.19373435160685 7.759999999999999
      vertex 10.576972439676899 9.083016827338904 7.759999999999999
    endloop
  endfacet
  facet normal 0 0 1
    outer loop
      vertex 10.170570888343116 7.460570888343116 7.759999999999999
      vertex 10.170570888343116 8.839429111656884 7.759999999999999
      vertex 10.10631480797133 8.768533452059554 7.759999999999999
    endloop
  endfacet
  facet normal 0 0 1
    outer loop
      vertex 10.241466547940446 7.396314807971332 7.759999999999999
      vertex 10.241466547940446 8.90368519202867 7.759999999999999
      vertex 10.170570888343116 8.839429111656884 7.759999999999999
    endloop
  endfacet
  facet normal 0 0 1
    outer loop
      vertex 10.318319022805888 7.3393171280050185 7.759999999999999
      vertex 10.318319022805888 8.960682871994981 7.759999999999999
      vertex 10.241466547940446 8.90368519202867 7.759999999999999
    endloop
  endfacet
  facet normal 0 0 1
    outer loop
      vertex 10.400388181594652 7.290126767260354 7.759999999999999
      vertex 10.400388181594652 9.009873232739647 7.759999999999999
      vertex 10.318319022805888 8.960682871994981 7.759999999999999
    endloop
  endfacet
  facet normal 0 0 1
    outer loop
      vertex 10.486883653444037 7.249217455801496 7.759999999999999
      vertex 10.486883653444037 9.050782544198505 7.759999999999999
      vertex 10.400388181594652 9.009873232739647 7.759999999999999
    endloop
  endfacet
  facet normal 0 0 1
    outer loop
      vertex 10.576972439676899 7.216983172661097 7.759999999999999
      vertex 10.576972439676899 9.083016827338904 7.759999999999999
      vertex 10.486883653444037 9.050782544198505 7.759999999999999
    endloop
  endfacet
  facet normal 0 0 1
    outer loop
      vertex 10.669786936034274 7.19373435160685 7.759999999999999
      vertex 10.669786936034274 9.10626564839315 7.759999999999999
      vertex 10.576972439676899 9.083016827338904 7.759999999999999
    endloop
  endfacet
  facet normal -0.12213238136327391 0.8233496361205376 0.5542373662274261
    outer loop
      vertex 10.669786936034274 9.10626564839315 7.759999999999999
      vertex 10.725226432046854 9.51837899917427 7.159999999999999
      vertex 10.591750807227823 9.498579760554442 7.16
    endloop
  endfacet
  facet normal 0.2022466573887547 0.8074139158154021 0.5542373662274266
    outer loop
      vertex 11.1430275603231 9.083016827338904 7.759999999999999
      vertex 11.259141431224885 9.465792961631788 7.16
      vertex 11.128249192772175 9.498579760554442 7.16
    endloop
  endfacet
  facet normal 0.28041318754431793 0.7837023581236189 0.554237366227426
    outer loop
      vertex 11.233116346555962 9.050782544198505 7.759999999999999
      vertex 11.386189719501997 9.42033435720302 7.16
      vertex 11.259141431224885 9.465792961631788 7.16
    endloop
  endfacet
  facet normal 0.355879185414378 0.7524433183078213 0.5542373662274256
    outer loop
      vertex 11.319611818405347 9.009873232739647 7.759999999999999
      vertex 11.508170513135747 9.362641738478988 7.16
      vertex 11.386189719501997 9.42033435720302 7.16
    endloop
  endfacet
  facet normal 0.5589779129778014 0.6167370871613498 0.554237366227427
    outer loop
      vertex 11.732290765725011 9.212889373373764 7.16
      vertex 11.549429111656883 8.839429111656884 7.759999999999999
      vertex 11.832271824131503 9.122271824131504 7.159999999999999
    endloop
  endfacet
  facet normal 0.42791787218555266 0.7139378380093567 0.5542373662274265
    outer loop
      vertex 11.623909070401952 9.293270716916 7.16
      vertex 11.508170513135747 9.362641738478988 7.16
      vertex 11.401680977194111 8.960682871994981 7.759999999999999
    endloop
  endfacet
  facet normal 0.49583547592386984 0.6685567460527457 0.554237366227426
    outer loop
      vertex 11.732290765725011 9.212889373373764 7.16
      vertex 11.623909070401952 9.293270716916 7.16
      vertex 11.478533452059553 8.90368519202867 7.759999999999999
    endloop
  endfacet
  facet normal -0.12213238136327655 0.8233496361205374 0.5542373662274257
    outer loop
      vertex 10.669786936034274 9.10626564839315 7.759999999999999
      vertex 10.764433288178678 9.120305108505391 7.759999999999999
      vertex 10.725226432046854 9.51837899917427 7.159999999999999
    endloop
  endfacet
  facet normal -0.04084190374092433 0.8313560493411374 0.5542373662274257
    outer loop
      vertex 10.764433288178678 9.120305108505391 7.759999999999999
      vertex 10.86 9.125 7.759999999999999
      vertex 10.86 9.525 7.159999999999999
    endloop
  endfacet
  facet normal 0.04084190374092433 0.8313560493411374 0.5542373662274257
    outer loop
      vertex 10.86 9.125 7.759999999999999
      vertex 10.955566711821321 9.120305108505391 7.759999999999999
      vertex 10.86 9.525 7.159999999999999
    endloop
  endfacet
  facet normal 0.12213238136327652 0.823349636120537 0.5542373662274264
    outer loop
      vertex 11.050213063965725 9.10626564839315 7.759999999999999
      vertex 10.994773567953144 9.51837899917427 7.16
      vertex 10.955566711821321 9.120305108505391 7.759999999999999
    endloop
  endfacet
  facet normal 0.2022466573887559 0.8074139158154019 0.5542373662274263
    outer loop
      vertex 11.050213063965725 9.10626564839315 7.759999999999999
      vertex 11.1430275603231 9.083016827338904 7.759999999999999
      vertex 11.128249192772175 9.498579760554442 7.16
    endloop
  endfacet
  facet normal 0.616737087161345 0.5589779129778086 0.5542373662274253
    outer loop
      vertex 11.922889373373764 9.022290765725012 7.159999999999999
      vertex 11.549429111656883 8.839429111656884 7.759999999999999
      vertex 11.613685192028669 8.768533452059554 7.759999999999999
    endloop
  endfacet
  facet normal 0.42791787218555905 0.7139378380093537 0.5542373662274256
    outer loop
      vertex 11.319611818405347 9.009873232739647 7.759999999999999
      vertex 11.401680977194111 8.960682871994981 7.759999999999999
      vertex 11.508170513135747 9.362641738478988 7.16
    endloop
  endfacet
  facet normal 0.280413187544315 0.7837023581236198 0.5542373662274265
    outer loop
      vertex 11.1430275603231 9.083016827338904 7.759999999999999
      vertex 11.233116346555962 9.050782544198505 7.759999999999999
      vertex 11.259141431224885 9.465792961631788 7.16
    endloop
  endfacet
  facet normal 0.3558791854143743 0.7524433183078227 0.5542373662274261
    outer loop
      vertex 11.233116346555962 9.050782544198505 7.759999999999999
      vertex 11.319611818405347 9.009873232739647 7.759999999999999
      vertex 11.386189719501997 9.42033435720302 7.16
    endloop
  endfacet
  facet normal 0.5589779129778084 0.6167370871613445 0.5542373662274258
    outer loop
      vertex 11.732290765725011 9.212889373373764 7.16
      vertex 11.478533452059553 8.90368519202867 7.759999999999999
      vertex 11.549429111656883 8.839429111656884 7.759999999999999
    endloop
  endfacet
  facet normal 0.4958354759238658 0.6685567460527481 0.5542373662274267
    outer loop
      vertex 11.623909070401952 9.293270716916 7.16
      vertex 11.401680977194111 8.960682871994981 7.759999999999999
      vertex 11.478533452059553 8.90368519202867 7.759999999999999
    endloop
  endfacet
  facet normal 0.7139378380093585 -0.42791787218555044 0.554237366227426
    outer loop
      vertex 12.003270716916 7.386090929598049 7.16
      vertex 12.072641738478987 7.5018294868642545 7.16
      vertex 11.67068287199498 7.608319022805889 7.759999999999999
    endloop
  endfacet
  facet normal 0.7524433183078216 -0.3558791854143782 0.5542373662274249
    outer loop
      vertex 12.072641738478987 7.5018294868642545 7.16
      vertex 12.130334357203019 7.623810280498004 7.16
      vertex 11.719873232739646 7.690388181594653 7.759999999999999
    endloop
  endfacet
  facet normal 0.7837023581236193 -0.2804131875443179 0.5542373662274256
    outer loop
      vertex 11.760782544198504 7.776883653444038 7.759999999999999
      vertex 12.130334357203019 7.623810280498004 7.16
      vertex 12.175792961631787 7.750858568775117 7.16
    endloop
  endfacet
  facet normal 0.8074139158154031 -0.20224665738875225 0.554237366227426
    outer loop
      vertex 11.793016827338903 7.8669724396769 7.759999999999999
      vertex 12.175792961631787 7.750858568775117 7.16
      vertex 12.208579760554441 7.881750807227828 7.16
    endloop
  endfacet
  facet normal 0.8233496361205384 -0.12213238136327106 0.5542373662274256
    outer loop
      vertex 11.816265648393149 7.959786936034275 7.759999999999999
      vertex 12.208579760554441 7.881750807227828 7.16
      vertex 12.22837899917427 8.015226432046866 7.16
    endloop
  endfacet
  facet normal 0.8313560493411382 -0.04084190374092598 0.5542373662274244
    outer loop
      vertex 11.830305108505392 8.054433288178679 7.759999999999999
      vertex 12.22837899917427 8.015226432046866 7.16
      vertex 12.235 8.15 7.16
    endloop
  endfacet
  facet normal 0.831356049341138 0.04084190374092226 0.5542373662274249
    outer loop
      vertex 11.830305108505392 8.245566711821322 7.759999999999999
      vertex 12.235 8.15 7.16
      vertex 12.22837899917427 8.284773567953147 7.16
    endloop
  endfacet
  facet normal 0.8233496361205368 0.12213238136327911 0.5542373662274263
    outer loop
      vertex 11.816265648393149 8.340213063965725 7.759999999999999
      vertex 12.22837899917427 8.284773567953147 7.16
      vertex 12.208579760554441 8.418249192772176 7.16
    endloop
  endfacet
  facet normal 0.6685567460527513 -0.4958354759238621 0.5542373662274264
    outer loop
      vertex 12.003270716916 7.386090929598049 7.16
      vertex 11.67068287199498 7.608319022805889 7.759999999999999
      vertex 11.613685192028669 7.531466547940446 7.759999999999999
    endloop
  endfacet
  facet normal 0.7139378380093541 -0.4279178721855594 0.5542373662274247
    outer loop
      vertex 12.072641738478987 7.5018294868642545 7.16
      vertex 11.719873232739646 7.690388181594653 7.759999999999999
      vertex 11.67068287199498 7.608319022805889 7.759999999999999
    endloop
  endfacet
  facet normal 0.7524433183078232 -0.3558791854143745 0.5542373662274255
    outer loop
      vertex 11.719873232739646 7.690388181594653 7.759999999999999
      vertex 12.130334357203019 7.623810280498004 7.16
      vertex 11.760782544198504 7.776883653444038 7.759999999999999
    endloop
  endfacet
  facet normal 0.7837023581236202 -0.28041318754431516 0.554237366227426
    outer loop
      vertex 11.760782544198504 7.776883653444038 7.759999999999999
      vertex 12.175792961631787 7.750858568775117 7.16
      vertex 11.793016827338903 7.8669724396769 7.759999999999999
    endloop
  endfacet
  facet normal 0.8074139158154026 -0.20224665738875608 0.5542373662274255
    outer loop
      vertex 11.793016827338903 7.8669724396769 7.759999999999999
      vertex 12.208579760554441 7.881750807227828 7.16
      vertex 11.816265648393149 7.959786936034275 7.759999999999999
    endloop
  endfacet
  facet normal 0.8233496361205372 -0.12213238136329199 0.5542373662274229
    outer loop
      vertex 11.816265648393149 7.959786936034275 7.759999999999999
      vertex 12.22837899917427 8.015226432046866 7.16
      vertex 11.830305108505392 8.054433288178679 7.759999999999999
    endloop
  endfacet
  facet normal 0.8313560493411375 -0.04084190374090888 0.5542373662274266
    outer loop
      vertex 11.830305108505392 8.054433288178679 7.759999999999999
      vertex 12.235 8.15 7.16
      vertex 11.834999999999999 8.15 7.759999999999999
    endloop
  endfacet
  facet normal 0.8313560493411375 0.04084190374090888 0.5542373662274266
    outer loop
      vertex 11.834999999999999 8.15 7.759999999999999
      vertex 12.235 8.15 7.16
      vertex 11.830305108505392 8.245566711821322 7.759999999999999
    endloop
  endfacet
  facet normal 0.823349636120536 0.12213238136329181 0.5542373662274246
    outer loop
      vertex 11.830305108505392 8.245566711821322 7.759999999999999
      vertex 12.22837899917427 8.284773567953147 7.16
      vertex 11.816265648393149 8.340213063965725 7.759999999999999
    endloop
  endfacet
  facet normal 0.8074139158154019 0.2022466573887559 0.5542373662274263
    outer loop
      vertex 11.816265648393149 8.340213063965725 7.759999999999999
      vertex 12.208579760554441 8.418249192772176 7.16
      vertex 11.793016827338903 8.4330275603231 7.759999999999999
    endloop
  endfacet
  facet normal 0.7524433183078216 0.35587918541437813 0.5542373662274251
    outer loop
      vertex 12.072641738478987 8.798170513135748 7.159999999999999
      vertex 11.719873232739646 8.609611818405348 7.759999999999999
      vertex 12.130334357203019 8.676189719501998 7.159999999999999
    endloop
  endfacet
  facet normal 0.7139378380093571 0.42791787218555283 0.5542373662274259
    outer loop
      vertex 12.072641738478987 8.798170513135748 7.159999999999999
      vertex 12.003270716916 8.913909070401953 7.159999999999999
      vertex 11.67068287199498 8.691680977194112 7.759999999999999
    endloop
  endfacet
  facet normal 0.8074139158154005 0.20224665738876527 0.554237366227425
    outer loop
      vertex 11.793016827338903 8.4330275603231 7.759999999999999
      vertex 12.208579760554441 8.418249192772176 7.16
      vertex 12.175792961631785 8.549141431224886 7.16
    endloop
  endfacet
  facet normal 0.7837023581236217 0.2804131875443119 0.5542373662274254
    outer loop
      vertex 11.760782544198504 8.523116346555963 7.759999999999999
      vertex 12.175792961631785 8.549141431224886 7.16
      vertex 12.130334357203019 8.676189719501998 7.159999999999999
    endloop
  endfacet
  facet normal 0.6167370871613523 0.5589779129777988 0.554237366227427
    outer loop
      vertex 11.832271824131503 9.122271824131504 7.159999999999999
      vertex 11.549429111656883 8.839429111656884 7.759999999999999
      vertex 11.922889373373764 9.022290765725012 7.159999999999999
    endloop
  endfacet
  facet normal 0.6685567460527461 0.49583547592387006 0.5542373662274255
    outer loop
      vertex 11.922889373373764 9.022290765725012 7.159999999999999
      vertex 11.613685192028669 8.768533452059554 7.759999999999999
      vertex 12.003270716916 8.913909070401953 7.159999999999999
    endloop
  endfacet
  facet normal 0.7837023581236208 0.2804131875443154 0.5542373662274249
    outer loop
      vertex 11.793016827338903 8.4330275603231 7.759999999999999
      vertex 12.175792961631785 8.549141431224886 7.16
      vertex 11.760782544198504 8.523116346555963 7.759999999999999
    endloop
  endfacet
  facet normal 0.7524433183078229 0.3558791854143744 0.5542373662274255
    outer loop
      vertex 11.719873232739646 8.609611818405348 7.759999999999999
      vertex 11.760782544198504 8.523116346555963 7.759999999999999
      vertex 12.130334357203019 8.676189719501998 7.159999999999999
    endloop
  endfacet
  facet normal 0.713937838009354 0.4279178721855592 0.554237366227425
    outer loop
      vertex 12.072641738478987 8.798170513135748 7.159999999999999
      vertex 11.67068287199498 8.691680977194112 7.759999999999999
      vertex 11.719873232739646 8.609611818405348 7.759999999999999
    endloop
  endfacet
  facet normal 0.6685567460527487 0.4958354759238658 0.554237366227426
    outer loop
      vertex 12.003270716916 8.913909070401953 7.159999999999999
      vertex 11.613685192028669 8.768533452059554 7.759999999999999
      vertex 11.67068287199498 8.691680977194112 7.759999999999999
    endloop
  endfacet
  facet normal 0 0 1
    outer loop
      vertex 10.669786936034274 7.19373435160685 7.759999999999999
      vertex 10.764433288178678 7.179694891494608 7.759999999999999
      vertex 10.669786936034274 9.10626564839315 7.759999999999999
    endloop
  endfacet
  facet normal 0 0 1
    outer loop
      vertex 10.764433288178678 7.179694891494608 7.759999999999999
      vertex 10.86 7.175000000000001 7.759999999999999
      vertex 10.764433288178678 9.120305108505391 7.759999999999999
    endloop
  endfacet
  facet normal 0 0 1
    outer loop
      vertex 10.86 7.175000000000001 7.759999999999999
      vertex 10.955566711821321 7.179694891494608 7.759999999999999
      vertex 10.86 9.125 7.759999999999999
    endloop
  endfacet
  facet normal 0 0 1
    outer loop
      vertex 10.955566711821321 7.179694891494608 7.759999999999999
      vertex 11.050213063965725 7.19373435160685 7.759999999999999
      vertex 10.955566711821321 9.120305108505391 7.759999999999999
    endloop
  endfacet
  facet normal 0 0 1
    outer loop
      vertex 11.050213063965725 7.19373435160685 7.759999999999999
      vertex 11.1430275603231 7.216983172661097 7.759999999999999
      vertex 11.050213063965725 9.10626564839315 7.759999999999999
    endloop
  endfacet
  facet normal 0 0 1
    outer loop
      vertex 11.1430275603231 7.216983172661097 7.759999999999999
      vertex 11.233116346555962 7.249217455801496 7.759999999999999
      vertex 11.1430275603231 9.083016827338904 7.759999999999999
    endloop
  endfacet
  facet normal 0 0 1
    outer loop
      vertex 11.233116346555962 7.249217455801496 7.759999999999999
      vertex 11.319611818405347 7.290126767260354 7.759999999999999
      vertex 11.233116346555962 9.050782544198505 7.759999999999999
    endloop
  endfacet
  facet normal 0 0 1
    outer loop
      vertex 11.319611818405347 7.290126767260354 7.759999999999999
      vertex 11.401680977194111 7.3393171280050185 7.759999999999999
      vertex 11.319611818405347 9.009873232739647 7.759999999999999
    endloop
  endfacet
  facet normal 0 0 1
    outer loop
      vertex 11.401680977194111 7.3393171280050185 7.759999999999999
      vertex 11.478533452059553 7.396314807971332 7.759999999999999
      vertex 11.401680977194111 8.960682871994981 7.759999999999999
    endloop
  endfacet
  facet normal 0 0 1
    outer loop
      vertex 11.478533452059553 7.396314807971332 7.759999999999999
      vertex 11.549429111656883 7.460570888343116 7.759999999999999
      vertex 11.478533452059553 8.90368519202867 7.759999999999999
    endloop
  endfacet
  facet normal 0 0 1
    outer loop
      vertex 11.549429111656883 7.460570888343116 7.759999999999999
      vertex 11.613685192028669 7.531466547940446 7.759999999999999
      vertex 11.549429111656883 8.839429111656884 7.759999999999999
    endloop
  endfacet
  facet normal 0 0 1
    outer loop
      vertex 11.613685192028669 7.531466547940446 7.759999999999999
      vertex 11.67068287199498 7.608319022805889 7.759999999999999
      vertex 11.613685192028669 8.768533452059554 7.759999999999999
    endloop
  endfacet
  facet normal 0 0 1
    outer loop
      vertex 11.67068287199498 7.608319022805889 7.759999999999999
      vertex 11.719873232739646 7.690388181594653 7.759999999999999
      vertex 11.67068287199498 8.691680977194112 7.759999999999999
    endloop
  endfacet
  facet normal 0 0 1
    outer loop
      vertex 11.549429111656883 7.460570888343116 7.759999999999999
      vertex 11.549429111656883 8.839429111656884 7.759999999999999
      vertex 11.478533452059553 8.90368519202867 7.759999999999999
    endloop
  endfacet
  facet normal 0 0 1
    outer loop
      vertex 11.613685192028669 7.531466547940446 7.759999999999999
      vertex 11.613685192028669 8.768533452059554 7.759999999999999
      vertex 11.549429111656883 8.839429111656884 7.759999999999999
    endloop
  endfacet
  facet normal 0 0 1
    outer loop
      vertex 11.67068287199498 7.608319022805889 7.759999999999999
      vertex 11.67068287199498 8.691680977194112 7.759999999999999
      vertex 11.613685192028669 8.768533452059554 7.759999999999999
    endloop
  endfacet
  facet normal 0 0 1
    outer loop
      vertex 11.719873232739646 7.690388181594653 7.759999999999999
      vertex 11.719873232739646 8.609611818405348 7.759999999999999
      vertex 11.67068287199498 8.691680977194112 7.759999999999999
    endloop
  endfacet
  facet normal 0 0 1
    outer loop
      vertex 10.764433288178678 7.179694891494608 7.759999999999999
      vertex 10.764433288178678 9.120305108505391 7.759999999999999
      vertex 10.669786936034274 9.10626564839315 7.759999999999999
    endloop
  endfacet
  facet normal 0 0 1
    outer loop
      vertex 10.86 7.175000000000001 7.759999999999999
      vertex 10.86 9.125 7.759999999999999
      vertex 10.764433288178678 9.120305108505391 7.759999999999999
    endloop
  endfacet
  facet normal 0 0 1
    outer loop
      vertex 10.955566711821321 7.179694891494608 7.759999999999999
      vertex 10.955566711821321 9.120305108505391 7.759999999999999
      vertex 10.86 9.125 7.759999999999999
    endloop
  endfacet
  facet normal 0 0 1
    outer loop
      vertex 11.050213063965725 7.19373435160685 7.759999999999999
      vertex 11.050213063965725 9.10626564839315 7.759999999999999
      vertex 10.955566711821321 9.120305108505391 7.759999999999999
    endloop
  endfacet
  facet normal 0 0 1
    outer loop
      vertex 11.1430275603231 7.216983172661097 7.759999999999999
      vertex 11.1430275603231 9.083016827338904 7.759999999999999
      vertex 11.050213063965725 9.10626564839315 7.759999999999999
    endloop
  endfacet
  facet normal 0 0 1
    outer loop
      vertex 11.233116346555962 7.249217455801496 7.759999999999999
      vertex 11.233116346555962 9.050782544198505 7.759999999999999
      vertex 11.1430275603231 9.083016827338904 7.759999999999999
    endloop
  endfacet
  facet normal 0 0 1
    outer loop
      vertex 11.319611818405347 7.290126767260354 7.759999999999999
      vertex 11.319611818405347 9.009873232739647 7.759999999999999
      vertex 11.233116346555962 9.050782544198505 7.759999999999999
    endloop
  endfacet
  facet normal 0 0 1
    outer loop
      vertex 11.401680977194111 7.3393171280050185 7.759999999999999
      vertex 11.401680977194111 8.960682871994981 7.759999999999999
      vertex 11.319611818405347 9.009873232739647 7.759999999999999
    endloop
  endfacet
  facet normal 0 0 1
    outer loop
      vertex 11.478533452059553 7.396314807971332 7.759999999999999
      vertex 11.478533452059553 8.90368519202867 7.759999999999999
      vertex 11.401680977194111 8.960682871994981 7.759999999999999
    endloop
  endfacet
  facet normal 0 0 1
    outer loop
      vertex 11.719873232739646 7.690388181594653 7.759999999999999
      vertex 11.760782544198504 7.776883653444038 7.759999999999999
      vertex 11.719873232739646 8.609611818405348 7.759999999999999
    endloop
  endfacet
  facet normal 0 0 1
    outer loop
      vertex 11.760782544198504 7.776883653444038 7.759999999999999
      vertex 11.793016827338903 7.8669724396769 7.759999999999999
      vertex 11.760782544198504 8.523116346555963 7.759999999999999
    endloop
  endfacet
  facet normal 0 0 1
    outer loop
      vertex 11.793016827338903 7.8669724396769 7.759999999999999
      vertex 11.816265648393149 7.959786936034275 7.759999999999999
      vertex 11.793016827338903 8.4330275603231 7.759999999999999
    endloop
  endfacet
  facet normal 0 0 1
    outer loop
      vertex 11.816265648393149 7.959786936034275 7.759999999999999
      vertex 11.830305108505392 8.054433288178679 7.759999999999999
      vertex 11.816265648393149 8.340213063965725 7.759999999999999
    endloop
  endfacet
  facet normal 0 0 1
    outer loop
      vertex 11.830305108505392 8.054433288178679 7.759999999999999
      vertex 11.834999999999999 8.15 7.759999999999999
      vertex 11.830305108505392 8.245566711821322 7.759999999999999
    endloop
  endfacet
  facet normal 0 0 1
    outer loop
      vertex 11.793016827338903 7.8669724396769 7.759999999999999
      vertex 11.793016827338903 8.4330275603231 7.759999999999999
      vertex 11.760782544198504 8.523116346555963 7.759999999999999
    endloop
  endfacet
  facet normal 0 0 1
    outer loop
      vertex 11.830305108505392 8.054433288178679 7.759999999999999
      vertex 11.830305108505392 8.245566711821322 7.759999999999999
      vertex 11.816265648393149 8.340213063965725 7.759999999999999
    endloop
  endfacet
  facet normal 0 0 1
    outer loop
      vertex 11.816265648393149 7.959786936034275 7.759999999999999
      vertex 11.816265648393149 8.340213063965725 7.759999999999999
      vertex 11.793016827338903 8.4330275603231 7.759999999999999
    endloop
  endfacet
  facet normal 0 0 1
    outer loop
      vertex 11.760782544198504 7.776883653444038 7.759999999999999
      vertex 11.760782544198504 8.523116346555963 7.759999999999999
      vertex 11.719873232739646 8.609611818405348 7.759999999999999
    endloop
  endfacet
  facet normal -0.040841903740922746 0.8313560493411372 0.5542373662274259
    outer loop
      vertex 10.764433288178678 9.120305108505391 7.759999999999999
      vertex 10.86 9.525 7.159999999999999
      vertex 10.725226432046854 9.51837899917427 7.159999999999999
    endloop
  endfacet
  facet normal 0.04084190374091898 0.831356049341137 0.5542373662274264
    outer loop
      vertex 10.955566711821321 9.120305108505391 7.759999999999999
      vertex 10.994773567953144 9.51837899917427 7.16
      vertex 10.86 9.525 7.159999999999999
    endloop
  endfacet
  facet normal 0.12213238136327753 0.823349636120537 0.5542373662274263
    outer loop
      vertex 11.050213063965725 9.10626564839315 7.759999999999999
      vertex 11.128249192772175 9.498579760554442 7.16
      vertex 10.994773567953144 9.51837899917427 7.16
    endloop
  endfacet
  facet normal 0 -1 0
    outer loop
      vertex -13.16 -11.15111111111111 6.359999999999999
      vertex -14.16 -11.15111111111111 7.959999999999999
      vertex -14.16 -11.15111111111111 6.359999999999999
    endloop
  endfacet
  facet normal 0 0 -1
    outer loop
      vertex -13.16 -11.15111111111111 6.359999999999999
      vertex -14.16 -11.15111111111111 6.359999999999999
      vertex -13.16 -2.1511111111111108 6.359999999999999
    endloop
  endfacet
  facet normal 1 0 0
    outer loop
      vertex -13.16 -11.15111111111111 6.359999999999999
      vertex -13.16 -2.1511111111111108 7.060000002980232
      vertex -13.16 -11.15111111111111 7.060000002980232
    endloop
  endfacet
  facet normal 0 -1 0
    outer loop
      vertex -13.16 -11.15111111111111 6.359999999999999
      vertex -13.16 -11.15111111111111 7.060000002980232
      vertex -14.16 -11.15111111111111 8.159999997019767
    endloop
  endfacet
  facet normal 0 -1 0
    outer loop
      vertex -13.16 -11.15111111111111 6.359999999999999
      vertex -14.16 -11.15111111111111 8.159999997019767
      vertex -14.16 -11.15111111111111 7.959999999999999
    endloop
  endfacet
  facet normal -1 0 0
    outer loop
      vertex -14.16 -11.15111111111111 8.159999997019767
      vertex -14.16 -6.299999999999999 7.959999999999999
      vertex -14.16 -11.15111111111111 7.959999999999999
    endloop
  endfacet
  facet normal -1 0 0
    outer loop
      vertex -14.16 -11.15111111111111 8.159999997019767
      vertex -14.16 -5.1 7.959999999999999
      vertex -14.16 -6.299999999999999 7.959999999999999
    endloop
  endfacet
  facet normal 0.7399400715817165 0 0.6726727959919625
    outer loop
      vertex -13.16 -11.15111111111111 7.060000002980232
      vertex -14.16 -2.1511111111111108 8.159999997019767
      vertex -14.16 -11.15111111111111 8.159999997019767
    endloop
  endfacet
  facet normal 0 0 -1
    outer loop
      vertex -13.16 -2.1511111111111108 6.359999999999999
      vertex -14.16 -11.15111111111111 6.359999999999999
      vertex -14.16 -6.299999999999999 6.359999999999999
    endloop
  endfacet
  facet normal 1 0 0
    outer loop
      vertex -13.16 -11.15111111111111 6.359999999999999
      vertex -13.16 -2.1511111111111108 6.359999999999999
      vertex -13.16 -2.1511111111111108 7.060000002980232
    endloop
  endfacet
  facet normal 0 0 -1
    outer loop
      vertex -13.16 -2.1511111111111108 6.359999999999999
      vertex -14.16 -6.299999999999999 6.359999999999999
      vertex -14.16 -5.1 6.359999999999999
    endloop
  endfacet
  facet normal -1 0 0
    outer loop
      vertex -14.16 -6.299999999999999 6.359999999999999
      vertex -14.16 -5.1 7.959999999999999
      vertex -14.16 -5.1 6.359999999999999
    endloop
  endfacet
  facet normal -1 0 0
    outer loop
      vertex -14.16 -6.299999999999999 7.959999999999999
      vertex -14.16 -5.1 7.959999999999999
      vertex -14.16 -6.299999999999999 6.359999999999999
    endloop
  endfacet
  facet normal -1 0 0
    outer loop
      vertex -14.16 -11.15111111111111 8.159999997019767
      vertex -14.16 -2.1511111111111108 8.159999997019767
      vertex -14.16 -5.1 7.959999999999999
    endloop
  endfacet
  facet normal 0.7399400715817165 0 0.6726727959919625
    outer loop
      vertex -13.16 -11.15111111111111 7.060000002980232
      vertex -13.16 -2.1511111111111108 7.060000002980232
      vertex -14.16 -2.1511111111111108 8.159999997019767
    endloop
  endfacet
  facet normal 0 0 -1
    outer loop
      vertex -13.16 -2.1511111111111108 6.359999999999999
      vertex -14.16 -5.1 6.359999999999999
      vertex -14.16 -2.1511111111111108 6.359999999999999
    endloop
  endfacet
  facet normal 0 1 0
    outer loop
      vertex -13.16 -2.1511111111111108 6.359999999999999
      vertex -14.16 -2.1511111111111108 6.359999999999999
      vertex -14.16 -2.1511111111111108 7.959999999999999
    endloop
  endfacet
  facet normal 0 1 0
    outer loop
      vertex -13.16 -2.1511111111111108 6.359999999999999
      vertex -14.16 -2.1511111111111108 8.159999997019767
      vertex -13.16 -2.1511111111111108 7.060000002980232
    endloop
  endfacet
  facet normal 0 1 0
    outer loop
      vertex -13.16 -2.1511111111111108 6.359999999999999
      vertex -14.16 -2.1511111111111108 7.959999999999999
      vertex -14.16 -2.1511111111111108 8.159999997019767
    endloop
  endfacet
  facet normal -1 0 0
    outer loop
      vertex -14.16 -2.1511111111111108 8.159999997019767
      vertex -14.16 -2.1511111111111108 7.959999999999999
      vertex -14.16 -5.1 7.959999999999999
    endloop
  endfacet
  facet normal 0 -1 0
    outer loop
      vertex -13.16 2.1511111111111108 6.359999999999999
      vertex -14.16 2.1511111111111108 7.959999999999999
      vertex -14.16 2.1511111111111108 6.359999999999999
    endloop
  endfacet
  facet normal 0 -1 0
    outer loop
      vertex -13.16 2.1511111111111108 6.359999999999999
      vertex -13.16 2.1511111111111108 7.060000002980232
      vertex -14.16 2.1511111111111108 8.159999997019767
    endloop
  endfacet
  facet normal 0 -1 0
    outer loop
      vertex -13.16 2.1511111111111108 6.359999999999999
      vertex -14.16 2.1511111111111108 8.159999997019767
      vertex -14.16 2.1511111111111108 7.959999999999999
    endloop
  endfacet
  facet normal -1 0 0
    outer loop
      vertex -14.16 2.1511111111111108 8.159999997019767
      vertex -14.16 5.1 7.959999999999999
      vertex -14.16 2.1511111111111108 7.959999999999999
    endloop
  endfacet
  facet normal 0 0 -1
    outer loop
      vertex -13.16 2.1511111111111108 6.359999999999999
      vertex -14.16 2.1511111111111108 6.359999999999999
      vertex -13.16 11.15111111111111 6.359999999999999
    endloop
  endfacet
  facet normal 1 0 0
    outer loop
      vertex -13.16 2.1511111111111108 6.359999999999999
      vertex -13.16 11.15111111111111 7.060000002980232
      vertex -13.16 2.1511111111111108 7.060000002980232
    endloop
  endfacet
  facet normal 0 0 -1
    outer loop
      vertex -13.16 11.15111111111111 6.359999999999999
      vertex -14.16 2.1511111111111108 6.359999999999999
      vertex -14.16 5.1 6.359999999999999
    endloop
  endfacet
  facet normal -1 0 0
    outer loop
      vertex -14.16 5.1 6.359999999999999
      vertex -14.16 6.299999999999999 7.959999999999999
      vertex -14.16 6.299999999999999 6.359999999999999
    endloop
  endfacet
  facet normal -1 0 0
    outer loop
      vertex -14.16 5.1 7.959999999999999
      vertex -14.16 6.299999999999999 7.959999999999999
      vertex -14.16 5.1 6.359999999999999
    endloop
  endfacet
  facet normal -1 0 0
    outer loop
      vertex -14.16 2.1511111111111108 8.159999997019767
      vertex -14.16 6.299999999999999 7.959999999999999
      vertex -14.16 5.1 7.959999999999999
    endloop
  endfacet
  facet normal 0.7399400715817165 0 0.6726727959919625
    outer loop
      vertex -13.16 2.1511111111111108 7.060000002980232
      vertex -14.16 11.15111111111111 8.159999997019767
      vertex -14.16 2.1511111111111108 8.159999997019767
    endloop
  endfacet
  facet normal -1 0 0
    outer loop
      vertex -14.16 2.1511111111111108 8.159999997019767
      vertex -14.16 11.15111111111111 8.159999997019767
      vertex -14.16 6.299999999999999 7.959999999999999
    endloop
  endfacet
  facet normal 0 0 -1
    outer loop
      vertex -13.16 11.15111111111111 6.359999999999999
      vertex -14.16 5.1 6.359999999999999
      vertex -14.16 6.299999999999999 6.359999999999999
    endloop
  endfacet
  facet normal 1 0 0
    outer loop
      vertex -13.16 2.1511111111111108 6.359999999999999
      vertex -13.16 11.15111111111111 6.359999999999999
      vertex -13.16 11.15111111111111 7.060000002980232
    endloop
  endfacet
  facet normal 0 0 -1
    outer loop
      vertex -13.16 11.15111111111111 6.359999999999999
      vertex -14.16 6.299999999999999 6.359999999999999
      vertex -14.16 11.15111111111111 6.359999999999999
    endloop
  endfacet
  facet normal 0 1 0
    outer loop
      vertex -13.16 11.15111111111111 6.359999999999999
      vertex -14.16 11.15111111111111 6.359999999999999
      vertex -14.16 11.15111111111111 7.959999999999999
    endloop
  endfacet
  facet normal 0.7399400715817165 0 0.6726727959919625
    outer loop
      vertex -13.16 2.1511111111111108 7.060000002980232
      vertex -13.16 11.15111111111111 7.060000002980232
      vertex -14.16 11.15111111111111 8.159999997019767
    endloop
  endfacet
  facet normal 0 1 0
    outer loop
      vertex -13.16 11.15111111111111 6.359999999999999
      vertex -14.16 11.15111111111111 8.159999997019767
      vertex -13.16 11.15111111111111 7.060000002980232
    endloop
  endfacet
  facet normal 0 1 0
    outer loop
      vertex -13.16 11.15111111111111 6.359999999999999
      vertex -14.16 11.15111111111111 7.959999999999999
      vertex -14.16 11.15111111111111 8.159999997019767
    endloop
  endfacet
  facet normal -1 0 0
    outer loop
      vertex -14.16 11.15111111111111 8.159999997019767
      vertex -14.16 11.15111111111111 7.959999999999999
      vertex -14.16 6.299999999999999 7.959999999999999
    endloop
  endfacet
  facet normal 0 -1 0
    outer loop
      vertex 13.16 -11.15111111111111 6.359999999999999
      vertex 14.16 -11.15111111111111 6.359999999999999
      vertex 13.16 -11.15111111111111 7.060000002980232
    endloop
  endfacet
  facet normal 0 0 -1
    outer loop
      vertex 13.16 -11.15111111111111 6.359999999999999
      vertex 14.16 -6.299999999999999 6.359999999999999
      vertex 14.16 -11.15111111111111 6.359999999999999
    endloop
  endfacet
  facet normal 0 -1 0
    outer loop
      vertex 13.16 -11.15111111111111 7.060000002980232
      vertex 14.16 -11.15111111111111 6.359999999999999
      vertex 14.16 -11.15111111111111 7.959999999999999
    endloop
  endfacet
  facet normal 0 0 -1
    outer loop
      vertex 13.16 -11.15111111111111 6.359999999999999
      vertex 14.16 -5.1 6.359999999999999
      vertex 14.16 -6.299999999999999 6.359999999999999
    endloop
  endfacet
  facet normal -1 0 0
    outer loop
      vertex 13.16 -11.15111111111111 6.359999999999999
      vertex 13.16 -11.15111111111111 7.060000002980232
      vertex 13.16 -2.1511111111111108 6.359999999999999
    endloop
  endfacet
  facet normal 0 -1 0
    outer loop
      vertex 13.16 -11.15111111111111 7.060000002980232
      vertex 14.16 -11.15111111111111 7.959999999999999
      vertex 14.16 -11.15111111111111 8.159999997019767
    endloop
  endfacet
  facet normal 1 0 0
    outer loop
      vertex 14.16 -11.15111111111111 8.159999997019767
      vertex 14.16 -11.15111111111111 7.959999999999999
      vertex 14.16 -6.299999999999999 7.959999999999999
    endloop
  endfacet
  facet normal -0.7399400715817165 0 0.6726727959919625
    outer loop
      vertex 13.16 -11.15111111111111 7.060000002980232
      vertex 14.16 -11.15111111111111 8.159999997019767
      vertex 13.16 -2.1511111111111108 7.060000002980232
    endloop
  endfacet
  facet normal 0 0 -1
    outer loop
      vertex 13.16 -11.15111111111111 6.359999999999999
      vertex 14.16 -2.1511111111111108 6.359999999999999
      vertex 14.16 -5.1 6.359999999999999
    endloop
  endfacet
  facet normal 1 0 0
    outer loop
      vertex 14.16 -5.1 6.359999999999999
      vertex 14.16 -6.299999999999999 7.959999999999999
      vertex 14.16 -6.299999999999999 6.359999999999999
    endloop
  endfacet
  facet normal 0 0 -1
    outer loop
      vertex 13.16 -11.15111111111111 6.359999999999999
      vertex 13.16 -2.1511111111111108 6.359999999999999
      vertex 14.16 -2.1511111111111108 6.359999999999999
    endloop
  endfacet
  facet normal -1 0 0
    outer loop
      vertex 13.16 -11.15111111111111 7.060000002980232
      vertex 13.16 -2.1511111111111108 7.060000002980232
      vertex 13.16 -2.1511111111111108 6.359999999999999
    endloop
  endfacet
  facet normal 1 0 0
    outer loop
      vertex 14.16 -11.15111111111111 8.159999997019767
      vertex 14.16 -6.299999999999999 7.959999999999999
      vertex 14.16 -2.1511111111111108 8.159999997019767
    endloop
  endfacet
  facet normal 1 0 0
    outer loop
      vertex 14.16 -6.299999999999999 7.959999999999999
      vertex 14.16 -5.1 6.359999999999999
      vertex 14.16 -5.1 7.959999999999999
    endloop
  endfacet
  facet normal -0.7399400715817165 0 0.6726727959919625
    outer loop
      vertex 13.16 -2.1511111111111108 7.060000002980232
      vertex 14.16 -11.15111111111111 8.159999997019767
      vertex 14.16 -2.1511111111111108 8.159999997019767
    endloop
  endfacet
  facet normal 1 0 0
    outer loop
      vertex 14.16 -2.1511111111111108 8.159999997019767
      vertex 14.16 -6.299999999999999 7.959999999999999
      vertex 14.16 -5.1 7.959999999999999
    endloop
  endfacet
  facet normal 0 1 0
    outer loop
      vertex 13.16 -2.1511111111111108 6.359999999999999
      vertex 13.16 -2.1511111111111108 7.060000002980232
      vertex 14.16 -2.1511111111111108 6.359999999999999
    endloop
  endfacet
  facet normal 0 1 0
    outer loop
      vertex 13.16 -2.1511111111111108 7.060000002980232
      vertex 14.16 -2.1511111111111108 7.959999999999999
      vertex 14.16 -2.1511111111111108 6.359999999999999
    endloop
  endfacet
  facet normal 0 1 0
    outer loop
      vertex 13.16 -2.1511111111111108 7.060000002980232
      vertex 14.16 -2.1511111111111108 8.159999997019767
      vertex 14.16 -2.1511111111111108 7.959999999999999
    endloop
  endfacet
  facet normal 1 0 0
    outer loop
      vertex 14.16 -2.1511111111111108 8.159999997019767
      vertex 14.16 -5.1 7.959999999999999
      vertex 14.16 -2.1511111111111108 7.959999999999999
    endloop
  endfacet
  facet normal 0 -1 0
    outer loop
      vertex 13.16 2.1511111111111108 6.359999999999999
      vertex 14.16 2.1511111111111108 6.359999999999999
      vertex 13.16 2.1511111111111108 7.060000002980232
    endloop
  endfacet
  facet normal 0 0 -1
    outer loop
      vertex 13.16 2.1511111111111108 6.359999999999999
      vertex 14.16 5.1 6.359999999999999
      vertex 14.16 2.1511111111111108 6.359999999999999
    endloop
  endfacet
  facet normal 0 -1 0
    outer loop
      vertex 13.16 2.1511111111111108 7.060000002980232
      vertex 14.16 2.1511111111111108 6.359999999999999
      vertex 14.16 2.1511111111111108 7.959999999999999
    endloop
  endfacet
  facet normal 0 -1 0
    outer loop
      vertex 13.16 2.1511111111111108 7.060000002980232
      vertex 14.16 2.1511111111111108 7.959999999999999
      vertex 14.16 2.1511111111111108 8.159999997019767
    endloop
  endfacet
  facet normal 1 0 0
    outer loop
      vertex 14.16 2.1511111111111108 8.159999997019767
      vertex 14.16 2.1511111111111108 7.959999999999999
      vertex 14.16 5.1 7.959999999999999
    endloop
  endfacet
  facet normal 0 0 -1
    outer loop
      vertex 13.16 2.1511111111111108 6.359999999999999
      vertex 14.16 6.299999999999999 6.359999999999999
      vertex 14.16 5.1 6.359999999999999
    endloop
  endfacet
  facet normal -1 0 0
    outer loop
      vertex 13.16 2.1511111111111108 6.359999999999999
      vertex 13.16 2.1511111111111108 7.060000002980232
      vertex 13.16 11.15111111111111 6.359999999999999
    endloop
  endfacet
  facet normal 1 0 0
    outer loop
      vertex 14.16 6.299999999999999 6.359999999999999
      vertex 14.16 5.1 7.959999999999999
      vertex 14.16 5.1 6.359999999999999
    endloop
  endfacet
  facet normal 0 0 -1
    outer loop
      vertex 13.16 2.1511111111111108 6.359999999999999
      vertex 14.16 11.15111111111111 6.359999999999999
      vertex 14.16 6.299999999999999 6.359999999999999
    endloop
  endfacet
  facet normal -0.7399400715817165 0 0.6726727959919625
    outer loop
      vertex 13.16 2.1511111111111108 7.060000002980232
      vertex 14.16 2.1511111111111108 8.159999997019767
      vertex 13.16 11.15111111111111 7.060000002980232
    endloop
  endfacet
  facet normal 1 0 0
    outer loop
      vertex 14.16 5.1 7.959999999999999
      vertex 14.16 6.299999999999999 6.359999999999999
      vertex 14.16 6.299999999999999 7.959999999999999
    endloop
  endfacet
  facet normal 1 0 0
    outer loop
      vertex 14.16 2.1511111111111108 8.159999997019767
      vertex 14.16 5.1 7.959999999999999
      vertex 14.16 11.15111111111111 8.159999997019767
    endloop
  endfacet
  facet normal 0 0 -1
    outer loop
      vertex 13.16 2.1511111111111108 6.359999999999999
      vertex 13.16 11.15111111111111 6.359999999999999
      vertex 14.16 11.15111111111111 6.359999999999999
    endloop
  endfacet
  facet normal -1 0 0
    outer loop
      vertex 13.16 2.1511111111111108 7.060000002980232
      vertex 13.16 11.15111111111111 7.060000002980232
      vertex 13.16 11.15111111111111 6.359999999999999
    endloop
  endfacet
  facet normal 0 1 0
    outer loop
      vertex 13.16 11.15111111111111 6.359999999999999
      vertex 13.16 11.15111111111111 7.060000002980232
      vertex 14.16 11.15111111111111 6.359999999999999
    endloop
  endfacet
  facet normal 0 1 0
    outer loop
      vertex 13.16 11.15111111111111 7.060000002980232
      vertex 14.16 11.15111111111111 7.959999999999999
      vertex 14.16 11.15111111111111 6.359999999999999
    endloop
  endfacet
  facet normal -0.7399400715817165 0 0.6726727959919625
    outer loop
      vertex 13.16 11.15111111111111 7.060000002980232
      vertex 14.16 2.1511111111111108 8.159999997019767
      vertex 14.16 11.15111111111111 8.159999997019767
    endloop
  endfacet
  facet normal 1 0 0
    outer loop
      vertex 14.16 11.15111111111111 8.159999997019767
      vertex 14.16 5.1 7.959999999999999
      vertex 14.16 6.299999999999999 7.959999999999999
    endloop
  endfacet
  facet normal 0 1 0
    outer loop
      vertex 13.16 11.15111111111111 7.060000002980232
      vertex 14.16 11.15111111111111 8.159999997019767
      vertex 14.16 11.15111111111111 7.959999999999999
    endloop
  endfacet
  facet normal 1 0 0
    outer loop
      vertex 14.16 11.15111111111111 8.159999997019767
      vertex 14.16 6.299999999999999 7.959999999999999
      vertex 14.16 11.15111111111111 7.959999999999999
    endloop
  endfacet
  facet normal 0 -1 0
    outer loop
      vertex -17.059999998509884 -10.475499999999998 6.859999999999999
      vertex -16.16 -10.475499999999998 6.359999999999999
      vertex -16.16 -10.475499999999998 7.359999999999999
    endloop
  endfacet
  facet normal -0.48564293179306406 0 -0.8741572757801866
    outer loop
      vertex -17.059999998509884 -10.475499999999998 6.859999999999999
      vertex -16.16 -6.299999999999999 6.359999999999999
      vertex -16.16 -10.475499999999998 6.359999999999999
    endloop
  endfacet
  facet normal -0.48564293179306406 0 -0.8741572757801865
    outer loop
      vertex -17.059999998509884 -10.475499999999998 6.859999999999999
      vertex -16.16 -5.1 6.359999999999999
      vertex -16.16 -6.299999999999999 6.359999999999999
    endloop
  endfacet
  facet normal 1 0 0
    outer loop
      vertex -16.16 -6.299999999999999 7.359999999999999
      vertex -16.16 -6.299999999999999 6.359999999999999
      vertex -16.16 -5.1 6.359999999999999
    endloop
  endfacet
  facet normal 1 0 0
    outer loop
      vertex -16.16 -5.1 6.359999999999999
      vertex -16.16 -5.1 7.359999999999999
      vertex -16.16 -6.299999999999999 7.359999999999999
    endloop
  endfacet
  facet normal -0.4856429317930641 0 -0.8741572757801865
    outer loop
      vertex -17.059999998509884 -10.475499999999998 6.859999999999999
      vertex -16.16 5.1 6.359999999999999
      vertex -16.16 -5.1 6.359999999999999
    endloop
  endfacet
  facet normal -0.4856429317930641 0 0.8741572757801866
    outer loop
      vertex -17.059999998509884 -10.475499999999998 6.859999999999999
      vertex -16.16 -10.475499999999998 7.359999999999999
      vertex -17.059999998509884 10.475499999999998 6.859999999999999
    endloop
  endfacet
  facet normal -0.48564293179306417 0 0.8741572757801865
    outer loop
      vertex -17.059999998509884 10.475499999999998 6.859999999999999
      vertex -16.16 -10.475499999999998 7.359999999999999
      vertex -16.16 -6.299999999999999 7.359999999999999
    endloop
  endfacet
  facet normal -0.485642931793064 0 0.8741572757801866
    outer loop
      vertex -17.059999998509884 10.475499999999998 6.859999999999999
      vertex -16.16 -6.299999999999999 7.359999999999999
      vertex -16.16 -5.1 7.359999999999999
    endloop
  endfacet
  facet normal -0.485642931793064 0 -0.8741572757801866
    outer loop
      vertex -17.059999998509884 -10.475499999999998 6.859999999999999
      vertex -16.16 6.299999999999999 6.359999999999999
      vertex -16.16 5.1 6.359999999999999
    endloop
  endfacet
  facet normal -0.48564293179306417 0 -0.8741572757801865
    outer loop
      vertex -17.059999998509884 -10.475499999999998 6.859999999999999
      vertex -16.16 10.475499999999998 6.359999999999999
      vertex -16.16 6.299999999999999 6.359999999999999
    endloop
  endfacet
  facet normal -0.4856429317930641 0 -0.8741572757801866
    outer loop
      vertex -17.059999998509884 -10.475499999999998 6.859999999999999
      vertex -17.059999998509884 10.475499999999998 6.859999999999999
      vertex -16.16 10.475499999999998 6.359999999999999
    endloop
  endfacet
  facet normal -0.4856429317930641 0 0.8741572757801865
    outer loop
      vertex -17.059999998509884 10.475499999999998 6.859999999999999
      vertex -16.16 -5.1 7.359999999999999
      vertex -16.16 5.1 7.359999999999999
    endloop
  endfacet
  facet normal 1 0 0
    outer loop
      vertex -16.16 5.1 7.359999999999999
      vertex -16.16 5.1 6.359999999999999
      vertex -16.16 6.299999999999999 6.359999999999999
    endloop
  endfacet
  facet normal 1 0 0
    outer loop
      vertex -16.16 6.299999999999999 6.359999999999999
      vertex -16.16 6.299999999999999 7.359999999999999
      vertex -16.16 5.1 7.359999999999999
    endloop
  endfacet
  facet normal -0.48564293179306406 0 0.8741572757801865
    outer loop
      vertex -17.059999998509884 10.475499999999998 6.859999999999999
      vertex -16.16 5.1 7.359999999999999
      vertex -16.16 6.299999999999999 7.359999999999999
    endloop
  endfacet
  facet normal 0 1 0
    outer loop
      vertex -17.059999998509884 10.475499999999998 6.859999999999999
      vertex -16.16 10.475499999999998 7.359999999999999
      vertex -16.16 10.475499999999998 6.359999999999999
    endloop
  endfacet
  facet normal -0.48564293179306406 0 0.8741572757801866
    outer loop
      vertex -17.059999998509884 10.475499999999998 6.859999999999999
      vertex -16.16 6.299999999999999 7.359999999999999
      vertex -16.16 10.475499999999998 7.359999999999999
    endloop
  endfacet
  facet normal 0 -1 0
    outer loop
      vertex 17.059999998509884 -10.475499999999998 6.859999999999999
      vertex 16.16 -10.475499999999998 7.359999999999999
      vertex 16.16 -10.475499999999998 6.359999999999999
    endloop
  endfacet
  facet normal 0.48564293179306406 0 0.8741572757801866
    outer loop
      vertex 17.059999998509884 -10.475499999999998 6.859999999999999
      vertex 16.16 -6.299999999999999 7.359999999999999
      vertex 16.16 -10.475499999999998 7.359999999999999
    endloop
  endfacet
  facet normal -1 0 0
    outer loop
      vertex 16.16 -6.299999999999999 6.359999999999999
      vertex 16.16 -6.299999999999999 7.359999999999999
      vertex 16.16 -5.1 7.359999999999999
    endloop
  endfacet
  facet normal -1 0 0
    outer loop
      vertex 16.16 -5.1 7.359999999999999
      vertex 16.16 -5.1 6.359999999999999
      vertex 16.16 -6.299999999999999 6.359999999999999
    endloop
  endfacet
  facet normal 0.48564293179306406 0 0.8741572757801865
    outer loop
      vertex 17.059999998509884 -10.475499999999998 6.859999999999999
      vertex 16.16 -5.1 7.359999999999999
      vertex 16.16 -6.299999999999999 7.359999999999999
    endloop
  endfacet
  facet normal 0.48564293179306417 0 -0.8741572757801865
    outer loop
      vertex 17.059999998509884 10.475499999999998 6.859999999999999
      vertex 16.16 -10.475499999999998 6.359999999999999
      vertex 16.16 -6.299999999999999 6.359999999999999
    endloop
  endfacet
  facet normal 0.4856429317930641 0 -0.8741572757801866
    outer loop
      vertex 17.059999998509884 -10.475499999999998 6.859999999999999
      vertex 16.16 -10.475499999999998 6.359999999999999
      vertex 17.059999998509884 10.475499999999998 6.859999999999999
    endloop
  endfacet
  facet normal 0.485642931793064 0 -0.8741572757801866
    outer loop
      vertex 17.059999998509884 10.475499999999998 6.859999999999999
      vertex 16.16 -6.299999999999999 6.359999999999999
      vertex 16.16 -5.1 6.359999999999999
    endloop
  endfacet
  facet normal 0.4856429317930641 0 0.8741572757801865
    outer loop
      vertex 17.059999998509884 -10.475499999999998 6.859999999999999
      vertex 16.16 5.1 7.359999999999999
      vertex 16.16 -5.1 7.359999999999999
    endloop
  endfacet
  facet normal 0.4856429317930641 0 -0.8741572757801865
    outer loop
      vertex 17.059999998509884 10.475499999999998 6.859999999999999
      vertex 16.16 -5.1 6.359999999999999
      vertex 16.16 5.1 6.359999999999999
    endloop
  endfacet
  facet normal 0.4856429317930641 0 0.8741572757801866
    outer loop
      vertex 17.059999998509884 -10.475499999999998 6.859999999999999
      vertex 17.059999998509884 10.475499999999998 6.859999999999999
      vertex 16.16 10.475499999999998 7.359999999999999
    endloop
  endfacet
  facet normal 0.485642931793064 0 0.8741572757801866
    outer loop
      vertex 17.059999998509884 -10.475499999999998 6.859999999999999
      vertex 16.16 6.299999999999999 7.359999999999999
      vertex 16.16 5.1 7.359999999999999
    endloop
  endfacet
  facet normal 0.48564293179306417 0 0.8741572757801865
    outer loop
      vertex 17.059999998509884 -10.475499999999998 6.859999999999999
      vertex 16.16 10.475499999999998 7.359999999999999
      vertex 16.16 6.299999999999999 7.359999999999999
    endloop
  endfacet
  facet normal -1 0 0
    outer loop
      vertex 16.16 5.1 6.359999999999999
      vertex 16.16 5.1 7.359999999999999
      vertex 16.16 6.299999999999999 7.359999999999999
    endloop
  endfacet
  facet normal 0.48564293179306406 0 -0.8741572757801865
    outer loop
      vertex 17.059999998509884 10.475499999999998 6.859999999999999
      vertex 16.16 5.1 6.359999999999999
      vertex 16.16 6.299999999999999 6.359999999999999
    endloop
  endfacet
  facet normal -1 0 0
    outer loop
      vertex 16.16 6.299999999999999 7.359999999999999
      vertex 16.16 6.299999999999999 6.359999999999999
      vertex 16.16 5.1 6.359999999999999
    endloop
  endfacet
  facet normal 0.48564293179306406 0 -0.8741572757801866
    outer loop
      vertex 17.059999998509884 10.475499999999998 6.859999999999999
      vertex 16.16 6.299999999999999 6.359999999999999
      vertex 16.16 10.475499999999998 6.359999999999999
    endloop
  endfacet
  facet normal 0 1 0
    outer loop
      vertex 17.059999998509884 10.475499999999998 6.859999999999999
      vertex 16.16 10.475499999999998 6.359999999999999
      vertex 16.16 10.475499999999998 7.359999999999999
    endloop
  endfacet
endsolid OpenSCAD_Model
